0,2017-11-01 08:55:00,10.498377917716596,,,2017-11-01 09:25:00,10.538270404912762
1,2017-11-01 11:30:00,10.52513999980776,,,2017-11-01 11:55:00,10.506496000144145
2,2017-11-01 12:55:00,10.40442160072802,,,2017-11-01 13:45:00,10.38040979959983
3,2017-11-01 16:50:00,10.30963817658264,,,2017-11-01 17:15:00,10.400135943532003
4,2017-11-01 18:50:00,10.37076412442722,,,2017-11-01 19:55:00,10.415691875038746
5,2017-11-01 20:50:00,10.332239717747228,,,2017-11-01 22:45:00,10.2705165832869
6,2017-11-02 00:05:00,10.15499999976,,,2017-11-02 00:35:00,10.1679307
7,2017-11-02 02:10:00,10.068577652141665,,,2017-11-02 02:35:00,10.06549448
8,2017-11-02 06:00:00,9.917970484652445,,,2017-11-02 06:10:00,9.9869877
9,2017-11-02 07:25:00,9.90389269954002,,,2017-11-02 08:15:00,9.9519893
10,2017-11-02 09:40:00,9.72491703,,,2017-11-02 10:50:00,9.66678412
11,2017-11-02 18:40:00,9.883978359669769,,,2017-11-02 18:55:00,9.84173554
12,2017-11-02 20:15:00,9.980909556520745,,,2017-11-02 20:35:00,9.9632247
13,2017-11-02 21:45:00,9.883717068177942,,,2017-11-02 23:25:00,9.872072679
14,2017-11-03 01:30:00,10.33355128092,,,2017-11-03 05:05:00,9.9882898643331
15,2017-11-03 07:10:00,10.162854677277863,,,2017-11-03 09:55:00,10.182997499958466
16,2017-11-03 11:35:00,10.24386795,,,2017-11-03 12:25:00,10.365728000456642
17,2017-11-03 13:45:00,10.53376099989794,,,2017-11-03 14:45:00,10.746836596999865
18,2017-11-03 16:30:00,10.8494914515966,,,2017-11-03 17:40:00,10.887655644
19,2017-11-03 20:45:00,12.16238351994924,,,2017-11-03 22:30:00,11.483902199631618
20,2017-11-04 01:50:00,11.33153995019384,,,2017-11-04 02:15:00,11.4273632256
21,2017-11-04 04:45:00,11.62803702185,,,2017-11-04 06:55:00,11.32525293119994
22,2017-11-04 08:15:00,11.437087426664924,,,2017-11-04 09:30:00,11.42462749990413
23,2017-11-04 12:05:00,11.68414253809543,,,2017-11-04 12:25:00,11.921936698703853
24,2017-11-04 18:45:00,11.85339366,,,2017-11-04 19:10:00,11.925408000194302
25,2017-11-04 21:00:00,11.839556,,,2017-11-04 21:25:00,11.678753999984218
26,2017-11-05 02:40:00,11.812061699984,,,2017-11-05 03:50:00,11.8244852622
27,2017-11-05 05:00:00,11.79179032,,,2017-11-05 05:30:00,11.829997839984127
28,2017-11-05 11:30:00,12.098404352075123,,,2017-11-05 11:50:00,12.38070256
29,2017-11-05 13:05:00,12.629791,,,2017-11-05 13:20:00,13.140182799381025
30,2017-11-05 15:10:00,13.1801504650025,,,2017-11-05 16:40:00,13.642196869837184
31,2017-11-05 19:25:00,13.475230992622022,,,2017-11-05 20:05:00,13.39475367
32,2017-11-05 21:35:00,13.26053519994653,,,2017-11-05 22:05:00,13.447428957401264
33,2017-11-05 23:25:00,13.090648800017885,,,2017-11-06 01:35:00,13.140428399964234
34,2017-11-06 04:25:00,13.54863150594315,,,2017-11-06 05:00:00,13.526331921438324
35,2017-11-06 07:35:00,13.70562512964414,,,2017-11-06 07:50:00,14.108960047883691
36,2017-11-06 09:25:00,14.81381075316392,,,2017-11-06 13:15:00,14.83274661150711
37,2017-11-06 14:45:00,14.77495663547906,,,2017-11-06 16:00:00,14.6137905
38,2017-11-06 18:00:00,14.305373754963354,,,2017-11-06 18:20:00,14.20376299991998
39,2017-11-06 19:10:00,13.869324566940396,,,2017-11-06 19:40:00,14.01467040002005
40,2017-11-06 21:25:00,14.4414924962544,,,2017-11-07 00:25:00,13.9554927608558
41,2017-11-07 06:00:00,14.071154999113162,,,2017-11-07 06:20:00,14.05685984588406
42,2017-11-07 10:00:00,14.271818580020044,,,2017-11-07 10:25:00,14.34518339979934
43,2017-11-07 12:35:00,14.127459221645935,,,2017-11-07 14:25:00,13.694778720077634
44,2017-11-07 15:40:00,13.50780485,,,2017-11-07 15:45:00,13.608874695
45,2017-11-07 17:50:00,13.413454266506312,,,2017-11-07 18:00:00,13.44636315676
46,2017-11-07 23:25:00,13.39901630628505,,,2017-11-08 00:00:00,13.605393935
47,2017-11-08 02:30:00,13.785622584571014,,,2017-11-08 03:05:00,13.908685178687763
48,2017-11-08 04:50:00,13.9042057,,,2017-11-08 06:30:00,13.866758839343074
49,2017-11-08 10:10:00,13.909197751,,,2017-11-08 11:15:00,13.80002018571813
50,2017-11-08 12:30:00,13.71051621274383,,,2017-11-08 13:30:00,13.6724642
51,2017-11-08 16:40:00,13.945059920056243,,,2017-11-08 17:10:00,14.0078048
52,2017-11-08 18:10:00,13.979403501,,,2017-11-08 18:25:00,13.996029206315372
53,2017-11-08 19:30:00,13.742945249981238,,,2017-11-08 21:45:00,13.773682230019237
54,2017-11-09 01:20:00,13.968850488523112,,,2017-11-09 01:40:00,14.076449012657337
55,2017-11-09 03:30:00,14.0036752152,,,2017-11-09 04:40:00,13.928492700496763
56,2017-11-09 07:20:00,14.332862100000002,,,2017-11-09 07:55:00,14.313901598353985
57,2017-11-09 18:30:00,14.43959415985946,,,2017-11-09 20:15:00,14.338350899980004
58,2017-11-09 21:25:00,14.092380763608194,,,2017-11-09 22:35:00,13.99320599994069
59,2017-11-09 23:55:00,13.8994596,,,2017-11-10 00:40:00,13.96605585375
60,2017-11-10 06:20:00,14.6096486,,,2017-11-10 06:25:00,14.5670022
61,2017-11-10 09:15:00,15.0888937338,,,2017-11-10 10:15:00,15.169820400021424
62,2017-11-10 13:05:00,14.160250733088413,,,2017-11-10 13:25:00,13.8121681221
63,2017-11-10 17:55:00,14.020702760533318,,,2017-11-10 19:05:00,13.756169360126052
64,2017-11-10 20:35:00,14.080607013504409,,,2017-11-10 21:30:00,14.54678666
65,2017-11-10 23:30:00,14.406033839585849,,,2017-11-11 00:15:00,14.404924474051995
66,2017-11-11 02:35:00,14.81350527578383,,,2017-11-11 03:05:00,14.989346701011682
67,2017-11-11 04:55:00,15.464505059822107,,,2017-11-11 05:05:00,15.7195850707163
68,2017-11-11 08:20:00,17.287399999999998,,,2017-11-11 10:05:00,16.893715624565296
69,2017-11-11 13:45:00,17.3352218151269,,,2017-11-11 14:10:00,17.83425
70,2017-11-11 18:50:00,18.084140999621425,,,2017-11-11 19:25:00,18.19413441
71,2017-11-11 21:55:00,18.398629522904052,,,2017-11-11 22:05:00,18.553823000167117
72,2017-11-12 01:50:00,20.118796656594235,,,2017-11-12 02:55:00,20.226611999276447
73,2017-11-12 11:30:00,16.084498610578628,,,2017-11-12 12:05:00,16.190767669843474
74,2017-11-12 13:55:00,16.315637760318666,,,2017-11-12 14:30:00,16.604937157303965
75,2017-11-12 18:25:00,16.635918650571305,,,2017-11-12 20:35:00,15.910207793184076
76,2017-11-12 21:45:00,15.23949385111453,,,2017-11-12 22:25:00,14.844079758749102
77,2017-11-13 01:45:00,15.187954387208228,,,2017-11-13 03:25:00,15.305950645812
78,2017-11-13 04:35:00,14.976920160047104,,,2017-11-13 06:10:00,14.467360586802084
79,2017-11-13 08:45:00,14.931096060119811,,,2017-11-13 09:15:00,15.204604164920836
80,2017-11-13 15:10:00,15.23745783009419,,,2017-11-13 15:45:00,15.465712554056667
81,2017-11-13 17:15:00,15.370954087240085,,,2017-11-13 17:55:00,15.348203167424256
82,2017-11-13 22:35:00,15.79423955,,,2017-11-14 00:15:00,15.994307126328144
83,2017-11-14 01:50:00,16.188309137614034,,,2017-11-14 02:20:00,16.879116305443365
84,2017-11-14 03:55:00,17.060393070593452,,,2017-11-14 04:35:00,18.1292428801096
85,2017-11-14 08:30:00,17.189828921734,,,2017-11-14 09:45:00,17.080427063253726
86,2017-11-14 10:50:00,17.00211636031182,,,2017-11-14 12:05:00,16.447921919974092
87,2017-11-14 13:55:00,16.7278496,,,2017-11-14 15:25:00,16.737062400387433
88,2017-11-14 19:30:00,16.85376558,,,2017-11-14 19:55:00,16.98782569
89,2017-11-14 21:30:00,16.938182399793437,,,2017-11-14 22:05:00,17.191002880203527
90,2017-11-14 23:55:00,17.370533401031,,,2017-11-15 01:25:00,17.426674399560458
91,2017-11-15 02:35:00,17.22149264005023,,,2017-11-15 03:35:00,17.2560232681241
92,2017-11-15 05:50:00,17.62495,,,2017-11-15 07:05:00,17.7462381
93,2017-11-15 08:20:00,17.4765243,,,2017-11-15 10:35:00,17.37360619115217
94,2017-11-15 12:40:00,17.15374500012075,,,2017-11-15 13:45:00,17.139688799757913
95,2017-11-15 14:50:00,17.1085025950245,,,2017-11-15 16:40:00,16.7505327937684
96,2017-11-15 20:25:00,16.824294923315257,,,2017-11-15 21:05:00,16.806245192185852
97,2017-11-15 21:50:00,16.80126039983878,,,2017-11-15 22:50:00,16.909893570186036
98,2017-11-16 00:50:00,17.05418075464489,,,2017-11-16 01:50:00,16.999058282769518
99,2017-11-16 03:00:00,16.800433297315976,,,2017-11-16 03:15:00,16.822178859304927
100,2017-11-16 05:30:00,16.883435760281703,,,2017-11-16 06:05:00,16.859117999976633
101,2017-11-16 08:35:00,16.653104499999998,,,2017-11-16 08:55:00,16.640584222620152
102,2017-11-16 09:35:00,16.47438668849543,,,2017-11-16 09:45:00,16.562244
103,2017-11-16 10:40:00,16.38132200728036,,,2017-11-16 11:00:00,16.374612375
104,2017-11-16 13:10:00,16.492149395282116,,,2017-11-16 14:25:00,16.34615600004418
105,2017-11-16 16:40:00,16.74673260006751,,,2017-11-16 17:45:00,16.736412
106,2017-11-16 18:45:00,16.67276904019357,,,2017-11-16 19:50:00,16.72178816047079
107,2017-11-17 00:05:00,16.7800908,,,2017-11-17 00:30:00,17.065383299871122
108,2017-11-17 02:05:00,16.818132799806936,,,2017-11-17 02:45:00,17.020200722113202
109,2017-11-17 04:45:00,16.7897302,,,2017-11-17 05:10:00,16.892557240129083
110,2017-11-17 08:05:00,16.81839140557299,,,2017-11-17 08:15:00,16.773784399282984
111,2017-11-17 10:25:00,17.391348,,,2017-11-17 12:35:00,17.053357446843698
112,2017-11-17 17:05:00,17.259537444860406,,,2017-11-17 17:50:00,17.408823429977797
113,2017-11-17 19:40:00,17.22510537,,,2017-11-17 21:40:00,17.1264
114,2017-11-18 00:55:00,16.929931264242285,,,2017-11-18 01:15:00,16.972799189675527
115,2017-11-18 05:40:00,17.329457719818585,,,2017-11-18 07:15:00,17.2592996436512
116,2017-11-18 09:40:00,17.352149687240946,,,2017-11-18 10:55:00,17.330408882030014
117,2017-11-18 13:00:00,17.380542752842707,,,2017-11-18 14:35:00,17.390522374285712
118,2017-11-18 16:30:00,17.80764570986857,,,2017-11-18 16:50:00,17.98435674966739
119,2017-11-18 20:00:00,17.688913091029484,,,2017-11-18 20:15:00,17.641747010000003
120,2017-11-18 22:40:00,17.64710178031768,,,2017-11-18 23:05:00,17.71730025981826
121,2017-11-19 00:40:00,17.775264,,,2017-11-19 02:00:00,17.59428496
122,2017-11-19 04:10:00,17.752651198728707,,,2017-11-19 04:35:00,17.79788106255263
123,2017-11-19 05:45:00,17.870184701222996,,,2017-11-19 06:05:00,17.899475984172067
124,2017-11-19 10:55:00,17.98122148,,,2017-11-19 11:20:00,18.020303740069505
125,2017-11-19 13:25:00,17.920039421863926,,,2017-11-19 13:45:00,18.02914875002321
126,2017-11-19 15:00:00,17.981767000069283,,,2017-11-19 16:10:00,17.917657646
127,2017-11-19 21:20:00,17.856232640398183,,,2017-11-19 21:45:00,17.862517848695294
128,2017-11-19 23:30:00,18.02091544901759,,,2017-11-20 01:00:00,18.047455999798228
129,2017-11-20 03:00:00,18.386485639914515,,,2017-11-20 04:05:00,18.389128930023013
130,2017-11-20 05:30:00,18.342022336653816,,,2017-11-20 06:00:00,18.316628171142504
131,2017-11-20 08:05:00,18.360319219657377,,,2017-11-20 08:20:00,18.48352704
132,2017-11-20 10:40:00,18.69496494140041,,,2017-11-20 11:00:00,18.73265283898987
133,2017-11-20 12:50:00,18.569859710000003,,,2017-11-20 13:10:00,18.65508200002275
134,2017-11-20 15:20:00,18.66466368070493,,,2017-11-20 15:35:00,18.650982650022804
135,2017-11-20 16:45:00,18.75551497029615,,,2017-11-20 17:05:00,18.81330038151543
136,2017-11-20 20:35:00,18.81708975175984,,,2017-11-20 20:55:00,18.868922880022858
137,2017-11-20 23:10:00,18.7466170500452,,,2017-11-21 00:40:00,18.443745740044733
138,2017-11-21 07:10:00,17.88527942668,,,2017-11-21 07:50:00,18.060137044149563
139,2017-11-21 11:20:00,18.066914198874265,,,2017-11-21 11:45:00,18.091745904
140,2017-11-21 14:45:00,18.286403828198,,,2017-11-21 14:50:00,18.3480834
141,2017-11-21 16:15:00,18.4211633940068,,,2017-11-21 17:45:00,18.07723746314232
142,2017-11-21 20:40:00,17.88303864359314,,,2017-11-21 21:00:00,17.934302020863313
143,2017-11-21 23:00:00,17.7418368,,,2017-11-21 23:20:00,17.706178750124373
144,2017-11-22 01:35:00,17.810314459388795,,,2017-11-22 02:05:00,17.86956899997814
145,2017-11-22 03:10:00,17.866360616451114,,,2017-11-22 04:05:00,17.943431781911308
146,2017-11-22 06:10:00,17.89672445989038,,,2017-11-22 06:20:00,17.97994010321989
147,2017-11-22 09:50:00,18.00789584,,,2017-11-22 10:15:00,17.9606663649395
148,2017-11-22 12:20:00,17.895649127077043,,,2017-11-22 13:05:00,17.813396800064858
149,2017-11-22 14:25:00,17.705168860774247,,,2017-11-22 14:30:00,17.79155783672234
150,2017-11-22 17:00:00,17.80768205994783,,,2017-11-22 18:40:00,17.768420694651198
151,2017-11-22 20:35:00,17.8161105,,,2017-11-22 21:20:00,17.804312514030354
152,2017-11-23 00:20:00,18.05327969349748,,,2017-11-23 00:40:00,18.14967
153,2017-11-23 04:30:00,17.912637739822767,,,2017-11-23 04:45:00,17.872485219679028
154,2017-11-23 05:50:00,17.859017700065102,,,2017-11-23 08:45:00,17.763964286124
155,2017-11-23 12:45:00,18.20508916,,,2017-11-23 13:15:00,18.2954623161
156,2017-11-23 14:20:00,18.183922904072357,,,2017-11-23 14:50:00,18.479725000608852
157,2017-11-23 19:35:00,18.54301597550399,,,2017-11-23 20:00:00,18.5736179428514
158,2017-11-23 22:25:00,18.50420405,,,2017-11-24 00:35:00,18.059105777471967
159,2017-11-24 04:35:00,18.139655536271267,,,2017-11-24 05:15:00,18.092272450000003
160,2017-11-24 06:55:00,18.03388287993384,,,2017-11-24 08:10:00,17.739462307500002
161,2017-11-24 12:10:00,18.129402657440068,,,2017-11-24 12:45:00,18.130259842017733
162,2017-11-24 15:10:00,18.42403450477052,,,2017-11-24 16:00:00,18.514091430136094
163,2017-11-24 20:45:00,19.7375565,,,2017-11-24 21:05:00,19.902906472535168
164,2017-11-24 22:35:00,20.2359600034686,,,2017-11-24 23:05:00,20.4298098
165,2017-11-25 02:40:00,20.437499998675,,,2017-11-25 03:05:00,20.605117853005297
166,2017-11-25 06:10:00,21.14915166,,,2017-11-25 09:05:00,20.67749920002456
167,2017-11-25 13:15:00,21.38187024,,,2017-11-25 13:45:00,21.716834941259386
168,2017-11-25 16:00:00,22.27303718331855,,,2017-11-25 17:05:00,22.01890963815489
169,2017-11-25 17:50:00,21.89297699992407,,,2017-11-25 18:10:00,21.95717391
170,2017-11-25 21:05:00,22.027198801405923,,,2017-11-25 21:25:00,22.03191853170905
171,2017-11-25 23:15:00,21.588985600099893,,,2017-11-26 01:15:00,20.8743990634
172,2017-11-26 03:35:00,21.018227346437712,,,2017-11-26 04:10:00,21.137551199663527
173,2017-11-26 05:30:00,21.21394288002394,,,2017-11-26 07:20:00,20.722423081184004
174,2017-11-26 09:55:00,21.22853122197786,,,2017-11-26 10:50:00,21.390583706938227
175,2017-11-26 19:25:00,21.15698344865751,,,2017-11-26 20:10:00,21.138288990046
176,2017-11-27 01:00:00,21.79044910824724,,,2017-11-27 02:25:00,21.77816381810212
177,2017-11-27 03:30:00,21.662843399841545,,,2017-11-27 03:40:00,21.60930729884539
178,2017-11-27 06:05:00,21.986579,,,2017-11-27 06:25:00,22.085116642386744
179,2017-11-27 07:40:00,22.19277520932167,,,2017-11-27 10:20:00,21.3947037
180,2017-11-27 14:50:00,24.01443951937123,,,2017-11-27 15:20:00,24.7975389
181,2017-11-27 17:35:00,24.584575258785,,,2017-11-27 17:45:00,25.030415536786663
182,2017-11-27 19:10:00,24.796715279297324,,,2017-11-27 19:55:00,25.2873787926859
183,2017-11-27 21:35:00,25.8011609067758,,,2017-11-28 00:25:00,25.05668872362223
184,2017-11-28 05:35:00,27.9453048,,,2017-11-28 06:15:00,28.22449338
185,2017-11-28 08:50:00,28.33089902584751,,,2017-11-28 09:15:00,28.300103158020164
186,2017-11-28 13:00:00,30.3401967,,,2017-11-28 13:10:00,30.722453748367332
187,2017-11-28 15:25:00,31.78117779012906,,,2017-11-28 16:10:00,31.763555425
188,2017-11-28 17:15:00,30.72464072193666,,,2017-11-28 17:40:00,31.671768950928087
189,2017-11-28 22:15:00,31.673794798468627,,,2017-11-28 22:25:00,31.699379886031934
190,2017-11-29 00:00:00,31.447366,,,2017-11-29 02:45:00,29.58535272
191,2017-11-29 03:40:00,29.43112130460141,,,2017-11-29 03:45:00,29.504322425053797
192,2017-11-29 06:20:00,28.581735,,,2017-11-29 07:00:00,27.7934073
193,2017-11-29 09:40:00,30.059439498708983,,,2017-11-29 10:15:00,30.86980562953707
194,2017-11-29 15:55:00,28.759806919946826,,,2017-11-29 16:15:00,28.72351524339481
195,2017-11-29 17:50:00,27.61508389255733,,,2017-11-29 18:20:00,28.137795
196,2017-11-29 20:00:00,25.54447182,,,2017-11-29 20:15:00,25.939439459922937
197,2017-11-29 23:10:00,25.33642210007764,,,2017-11-30 00:15:00,25.6618696110951
198,2017-11-30 06:25:00,24.42121589973056,,,2017-11-30 06:50:00,24.97659300002473
199,2017-11-30 10:15:00,24.86086690514932,,,2017-11-30 11:25:00,24.191563500550092
200,2017-11-30 14:15:00,22.3821945456031,,,2017-11-30 14:45:00,21.97492330183857
201,2017-11-30 16:05:00,22.6037162,,,2017-11-30 17:50:00,23.43369275007373
202,2017-11-30 19:20:00,24.7902210284922,,,2017-11-30 19:40:00,25.265282
203,2017-11-30 21:10:00,25.251895199602124,,,2017-11-30 21:50:00,26.171234497781473
204,2017-11-30 23:30:00,26.124503838400003,,,2017-12-01 01:50:00,24.74519520821399
205,2017-12-01 03:55:00,24.917289213149832,,,2017-12-01 04:10:00,25.106857200387452
206,2017-12-01 06:05:00,25.249703036949217,,,2017-12-01 06:30:00,25.218403316914245
207,2017-12-01 07:30:00,24.417100117986575,,,2017-12-01 08:00:00,24.97688444352128
208,2017-12-01 11:05:00,26.081127918846,,,2017-12-01 11:35:00,26.025174
209,2017-12-01 17:45:00,28.6056000000274,,,2017-12-01 18:40:00,28.895500561015147
210,2017-12-01 21:50:00,29.900556,,,2017-12-02 00:15:00,29.469309780219877
211,2017-12-02 02:55:00,30.68777965621408,,,2017-12-02 05:00:00,29.611388941868917
212,2017-12-02 07:20:00,29.86985429969829,,,2017-12-02 07:55:00,29.96226047865266
213,2017-12-02 09:05:00,30.194121396526047,,,2017-12-02 09:25:00,30.307003999972743
214,2017-12-02 11:55:00,29.367133500482748,,,2017-12-02 12:15:00,29.2712099966625
215,2017-12-02 14:50:00,28.714781979392196,,,2017-12-02 15:10:00,28.86431650607309
216,2017-12-02 19:20:00,29.15342956320092,,,2017-12-02 20:50:00,28.837262083023543
217,2017-12-02 23:50:00,28.90196084960172,,,2017-12-03 00:10:00,28.987496772704084
218,2017-12-03 01:40:00,28.34126399330893,,,2017-12-03 02:05:00,28.48976459924132
219,2017-12-03 03:35:00,28.569037757489404,,,2017-12-03 04:00:00,29.080420551739497
220,2017-12-03 05:25:00,28.824937965573913,,,2017-12-03 05:50:00,29.367564
221,2017-12-03 06:55:00,29.20096064,,,2017-12-03 11:00:00,29.269126670016547
222,2017-12-03 13:10:00,30.227301,,,2017-12-03 15:00:00,30.098028052129862
223,2017-12-03 21:20:00,29.355227999922747,,,2017-12-03 22:20:00,28.567102551851633
224,2017-12-04 01:00:00,29.270766600025603,,,2017-12-04 01:30:00,29.18356904332848
225,2017-12-04 02:55:00,28.716076678928935,,,2017-12-04 03:20:00,28.946393039901302
226,2017-12-04 06:05:00,29.10128626077609,,,2017-12-04 07:15:00,28.850162561349993
227,2017-12-04 09:15:00,29.62580778289083,,,2017-12-04 11:00:00,28.656510753372544
228,2017-12-04 12:25:00,28.61009847948,,,2017-12-04 12:50:00,28.350008010488715
229,2017-12-04 13:40:00,28.268604848633327,,,2017-12-04 13:50:00,28.6072875
230,2017-12-04 18:55:00,28.322759429263424,,,2017-12-04 19:10:00,28.340601028703823
231,2017-12-04 21:50:00,29.032380376865895,,,2017-12-05 02:25:00,28.797317412563455
232,2017-12-05 04:40:00,28.30517952,,,2017-12-05 05:10:00,28.34008199992614
233,2017-12-05 09:10:00,28.859157599779135,,,2017-12-05 11:05:00,28.643016633087505
234,2017-12-05 12:45:00,28.53014639982916,,,2017-12-05 13:40:00,28.476
235,2017-12-05 14:00:00,28.550086673858004,,,2017-12-05 14:05:00,28.510102207698697
236,2017-12-05 15:15:00,28.405951435993043,,,2017-12-05 17:20:00,27.904067700454856
237,2017-12-05 19:10:00,28.832148599361467,,,2017-12-05 20:35:00,28.58614981270043
238,2017-12-06 01:40:00,27.41718281687748,,,2017-12-06 01:50:00,27.52829580789578
239,2017-12-06 03:20:00,26.7709696,,,2017-12-06 03:55:00,27.0490535999337
240,2017-12-06 05:35:00,26.98501029898078,,,2017-12-06 08:10:00,26.5233534596157
241,2017-12-06 10:50:00,26.9382,,,2017-12-06 11:55:00,26.539353365309925
242,2017-12-06 13:50:00,26.48659019934783,,,2017-12-06 14:05:00,26.534817733935
243,2017-12-06 19:35:00,26.85551385,,,2017-12-06 21:20:00,25.54082516994105
244,2017-12-06 23:10:00,24.51347329481665,,,2017-12-06 23:30:00,25.3950538869788
245,2017-12-07 00:55:00,23.990327706005367,,,2017-12-07 01:30:00,24.534422999771365
246,2017-12-07 03:20:00,25.093015518862952,,,2017-12-07 04:55:00,25.448523852158736
247,2017-12-07 06:05:00,25.295092919874396,,,2017-12-07 07:55:00,25.057403700071234
248,2017-12-07 10:40:00,24.42928459995038,,,2017-12-07 10:50:00,24.45596339995012
249,2017-12-07 12:30:00,24.73632,,,2017-12-07 12:45:00,25.8694015
250,2017-12-07 14:00:00,25.62235230010402,,,2017-12-07 16:35:00,23.587789250177728
251,2017-12-07 19:40:00,24.533924316000004,,,2017-12-07 19:55:00,24.695201673979337
252,2017-12-07 23:15:00,23.666813674059465,,,2017-12-07 23:35:00,23.341464
253,2017-12-08 01:20:00,22.4040492,,,2017-12-08 01:30:00,22.754757887760224
254,2017-12-08 04:40:00,24.174643751095317,,,2017-12-08 06:10:00,23.8695726
255,2017-12-08 07:55:00,23.98430391,,,2017-12-08 08:30:00,24.273899579984633
256,2017-12-08 10:15:00,23.99892595092035,,,2017-12-08 10:40:00,23.78785248
257,2017-12-08 13:40:00,24.397293983897672,,,2017-12-08 14:00:00,24.849698610183665
258,2017-12-08 15:30:00,24.9010425,,,2017-12-08 15:45:00,26.41488134960294
259,2017-12-08 16:55:00,25.735226550875176,,,2017-12-08 21:20:00,26.03888130005163
260,2017-12-08 22:50:00,26.09072511,,,2017-12-08 23:10:00,26.414097844540716
261,2017-12-09 02:20:00,26.935619227297465,,,2017-12-09 02:35:00,26.96685079977368
262,2017-12-09 05:15:00,27.807948,,,2017-12-09 05:30:00,28.216614998262155
263,2017-12-09 06:40:00,27.806787800602905,,,2017-12-09 09:05:00,29.71020000005942
264,2017-12-09 13:40:00,28.508537869425886,,,2017-12-09 16:05:00,28.13289999970897
265,2017-12-09 20:10:00,26.6048349,,,2017-12-09 20:35:00,26.9793136
266,2017-12-09 23:40:00,27.225063110242505,,,2017-12-10 01:45:00,25.346045999831897
267,2017-12-10 06:05:00,24.603527000055426,,,2017-12-10 08:05:00,24.634400000000003
268,2017-12-10 11:50:00,25.422109684211005,,,2017-12-10 12:40:00,25.579688660819127
269,2017-12-10 15:05:00,25.664532000052024,,,2017-12-10 15:30:00,25.81732999993294
270,2017-12-10 17:35:00,26.638554695757392,,,2017-12-10 20:00:00,26.18743008
271,2017-12-10 21:00:00,26.010734242330113,,,2017-12-10 22:25:00,25.290239999999997
272,2017-12-11 02:15:00,26.795475,,,2017-12-11 03:00:00,27.084778112555995
273,2017-12-11 04:30:00,26.53739625006583,,,2017-12-11 05:10:00,26.84845675
274,2017-12-11 07:40:00,27.991239659966283,,,2017-12-11 08:00:00,28.317103200068395
275,2017-12-11 09:40:00,27.773127179915267,,,2017-12-11 10:00:00,28.01884393424581
276,2017-12-11 11:25:00,27.70087319991544,,,2017-12-11 12:05:00,27.713461075985
277,2017-12-11 13:50:00,27.3344588800698,,,2017-12-11 14:20:00,27.45077226
278,2017-12-11 16:40:00,27.722391299982952,,,2017-12-11 18:35:00,26.847298603173243
279,2017-12-11 20:35:00,26.4111148992,,,2017-12-11 20:50:00,26.555071813995383
280,2017-12-11 23:20:00,26.361216,,,2017-12-11 23:30:00,26.2278016
281,2017-12-12 01:10:00,26.665068517206056,,,2017-12-12 03:10:00,27.235077365193693
282,2017-12-12 05:40:00,27.0848535640597,,,2017-12-12 07:05:00,27.036664296705
283,2017-12-12 10:50:00,26.866284390131284,,,2017-12-12 11:25:00,26.96615600009836
284,2017-12-12 12:45:00,27.212576999784947,,,2017-12-12 13:00:00,27.681745999708617
285,2017-12-12 14:55:00,28.22965817981341,,,2017-12-12 15:15:00,28.494187960679017
286,2017-12-12 17:20:00,29.6144759,,,2017-12-12 18:50:00,28.56760800003464
287,2017-12-12 21:05:00,28.028410678987772,,,2017-12-12 21:20:00,28.230693974717845
288,2017-12-12 23:00:00,28.086426532977026,,,2017-12-12 23:40:00,28.73582806481447
289,2017-12-13 00:55:00,28.61743499951437,,,2017-12-13 01:10:00,29.16774126007141
290,2017-12-13 02:25:00,28.040128543129345,,,2017-12-13 03:20:00,27.538768799897245
291,2017-12-13 07:10:00,28.29463156671757,,,2017-12-13 07:50:00,28.67432724975135
292,2017-12-13 09:05:00,28.724355161525885,,,2017-12-13 09:25:00,29.497146095446592
293,2017-12-13 10:45:00,29.491575399610166,,,2017-12-13 12:30:00,29.741656060018265
294,2017-12-13 13:45:00,29.38648127911812,,,2017-12-13 14:25:00,29.66782000091
295,2017-12-13 19:00:00,28.42109375001819,,,2017-12-13 19:10:00,28.1819999993961
296,2017-12-13 21:10:00,28.231996799639894,,,2017-12-13 21:30:00,28.54077800001801
297,2017-12-14 00:30:00,28.841207599730325,,,2017-12-14 00:40:00,29.063465200018182
298,2017-12-14 02:10:00,30.18770127977257,,,2017-12-14 04:15:00,30.76944649992235
299,2017-12-14 06:05:00,30.489436872872187,,,2017-12-14 06:25:00,30.7741170100196
300,2017-12-14 08:45:00,30.570319920245133,,,2017-12-14 09:15:00,31.160950077065245
301,2017-12-14 10:45:00,30.568781200376,,,2017-12-14 11:15:00,31.25395407597332
302,2017-12-14 12:40:00,31.0453236,,,2017-12-14 13:55:00,30.88860058058195
303,2017-12-14 15:20:00,29.099260400254938,,,2017-12-14 15:45:00,29.740581503091757
304,2017-12-14 17:15:00,29.862354916466757,,,2017-12-14 18:55:00,30.070092621064923
305,2017-12-14 21:15:00,31.0489600002674,,,2017-12-14 23:35:00,31.234594994853666
306,2017-12-15 01:35:00,29.94092375821948,,,2017-12-15 03:10:00,28.70357050865618
307,2017-12-15 12:00:00,28.95791787235234,,,2017-12-15 12:35:00,29.24599529998373
308,2017-12-15 16:50:00,30.182169505051487,,,2017-12-15 17:25:00,30.553471619947917
309,2017-12-15 18:45:00,30.298172979119997,,,2017-12-15 19:50:00,30.128409170217
310,2017-12-16 00:55:00,30.691053335176093,,,2017-12-16 01:25:00,31.529541036991382
311,2017-12-16 05:25:00,35.64087362,,,2017-12-16 06:00:00,36.438310008428054
312,2017-12-16 07:10:00,34.653325090273334,,,2017-12-16 07:55:00,35.263265700000005
313,2017-12-16 10:45:00,35.433749387004546,,,2017-12-16 11:25:00,36.13242519979781
314,2017-12-16 12:40:00,36.033997999899896,,,2017-12-16 16:05:00,33.934145199635985
315,2017-12-16 20:00:00,34.03010915998238,,,2017-12-16 20:30:00,33.8802932
316,2017-12-16 23:35:00,33.52749606,,,2017-12-16 23:50:00,33.75517133
317,2017-12-17 03:20:00,34.2654059489549,,,2017-12-17 03:45:00,34.552512017600186
318,2017-12-17 06:55:00,34.39032960005329,,,2017-12-17 07:55:00,34.399194000685874
319,2017-12-17 17:10:00,33.88311429021155,,,2017-12-17 17:45:00,33.96181500024822
320,2017-12-17 19:55:00,34.175921372536905,,,2017-12-17 20:15:00,34.3384391267124
321,2017-12-18 01:35:00,32.1541771,,,2017-12-18 01:50:00,32.383784572618254
322,2017-12-18 05:45:00,33.19673237395233,,,2017-12-18 05:55:00,33.72641552312278
323,2017-12-18 11:35:00,35.71868996909759,,,2017-12-18 13:00:00,36.28343380011543
324,2017-12-18 23:20:00,38.52282699985727,,,2017-12-18 23:45:00,38.36624387205328
325,2017-12-19 03:00:00,39.94311135008551,,,2017-12-19 03:35:00,40.66837397
326,2017-12-19 04:50:00,39.73995150027443,,,2017-12-19 05:35:00,40.2508827977792
327,2017-12-19 06:50:00,40.06407342363619,,,2017-12-19 07:55:00,40.63053960246444
328,2017-12-19 17:20:00,39.31291188015245,,,2017-12-19 18:35:00,39.41286704546935
329,2017-12-19 22:05:00,35.84851199997866,,,2017-12-19 22:20:00,37.2816634001961
330,2017-12-20 01:00:00,34.80325920004273,,,2017-12-20 01:40:00,34.83871960013032
331,2017-12-20 04:40:00,38.46029559993037,,,2017-12-20 04:45:00,39.100472112909145
332,2017-12-20 06:00:00,38.1038284026448,,,2017-12-20 07:15:00,37.5381873
333,2017-12-20 11:30:00,39.986718800513785,,,2017-12-20 13:00:00,40.90562734546731
334,2017-12-20 16:40:00,37.849647111680774,,,2017-12-20 17:05:00,38.74161564006896
335,2017-12-20 18:55:00,39.25440810081852,,,2017-12-20 19:55:00,39.650017686791024
336,2017-12-21 01:35:00,38.46630536771423,,,2017-12-21 01:55:00,38.7734725
337,2017-12-21 03:30:00,39.89767255781072,,,2017-12-21 06:20:00,40.90476185997584
338,2017-12-21 10:55:00,40.72183771836264,,,2017-12-21 11:20:00,41.207214054115816
339,2017-12-21 12:55:00,40.852872151967965,,,2017-12-21 14:35:00,39.78290844
340,2017-12-21 18:10:00,35.766258,,,2017-12-21 18:35:00,36.05142197247781
341,2017-12-21 21:25:00,36.03884475100836,,,2017-12-21 21:45:00,37.09437805914626
342,2017-12-22 01:25:00,35.05939523480433,,,2017-12-22 02:30:00,34.18973632721348
343,2017-12-22 04:00:00,30.502397650965104,,,2017-12-22 04:20:00,31.621631999977858
344,2017-12-22 06:20:00,30.779761740157248,,,2017-12-22 08:10:00,26.47487365477824
345,2017-12-22 11:45:00,27.78190245997665,,,2017-12-22 12:30:00,28.11315929074152
346,2017-12-22 13:45:00,25.43536409998,,,2017-12-22 14:50:00,24.263552014055826
347,2017-12-22 16:45:00,26.330910000082937,,,2017-12-22 17:25:00,27.583499999978997
348,2017-12-22 18:30:00,27.64837392021255,,,2017-12-22 18:45:00,28.58235
349,2017-12-22 20:05:00,27.829952024732947,,,2017-12-22 20:35:00,29.19118631
350,2017-12-22 22:05:00,29.65094088002129,,,2017-12-22 22:50:00,30.0640692
351,2017-12-23 00:10:00,28.23883135653228,,,2017-12-23 00:30:00,29.549613399489317
352,2017-12-23 03:30:00,29.858674400212973,,,2017-12-23 03:50:00,30.71448576
353,2017-12-23 05:30:00,29.191864423466352,,,2017-12-23 06:40:00,28.010160358144695
354,2017-12-23 08:10:00,29.71764333125754,,,2017-12-23 10:10:00,29.13610292652724
355,2017-12-23 13:10:00,30.723619981613997,,,2017-12-23 14:15:00,31.049192499915797
356,2017-12-23 18:00:00,29.4681201343907,,,2017-12-23 18:30:00,30.229164999603896
357,2017-12-23 19:50:00,29.748141616088883,,,2017-12-23 20:25:00,29.85660000059508
358,2017-12-23 22:25:00,30.46300300020549,,,2017-12-24 00:45:00,28.439813737377797
359,2017-12-24 02:20:00,26.771895458604536,,,2017-12-24 03:30:00,26.499022679840703
360,2017-12-24 05:05:00,26.688919500000004,,,2017-12-24 05:55:00,26.76594986189747
361,2017-12-24 10:35:00,25.63383642801159,,,2017-12-24 10:50:00,25.97696
362,2017-12-24 16:05:00,25.926346996366277,,,2017-12-24 16:20:00,26.04721127893324
363,2017-12-24 18:35:00,25.380686797465486,,,2017-12-24 19:05:00,25.342785820779778
364,2017-12-24 22:10:00,25.891077859281346,,,2017-12-24 22:45:00,26.6964448
365,2017-12-25 00:35:00,27.69897480034736,,,2017-12-25 02:05:00,28.063
366,2017-12-25 03:20:00,27.28603592843689,,,2017-12-25 04:35:00,27.95897806435638
367,2017-12-25 05:45:00,27.83747778139256,,,2017-12-25 08:20:00,27.92489699810083
368,2017-12-25 10:10:00,28.464424072762263,,,2017-12-25 11:30:00,28.429518
369,2017-12-25 18:10:00,28.360644000082804,,,2017-12-25 18:20:00,28.57003972550995
370,2017-12-25 20:20:00,29.064822812442785,,,2017-12-25 21:50:00,28.265502217085498
371,2017-12-26 07:40:00,29.54841279523557,,,2017-12-26 08:05:00,29.626769126499997
372,2017-12-26 09:20:00,29.258041049764852,,,2017-12-26 09:45:00,29.620500000117
373,2017-12-26 15:40:00,29.11904496,,,2017-12-26 16:05:00,29.30131499998157
374,2017-12-26 18:00:00,29.43253306860911,,,2017-12-26 18:05:00,29.42181412
375,2017-12-26 20:10:00,29.59744,,,2017-12-26 21:20:00,29.31425980001872
376,2017-12-26 23:10:00,29.604037574262268,,,2017-12-26 23:40:00,29.818480160172385
377,2017-12-27 01:40:00,30.3073596,,,2017-12-27 03:00:00,30.382387008192
378,2017-12-27 05:30:00,30.1984956,,,2017-12-27 06:05:00,30.235183000624577
379,2017-12-27 11:00:00,29.59937639988667,,,2017-12-27 11:10:00,29.590371800170495
380,2017-12-27 13:45:00,29.6806987916596,,,2017-12-27 15:50:00,28.917748828234934
381,2017-12-27 17:25:00,28.326653199904868,,,2017-12-27 17:50:00,28.31142917975355
382,2017-12-27 19:10:00,28.745632,,,2017-12-27 21:10:00,28.433202330094495
383,2017-12-27 23:40:00,28.8050840004115,,,2017-12-28 01:35:00,28.78974956
384,2017-12-28 03:20:00,26.52664850001841,,,2017-12-28 03:45:00,26.321501849426145
385,2017-12-28 09:05:00,26.7335361,,,2017-12-28 09:40:00,27.272821879619837
386,2017-12-28 11:25:00,25.6032882,,,2017-12-28 11:45:00,25.6380270303292
387,2017-12-28 14:25:00,26.526041075564223,,,2017-12-28 14:55:00,27.074958799884953
388,2017-12-28 17:10:00,26.53881853299198,,,2017-12-28 17:55:00,26.41180884360408
389,2017-12-28 19:05:00,25.652057532105307,,,2017-12-28 19:30:00,25.845455937075624
390,2017-12-28 21:20:00,25.997994109217423,,,2017-12-28 22:00:00,26.2206379082211
391,2017-12-28 23:50:00,26.74463933666816,,,2017-12-29 00:40:00,27.04691860854967
392,2017-12-29 02:05:00,27.123678400000003,,,2017-12-29 02:15:00,27.60075
393,2017-12-29 04:05:00,28.102490094367266,,,2017-12-29 06:10:00,28.4709
394,2017-12-29 10:10:00,26.71840173593439,,,2017-12-29 11:20:00,26.54303023402724
395,2017-12-29 15:25:00,27.65677199953583,,,2017-12-29 15:40:00,28.10344396
396,2017-12-29 18:35:00,27.639104341126952,,,2017-12-29 18:45:00,27.5272500006858
397,2017-12-29 21:05:00,27.66812400026922,,,2017-12-29 23:00:00,27.34296261
398,2017-12-30 00:55:00,26.723352672697104,,,2017-12-30 01:30:00,26.528234167312498
399,2017-12-30 02:45:00,25.07928791,,,2017-12-30 03:15:00,24.9807072000573
400,2017-12-30 05:05:00,25.0214050499808,,,2017-12-30 05:45:00,25.25161460733747
401,2017-12-30 07:25:00,25.56917970013362,,,2017-12-30 07:50:00,25.946267526040412
402,2017-12-30 13:30:00,23.807875997964818,,,2017-12-30 13:50:00,23.6342883
403,2017-12-30 19:05:00,24.330138948433586,,,2017-12-30 19:25:00,24.28381999996216
404,2017-12-30 21:10:00,24.084028301807297,,,2017-12-30 22:00:00,24.403178
405,2017-12-31 00:30:00,23.90784038090322,,,2017-12-31 00:40:00,24.034335475048
406,2017-12-31 02:35:00,24.74837835101469,,,2017-12-31 02:55:00,24.89978232
407,2017-12-31 04:35:00,24.171792399247856,,,2017-12-31 05:05:00,24.43426559983032
408,2017-12-31 09:40:00,24.3441091895743,,,2017-12-31 10:00:00,24.228500000659015
409,2017-12-31 12:20:00,24.950805,,,2017-12-31 12:40:00,25.4737436771804
410,2017-12-31 13:45:00,25.312039264598216,,,2017-12-31 16:10:00,26.031904938616343
411,2017-12-31 17:40:00,26.25795791638239,,,2017-12-31 19:10:00,26.187835201937748
412,2017-12-31 21:55:00,26.249951749566115,,,2017-12-31 23:45:00,26.198172
413,2018-01-01 00:45:00,25.7892180002834,,,2018-01-01 02:30:00,25.310337499658225
414,2018-01-01 05:20:00,29.89024502,,,2018-01-01 06:15:00,29.725760579999996
415,2018-01-01 08:15:00,29.168502156,,,2018-01-01 08:45:00,29.61393299991204
416,2018-01-01 11:50:00,28.936134155977346,,,2018-01-01 13:55:00,28.464231137660224
417,2018-01-01 14:40:00,28.256032653873433,,,2018-01-01 14:50:00,28.803286659635237
418,2018-01-01 18:30:00,29.403024538987975,,,2018-01-01 19:00:00,29.384301100134685
419,2018-01-01 21:15:00,30.60857342166218,,,2018-01-02 00:15:00,30.09712571953461
420,2018-01-02 01:50:00,30.390390359439532,,,2018-01-02 06:30:00,30.011272331985168
421,2018-01-02 07:45:00,29.896937,,,2018-01-02 08:30:00,30.170412299258
422,2018-01-02 10:05:00,30.78939079925181,,,2018-01-02 10:25:00,30.8219841
423,2018-01-02 13:30:00,31.510098680572245,,,2018-01-02 15:00:00,32.21376005528153
424,2018-01-02 16:05:00,32.20215887768917,,,2018-01-02 17:20:00,33.051520000504425
425,2018-01-02 19:35:00,31.207609751169738,,,2018-01-02 20:05:00,31.4166
426,2018-01-02 22:00:00,31.859326861533415,,,2018-01-02 22:55:00,31.70143892171858
427,2018-01-03 04:15:00,31.235050000710597,,,2018-01-03 04:20:00,31.424302460208633
428,2018-01-03 06:40:00,32.17337321277897,,,2018-01-03 09:30:00,31.512118700084994
429,2018-01-03 10:40:00,30.84704000004211,,,2018-01-03 11:00:00,30.863785608014588
430,2018-01-03 13:40:00,31.628508994738706,,,2018-01-03 13:50:00,31.947851000641094
431,2018-01-03 15:10:00,31.60741399162665,,,2018-01-03 15:40:00,31.7968975
432,2018-01-03 17:15:00,31.557025130451184,,,2018-01-03 17:40:00,31.382187199791066
