0,2017-11-01 10:10:00,0.19734131252028905,,,2017-11-01 10:20:00,0.197689199997282
1,2017-11-01 10:10:00,0.19734131252028905,,,2017-11-01 10:20:00,0.197689199997282
2,2017-11-01 11:05:00,0.1961738519991054,,,2017-11-01 11:15:00,0.1964064000095808
3,2017-11-01 11:05:00,0.1961738519991054,,,2017-11-01 11:15:00,0.1964064000095808
4,2017-11-01 12:25:00,0.1944057111357,,,2017-11-01 12:30:00,0.1957556999975944
5,2017-11-01 12:25:00,0.1944057111357,,,2017-11-01 12:30:00,0.1957556999975944
6,2017-11-01 14:40:00,0.1952948800020993,,,2017-11-01 14:45:00,0.1959486198421752
7,2017-11-01 14:40:00,0.1952948800020993,,,2017-11-01 14:45:00,0.1959486198421752
8,2017-11-01 17:45:00,0.1931901032797899,,,2017-11-01 17:50:00,0.193262800000293
9,2017-11-01 17:45:00,0.1931901032797899,,,2017-11-01 17:50:00,0.193262800000293
10,2017-11-01 18:50:00,0.193320017536464,,,2017-11-01 18:55:00,0.193568
11,2017-11-01 18:50:00,0.193320017536464,,,2017-11-01 18:55:00,0.193568
12,2017-11-01 21:00:00,0.1931281750927207,,,2017-11-01 21:05:00,0.193783790664618
13,2017-11-01 21:00:00,0.1931281750927207,,,2017-11-01 21:05:00,0.193783790664618
14,2017-11-01 22:15:00,0.1919412999965128,,,2017-11-01 22:45:00,0.1904950063685
15,2017-11-01 22:15:00,0.1919412999965128,,,2017-11-01 22:45:00,0.1904950063685
16,2017-11-02 00:05:00,0.191590999995472,,,2017-11-02 00:10:00,0.190179
17,2017-11-02 00:05:00,0.191590999995472,,,2017-11-02 00:10:00,0.190179
18,2017-11-02 01:55:00,0.187456150283227,,,2017-11-02 02:10:00,0.18708972027589268
19,2017-11-02 01:55:00,0.187456150283227,,,2017-11-02 02:10:00,0.18708972027589268
20,2017-11-02 04:30:00,0.1874818000203426,,,2017-11-02 04:55:00,0.18948888
21,2017-11-02 04:30:00,0.1874818000203426,,,2017-11-02 04:55:00,0.18948888
22,2017-11-02 07:15:00,0.18415716,,,2017-11-02 07:20:00,0.1832832
23,2017-11-02 07:15:00,0.18415716,,,2017-11-02 07:20:00,0.1832832
24,2017-11-02 11:10:00,0.1781885,,,2017-11-02 11:20:00,0.17791040558555998
25,2017-11-02 11:10:00,0.1781885,,,2017-11-02 11:20:00,0.17791040558555998
26,2017-11-02 12:50:00,0.18645305,,,2017-11-02 14:15:00,0.18744512
27,2017-11-02 12:50:00,0.18645305,,,2017-11-02 14:15:00,0.18744512
28,2017-11-02 16:00:00,0.18877276669355117,,,2017-11-02 16:50:00,0.18946059
29,2017-11-02 16:00:00,0.18877276669355117,,,2017-11-02 16:50:00,0.18946059
30,2017-11-02 18:25:00,0.1902984541123808,,,2017-11-02 18:50:00,0.1914240800002788
31,2017-11-02 18:25:00,0.1902984541123808,,,2017-11-02 18:50:00,0.1914240800002788
32,2017-11-02 21:25:00,0.19045597385736893,,,2017-11-02 21:50:00,0.19089890999541
33,2017-11-02 21:25:00,0.19045597385736893,,,2017-11-02 21:50:00,0.19089890999541
34,2017-11-03 02:10:00,0.2035051534179721,,,2017-11-03 02:50:00,0.202723199993664
35,2017-11-03 02:10:00,0.2035051534179721,,,2017-11-03 02:50:00,0.202723199993664
36,2017-11-03 10:00:00,0.20290575,,,2017-11-03 10:30:00,0.202836341467515
37,2017-11-03 10:00:00,0.20290575,,,2017-11-03 10:30:00,0.202836341467515
38,2017-11-03 11:05:00,0.2038607992880001,,,2017-11-03 11:10:00,0.203496000019738
39,2017-11-03 11:05:00,0.2038607992880001,,,2017-11-03 11:10:00,0.203496000019738
40,2017-11-03 12:20:00,0.20408468499521448,,,2017-11-03 12:25:00,0.2039004800089824
41,2017-11-03 12:20:00,0.20408468499521448,,,2017-11-03 12:25:00,0.2039004800089824
42,2017-11-03 13:35:00,0.203760000005943,,,2017-11-03 14:10:00,0.204658220686878
43,2017-11-03 13:35:00,0.203760000005943,,,2017-11-03 14:10:00,0.204658220686878
44,2017-11-03 16:00:00,0.2075856,,,2017-11-03 17:40:00,0.208741518
45,2017-11-03 16:00:00,0.2075856,,,2017-11-03 17:40:00,0.208741518
46,2017-11-03 19:25:00,0.21173124,,,2017-11-03 21:45:00,0.209421119998512
47,2017-11-03 19:25:00,0.21173124,,,2017-11-03 21:45:00,0.209421119998512
48,2017-11-04 00:20:00,0.2042304000026109,,,2017-11-04 00:25:00,0.204540040032087
49,2017-11-04 00:20:00,0.2042304000026109,,,2017-11-04 00:25:00,0.204540040032087
50,2017-11-04 01:40:00,0.2014013529241275,,,2017-11-04 01:45:00,0.20044587346745352
51,2017-11-04 01:40:00,0.2014013529241275,,,2017-11-04 01:45:00,0.20044587346745352
52,2017-11-04 04:20:00,0.2005449000030767,,,2017-11-04 04:25:00,0.2005557438598224
53,2017-11-04 04:20:00,0.2005449000030767,,,2017-11-04 04:25:00,0.2005557438598224
54,2017-11-04 07:05:00,0.20270114999943345,,,2017-11-04 07:40:00,0.202758
55,2017-11-04 07:05:00,0.20270114999943345,,,2017-11-04 07:40:00,0.202758
56,2017-11-04 08:50:00,0.201847323,,,2017-11-04 08:55:00,0.201530784876069
57,2017-11-04 08:50:00,0.201847323,,,2017-11-04 08:55:00,0.201530784876069
58,2017-11-04 09:20:00,0.2031954070491852,,,2017-11-04 09:25:00,0.20302462373262573
59,2017-11-04 09:20:00,0.2031954070491852,,,2017-11-04 09:25:00,0.20302462373262573
60,2017-11-04 11:05:00,0.20125665,,,2017-11-04 11:10:00,0.200900943957859
61,2017-11-04 11:05:00,0.20125665,,,2017-11-04 11:10:00,0.200900943957859
62,2017-11-04 12:20:00,0.20054378836096495,,,2017-11-04 12:25:00,0.200350208942365
63,2017-11-04 12:20:00,0.20054378836096495,,,2017-11-04 12:25:00,0.200350208942365
64,2017-11-04 12:30:00,0.2012289743978256,,,2017-11-04 12:35:00,0.2018607642
65,2017-11-04 12:30:00,0.2012289743978256,,,2017-11-04 12:35:00,0.2018607642
66,2017-11-04 14:10:00,0.203223599999163,,,2017-11-04 15:40:00,0.2034228
67,2017-11-04 14:10:00,0.203223599999163,,,2017-11-04 15:40:00,0.2034228
68,2017-11-04 17:30:00,0.20246978025069184,,,2017-11-04 17:35:00,0.2029987
69,2017-11-04 17:30:00,0.20246978025069184,,,2017-11-04 17:35:00,0.2029987
70,2017-11-04 19:20:00,0.2027748875162545,,,2017-11-04 19:25:00,0.20290575000247948
71,2017-11-04 19:20:00,0.2027748875162545,,,2017-11-04 19:25:00,0.20290575000247948
72,2017-11-04 20:55:00,0.2002882836,,,2017-11-04 21:25:00,0.19979999999973
73,2017-11-04 20:55:00,0.2002882836,,,2017-11-04 21:25:00,0.19979999999973
74,2017-11-04 23:25:00,0.2017966441165872,,,2017-11-05 01:00:00,0.2011581220005476
75,2017-11-04 23:25:00,0.2017966441165872,,,2017-11-05 01:00:00,0.2011581220005476
76,2017-11-05 02:35:00,0.2029074207029184,,,2017-11-05 03:15:00,0.20170351848268597
77,2017-11-05 02:35:00,0.2029074207029184,,,2017-11-05 03:15:00,0.20170351848268597
78,2017-11-05 03:40:00,0.202497549627998,,,2017-11-05 03:45:00,0.2020964513039757
79,2017-11-05 03:40:00,0.202497549627998,,,2017-11-05 03:45:00,0.2020964513039757
80,2017-11-05 04:20:00,0.2026092412217268,,,2017-11-05 04:30:00,0.2025467137829088
81,2017-11-05 04:20:00,0.2026092412217268,,,2017-11-05 04:30:00,0.2025467137829088
82,2017-11-05 04:55:00,0.2026567865918656,,,2017-11-05 05:15:00,0.2032225237
83,2017-11-05 04:55:00,0.2026567865918656,,,2017-11-05 05:15:00,0.2032225237
84,2017-11-05 06:05:00,0.2037103979847512,,,2017-11-05 07:50:00,0.2026765339916229
85,2017-11-05 06:05:00,0.2037103979847512,,,2017-11-05 07:50:00,0.2026765339916229
86,2017-11-05 09:10:00,0.2027012394018822,,,2017-11-05 09:15:00,0.20254925001962
87,2017-11-05 09:10:00,0.2027012394018822,,,2017-11-05 09:15:00,0.20254925001962
88,2017-11-05 10:35:00,0.2020216999861331,,,2017-11-05 10:40:00,0.20202992312296
89,2017-11-05 10:35:00,0.2020216999861331,,,2017-11-05 10:40:00,0.20202992312296
90,2017-11-05 12:55:00,0.2009961359992008,,,2017-11-05 13:00:00,0.2002740330590323
91,2017-11-05 12:55:00,0.2009961359992008,,,2017-11-05 13:00:00,0.2002740330590323
92,2017-11-05 14:15:00,0.2007936,,,2017-11-05 14:20:00,0.1994445800042272
93,2017-11-05 14:15:00,0.2007936,,,2017-11-05 14:20:00,0.1994445800042272
94,2017-11-05 17:50:00,0.2000492999997338,,,2017-11-05 17:55:00,0.199633
95,2017-11-05 17:50:00,0.2000492999997338,,,2017-11-05 17:55:00,0.199633
96,2017-11-05 19:15:00,0.19924449999920832,,,2017-11-05 19:20:00,0.1992444999994722
97,2017-11-05 19:15:00,0.19924449999920832,,,2017-11-05 19:20:00,0.1992444999994722
98,2017-11-05 20:45:00,0.20032324,,,2017-11-05 20:55:00,0.2005261292943993
99,2017-11-05 20:45:00,0.20032324,,,2017-11-05 20:55:00,0.2005261292943993
100,2017-11-05 21:40:00,0.2013560893160836,,,2017-11-05 21:45:00,0.2008874086974075
101,2017-11-05 21:40:00,0.2013560893160836,,,2017-11-05 21:45:00,0.2008874086974075
102,2017-11-05 22:05:00,0.2013050456325337,,,2017-11-05 22:10:00,0.2010579999986415
103,2017-11-05 22:05:00,0.2013050456325337,,,2017-11-05 22:10:00,0.2010579999986415
104,2017-11-05 23:45:00,0.2004574020513533,,,2017-11-05 23:50:00,0.1992845295786384
105,2017-11-05 23:45:00,0.2004574020513533,,,2017-11-05 23:50:00,0.1992845295786384
106,2017-11-06 00:40:00,0.199749203980326,,,2017-11-06 00:45:00,0.1991975
107,2017-11-06 00:40:00,0.199749203980326,,,2017-11-06 00:45:00,0.1991975
108,2017-11-06 02:10:00,0.200897494,,,2017-11-06 02:15:00,0.2008268734
109,2017-11-06 02:10:00,0.200897494,,,2017-11-06 02:15:00,0.2008268734
110,2017-11-06 04:40:00,0.1998798159084292,,,2017-11-06 04:45:00,0.1989938624919525
111,2017-11-06 04:40:00,0.1998798159084292,,,2017-11-06 04:45:00,0.1989938624919525
112,2017-11-06 07:50:00,0.198700319998362,,,2017-11-06 08:20:00,0.199526130025659
113,2017-11-06 07:50:00,0.198700319998362,,,2017-11-06 08:20:00,0.199526130025659
114,2017-11-06 09:55:00,0.199563,,,2017-11-06 10:00:00,0.1995363299967204
115,2017-11-06 09:55:00,0.199563,,,2017-11-06 10:00:00,0.1995363299967204
116,2017-11-06 12:05:00,0.20325497186775748,,,2017-11-06 12:45:00,0.205831199999722
117,2017-11-06 12:05:00,0.20325497186775748,,,2017-11-06 12:45:00,0.205831199999722
118,2017-11-06 14:35:00,0.20401911000195933,,,2017-11-06 14:40:00,0.204551800009814
119,2017-11-06 14:35:00,0.20401911000195933,,,2017-11-06 14:40:00,0.204551800009814
120,2017-11-06 15:50:00,0.2033716000002809,,,2017-11-06 15:55:00,0.2035712700002799
121,2017-11-06 15:50:00,0.2033716000002809,,,2017-11-06 15:55:00,0.2035712700002799
122,2017-11-06 17:20:00,0.20497252,,,2017-11-06 17:25:00,0.205446
123,2017-11-06 17:20:00,0.20497252,,,2017-11-06 17:25:00,0.205446
124,2017-11-06 19:30:00,0.20051928,,,2017-11-06 20:00:00,0.202377303730546
125,2017-11-06 19:30:00,0.20051928,,,2017-11-06 20:00:00,0.202377303730546
126,2017-11-06 23:25:00,0.2030490108564588,,,2017-11-07 00:00:00,0.20218185
127,2017-11-06 23:25:00,0.2030490108564588,,,2017-11-07 00:00:00,0.20218185
128,2017-11-07 01:20:00,0.2006864251349856,,,2017-11-07 01:30:00,0.201072000130272
129,2017-11-07 01:20:00,0.2006864251349856,,,2017-11-07 01:30:00,0.201072000130272
130,2017-11-07 02:25:00,0.2009955,,,2017-11-07 02:30:00,0.1997119800002834
131,2017-11-07 02:25:00,0.2009955,,,2017-11-07 02:30:00,0.1997119800002834
132,2017-11-07 05:05:00,0.2015425999991579,,,2017-11-07 05:10:00,0.2018233
133,2017-11-07 05:05:00,0.2015425999991579,,,2017-11-07 05:10:00,0.2018233
134,2017-11-07 06:50:00,0.20021994159073692,,,2017-11-07 06:55:00,0.201254895637719
135,2017-11-07 06:50:00,0.20021994159073692,,,2017-11-07 06:55:00,0.201254895637719
136,2017-11-07 08:20:00,0.2027220684,,,2017-11-07 08:25:00,0.2025392593518829
137,2017-11-07 08:20:00,0.2027220684,,,2017-11-07 08:25:00,0.2025392593518829
138,2017-11-07 10:30:00,0.20056857099943864,,,2017-11-07 10:35:00,0.20001298999999997
139,2017-11-07 10:30:00,0.20056857099943864,,,2017-11-07 10:35:00,0.20001298999999997
140,2017-11-07 16:15:00,0.2005393500002871,,,2017-11-07 16:35:00,0.20062552117
141,2017-11-07 16:15:00,0.2005393500002871,,,2017-11-07 16:35:00,0.20062552117
142,2017-11-07 20:20:00,0.2007148,,,2017-11-07 20:25:00,0.2006862
143,2017-11-07 20:20:00,0.2007148,,,2017-11-07 20:25:00,0.2006862
144,2017-11-07 23:00:00,0.20209056,,,2017-11-07 23:05:00,0.2023263431194416
145,2017-11-07 23:00:00,0.20209056,,,2017-11-07 23:05:00,0.2023263431194416
146,2017-11-08 01:05:00,0.2042074700060459,,,2017-11-08 01:45:00,0.2049443591
147,2017-11-08 01:05:00,0.2042074700060459,,,2017-11-08 01:45:00,0.2049443591
148,2017-11-08 02:50:00,0.2047813500008433,,,2017-11-08 02:55:00,0.20513
149,2017-11-08 02:50:00,0.2047813500008433,,,2017-11-08 02:55:00,0.20513
150,2017-11-08 04:45:00,0.2061706,,,2017-11-08 04:50:00,0.20489315
151,2017-11-08 04:45:00,0.2061706,,,2017-11-08 04:50:00,0.20489315
152,2017-11-08 05:55:00,0.205386819885,,,2017-11-08 06:00:00,0.2045812645791684
153,2017-11-08 05:55:00,0.205386819885,,,2017-11-08 06:00:00,0.2045812645791684
154,2017-11-08 07:35:00,0.205203377562954,,,2017-11-08 07:40:00,0.20505847453947865
155,2017-11-08 07:35:00,0.205203377562954,,,2017-11-08 07:40:00,0.20505847453947865
156,2017-11-08 11:25:00,0.208532,,,2017-11-08 11:45:00,0.2077609999997215
157,2017-11-08 11:25:00,0.208532,,,2017-11-08 11:45:00,0.2077609999997215
158,2017-11-08 12:35:00,0.2073893222861138,,,2017-11-08 12:40:00,0.2071033610102782
159,2017-11-08 12:35:00,0.2073893222861138,,,2017-11-08 12:40:00,0.2071033610102782
160,2017-11-08 12:50:00,0.20806904998437037,,,2017-11-08 12:55:00,0.20878177823432795
161,2017-11-08 12:50:00,0.20806904998437037,,,2017-11-08 12:55:00,0.20878177823432795
162,2017-11-08 14:55:00,0.2096910899955248,,,2017-11-08 15:00:00,0.20971377701291224
163,2017-11-08 14:55:00,0.2096910899955248,,,2017-11-08 15:00:00,0.20971377701291224
164,2017-11-08 17:10:00,0.2101088,,,2017-11-08 17:15:00,0.21057697000027528
165,2017-11-08 17:10:00,0.2101088,,,2017-11-08 17:15:00,0.21057697000027528
166,2017-11-08 17:55:00,0.2100510900002749,,,2017-11-08 18:00:00,0.2120864
167,2017-11-08 17:55:00,0.2100510900002749,,,2017-11-08 18:00:00,0.2120864
168,2017-11-08 19:30:00,0.2114727499997113,,,2017-11-08 20:05:00,0.2144777
169,2017-11-08 19:30:00,0.2114727499997113,,,2017-11-08 20:05:00,0.2144777
170,2017-11-08 23:50:00,0.21450267,,,2017-11-09 00:30:00,0.2184536149012413
171,2017-11-08 23:50:00,0.21450267,,,2017-11-09 00:30:00,0.2184536149012413
172,2017-11-09 01:20:00,0.2177371607429601,,,2017-11-09 02:20:00,0.220068218
173,2017-11-09 01:20:00,0.2177371607429601,,,2017-11-09 02:20:00,0.220068218
174,2017-11-09 04:35:00,0.219593766986397,,,2017-11-09 05:15:00,0.2190496379871174
175,2017-11-09 04:35:00,0.219593766986397,,,2017-11-09 05:15:00,0.2190496379871174
176,2017-11-09 06:35:00,0.2184865800106992,,,2017-11-09 07:25:00,0.21890624000119355
177,2017-11-09 06:35:00,0.2184865800106992,,,2017-11-09 07:25:00,0.21890624000119355
178,2017-11-09 12:50:00,0.2147203725562896,,,2017-11-09 12:55:00,0.21548048157530048
179,2017-11-09 12:50:00,0.2147203725562896,,,2017-11-09 12:55:00,0.21548048157530048
180,2017-11-09 14:30:00,0.21530898,,,2017-11-09 14:45:00,0.215560501
181,2017-11-09 14:30:00,0.21530898,,,2017-11-09 14:45:00,0.215560501
182,2017-11-09 19:45:00,0.2188606589893944,,,2017-11-09 19:50:00,0.219309000011685
183,2017-11-09 19:45:00,0.2188606589893944,,,2017-11-09 19:50:00,0.219309000011685
184,2017-11-09 23:00:00,0.2148441456274161,,,2017-11-09 23:05:00,0.214530129
185,2017-11-09 23:00:00,0.2148441456274161,,,2017-11-09 23:05:00,0.214530129
186,2017-11-10 00:05:00,0.21441235938573,,,2017-11-10 00:10:00,0.21520950553146237
187,2017-11-10 00:05:00,0.21441235938573,,,2017-11-10 00:10:00,0.21520950553146237
188,2017-11-10 03:50:00,0.217023216527349,,,2017-11-10 03:55:00,0.21667775
189,2017-11-10 03:50:00,0.217023216527349,,,2017-11-10 03:55:00,0.21667775
190,2017-11-10 10:15:00,0.2149488000003036,,,2017-11-10 10:20:00,0.2155141751226675
191,2017-11-10 10:15:00,0.2149488000003036,,,2017-11-10 10:20:00,0.2155141751226675
192,2017-11-10 12:15:00,0.211184470160601,,,2017-11-10 13:45:00,0.2060955
193,2017-11-10 12:15:00,0.211184470160601,,,2017-11-10 13:45:00,0.2060955
194,2017-11-10 15:30:00,0.2066361600079664,,,2017-11-10 15:45:00,0.20706
195,2017-11-10 15:30:00,0.2066361600079664,,,2017-11-10 15:45:00,0.20706
196,2017-11-10 17:55:00,0.2042300556599424,,,2017-11-10 18:00:00,0.2029954112
197,2017-11-10 17:55:00,0.2042300556599424,,,2017-11-10 18:00:00,0.2029954112
198,2017-11-10 19:00:00,0.198660000000308,,,2017-11-10 19:10:00,0.2029368900006158
199,2017-11-10 19:00:00,0.198660000000308,,,2017-11-10 19:10:00,0.2029368900006158
200,2017-11-10 20:30:00,0.2016729000084618,,,2017-11-10 21:10:00,0.2052497069687259
201,2017-11-10 20:30:00,0.2016729000084618,,,2017-11-10 21:10:00,0.2052497069687259
202,2017-11-10 23:35:00,0.2026949147407015,,,2017-11-11 00:15:00,0.20371386315099996
203,2017-11-10 23:35:00,0.2026949147407015,,,2017-11-11 00:15:00,0.20371386315099996
204,2017-11-11 03:00:00,0.2049958000134024,,,2017-11-11 03:15:00,0.2065055999889372
205,2017-11-11 03:00:00,0.2049958000134024,,,2017-11-11 03:15:00,0.2065055999889372
206,2017-11-11 04:25:00,0.2061136662609948,,,2017-11-11 04:30:00,0.2059067000511855
207,2017-11-11 04:25:00,0.2061136662609948,,,2017-11-11 04:30:00,0.2059067000511855
208,2017-11-11 06:05:00,0.20555916,,,2017-11-11 06:20:00,0.20642777770945953
209,2017-11-11 06:05:00,0.20555916,,,2017-11-11 06:20:00,0.20642777770945953
210,2017-11-11 07:50:00,0.20740972708346,,,2017-11-11 08:20:00,0.20698337
211,2017-11-11 07:50:00,0.20740972708346,,,2017-11-11 08:20:00,0.20698337
212,2017-11-11 10:00:00,0.2083184943,,,2017-11-11 10:05:00,0.2088297877604872
213,2017-11-11 10:00:00,0.2083184943,,,2017-11-11 10:05:00,0.2088297877604872
214,2017-11-11 11:40:00,0.20479602922061732,,,2017-11-11 12:25:00,0.2046231749417864
215,2017-11-11 11:40:00,0.20479602922061732,,,2017-11-11 12:25:00,0.2046231749417864
216,2017-11-11 13:45:00,0.20469634615648,,,2017-11-11 13:55:00,0.20488866561549723
217,2017-11-11 13:45:00,0.20469634615648,,,2017-11-11 13:55:00,0.20488866561549723
218,2017-11-11 16:40:00,0.2072336542440384,,,2017-11-11 16:45:00,0.206785507698
219,2017-11-11 16:40:00,0.2072336542440384,,,2017-11-11 16:45:00,0.206785507698
220,2017-11-11 19:15:00,0.2110920793,,,2017-11-11 20:35:00,0.20917908000233312
221,2017-11-11 19:15:00,0.2110920793,,,2017-11-11 20:35:00,0.20917908000233312
222,2017-11-11 21:40:00,0.2093204077064562,,,2017-11-11 23:20:00,0.20745625118493
223,2017-11-11 21:40:00,0.2093204077064562,,,2017-11-11 23:20:00,0.20745625118493
224,2017-11-12 00:45:00,0.20711002,,,2017-11-12 04:00:00,0.2044655499874536
225,2017-11-12 00:45:00,0.20711002,,,2017-11-12 04:00:00,0.2044655499874536
226,2017-11-12 05:55:00,0.19814399999896803,,,2017-11-12 07:10:00,0.18960435999999997
227,2017-11-12 05:55:00,0.19814399999896803,,,2017-11-12 07:10:00,0.18960435999999997
228,2017-11-12 09:25:00,0.190006262602116,,,2017-11-12 09:40:00,0.19132285757810477
229,2017-11-12 09:25:00,0.190006262602116,,,2017-11-12 09:40:00,0.19132285757810477
230,2017-11-12 12:30:00,0.1908964369438457,,,2017-11-12 12:55:00,0.192561600003126
231,2017-11-12 12:30:00,0.1908964369438457,,,2017-11-12 12:55:00,0.192561600003126
232,2017-11-12 14:15:00,0.19211823000093417,,,2017-11-12 14:55:00,0.191938400000948
233,2017-11-12 14:15:00,0.19211823000093417,,,2017-11-12 14:55:00,0.191938400000948
234,2017-11-12 16:45:00,0.1951395,,,2017-11-12 18:50:00,0.20022796081079997
235,2017-11-12 16:45:00,0.1951395,,,2017-11-12 18:50:00,0.20022796081079997
236,2017-11-12 20:10:00,0.1975166780563796,,,2017-11-12 20:35:00,0.1982710943352685
237,2017-11-12 20:10:00,0.1975166780563796,,,2017-11-12 20:35:00,0.1982710943352685
238,2017-11-12 21:55:00,0.19491324177,,,2017-11-12 22:50:00,0.191292
239,2017-11-12 21:55:00,0.19491324177,,,2017-11-12 22:50:00,0.191292
240,2017-11-12 23:00:00,0.1915614728816646,,,2017-11-12 23:05:00,0.1908825223711756
241,2017-11-12 23:00:00,0.1915614728816646,,,2017-11-12 23:05:00,0.1908825223711756
242,2017-11-13 01:30:00,0.194749746252,,,2017-11-13 02:00:00,0.1935593970746448
243,2017-11-13 01:30:00,0.194749746252,,,2017-11-13 02:00:00,0.1935593970746448
244,2017-11-13 05:30:00,0.1940211,,,2017-11-13 05:35:00,0.193184176668
245,2017-11-13 05:30:00,0.1940211,,,2017-11-13 05:35:00,0.193184176668
246,2017-11-13 08:05:00,0.196349346852,,,2017-11-13 09:30:00,0.1973172857990574
247,2017-11-13 08:05:00,0.196349346852,,,2017-11-13 09:30:00,0.1973172857990574
248,2017-11-13 11:05:00,0.19765163347592307,,,2017-11-13 11:10:00,0.197757
249,2017-11-13 11:05:00,0.19765163347592307,,,2017-11-13 11:10:00,0.197757
250,2017-11-13 12:55:00,0.19867893772787584,,,2017-11-13 13:00:00,0.1994031
251,2017-11-13 12:55:00,0.19867893772787584,,,2017-11-13 13:00:00,0.1994031
252,2017-11-13 14:45:00,0.19789920000000005,,,2017-11-13 15:05:00,0.1981975126593808
253,2017-11-13 14:45:00,0.19789920000000005,,,2017-11-13 15:05:00,0.1981975126593808
254,2017-11-13 16:50:00,0.196094999996924,,,2017-11-13 17:30:00,0.1967792081433852
255,2017-11-13 16:50:00,0.196094999996924,,,2017-11-13 17:30:00,0.1967792081433852
256,2017-11-13 19:10:00,0.1970789848549836,,,2017-11-13 19:15:00,0.19704326327029503
257,2017-11-13 19:10:00,0.1970789848549836,,,2017-11-13 19:15:00,0.19704326327029503
258,2017-11-13 20:25:00,0.1984899895017312,,,2017-11-13 21:15:00,0.19849609356
259,2017-11-13 20:25:00,0.1984899895017312,,,2017-11-13 21:15:00,0.19849609356
260,2017-11-13 22:15:00,0.1978590521658456,,,2017-11-13 23:15:00,0.1996682225185609
261,2017-11-13 22:15:00,0.1978590521658456,,,2017-11-13 23:15:00,0.1996682225185609
262,2017-11-14 00:15:00,0.201254472230196,,,2017-11-14 00:20:00,0.2013310468023816
263,2017-11-14 00:15:00,0.201254472230196,,,2017-11-14 00:20:00,0.2013310468023816
264,2017-11-14 01:55:00,0.20595734826014608,,,2017-11-14 02:00:00,0.2077016599996842
265,2017-11-14 01:55:00,0.20595734826014608,,,2017-11-14 02:00:00,0.2077016599996842
266,2017-11-14 03:15:00,0.20690579078999996,,,2017-11-14 05:25:00,0.20524578015527
267,2017-11-14 03:15:00,0.20690579078999996,,,2017-11-14 05:25:00,0.20524578015527
268,2017-11-14 06:45:00,0.20418733566,,,2017-11-14 06:50:00,0.20450962000000003
269,2017-11-14 06:45:00,0.20418733566,,,2017-11-14 06:50:00,0.20450962000000003
270,2017-11-14 08:05:00,0.203741525,,,2017-11-14 08:10:00,0.2036149499962668
271,2017-11-14 08:05:00,0.203741525,,,2017-11-14 08:10:00,0.2036149499962668
272,2017-11-14 09:15:00,0.203579701463649,,,2017-11-14 09:20:00,0.2031981602
273,2017-11-14 09:15:00,0.203579701463649,,,2017-11-14 09:20:00,0.2031981602
274,2017-11-14 12:25:00,0.201241457171055,,,2017-11-14 12:30:00,0.200915267361
275,2017-11-14 12:25:00,0.201241457171055,,,2017-11-14 12:30:00,0.200915267361
276,2017-11-14 14:05:00,0.20117295000031352,,,2017-11-14 14:10:00,0.200717
277,2017-11-14 14:05:00,0.20117295000031352,,,2017-11-14 14:10:00,0.200717
278,2017-11-14 16:45:00,0.2042988375542016,,,2017-11-14 16:50:00,0.2036188136767576
279,2017-11-14 16:45:00,0.2042988375542016,,,2017-11-14 16:50:00,0.2036188136767576
280,2017-11-14 19:00:00,0.20266956903186,,,2017-11-14 19:05:00,0.2020382704572
281,2017-11-14 19:00:00,0.20266956903186,,,2017-11-14 19:05:00,0.2020382704572
282,2017-11-14 22:55:00,0.202820899151,,,2017-11-14 23:00:00,0.2026049999856618
283,2017-11-14 22:55:00,0.202820899151,,,2017-11-14 23:00:00,0.2026049999856618
284,2017-11-15 01:45:00,0.205041330006078,,,2017-11-15 01:50:00,0.2049398099975736
285,2017-11-15 01:45:00,0.205041330006078,,,2017-11-15 01:50:00,0.2049398099975736
286,2017-11-15 03:50:00,0.2052297600003011,,,2017-11-15 03:55:00,0.20558538
287,2017-11-15 03:50:00,0.2052297600003011,,,2017-11-15 03:55:00,0.20558538
288,2017-11-15 04:50:00,0.20543192690480455,,,2017-11-15 04:55:00,0.2054301237848944
289,2017-11-15 04:50:00,0.20543192690480455,,,2017-11-15 04:55:00,0.2054301237848944
290,2017-11-15 07:35:00,0.20994624,,,2017-11-15 07:40:00,0.2091204453290086
291,2017-11-15 07:35:00,0.20994624,,,2017-11-15 07:40:00,0.2091204453290086
292,2017-11-15 09:35:00,0.2074579,,,2017-11-15 09:40:00,0.207477704696388
293,2017-11-15 09:35:00,0.2074579,,,2017-11-15 09:40:00,0.207477704696388
294,2017-11-15 10:30:00,0.20791699135081385,,,2017-11-15 10:35:00,0.2080288430228525
295,2017-11-15 10:30:00,0.20791699135081385,,,2017-11-15 10:35:00,0.2080288430228525
296,2017-11-15 11:40:00,0.20815300000298,,,2017-11-15 11:45:00,0.2079945000339948
297,2017-11-15 11:40:00,0.20815300000298,,,2017-11-15 11:45:00,0.2079945000339948
298,2017-11-15 13:35:00,0.2058441000002926,,,2017-11-15 13:55:00,0.20542927
299,2017-11-15 13:35:00,0.2058441000002926,,,2017-11-15 13:55:00,0.20542927
300,2017-11-15 16:40:00,0.2054069572252786,,,2017-11-15 18:10:00,0.205748220001439
301,2017-11-15 16:40:00,0.2054069572252786,,,2017-11-15 18:10:00,0.205748220001439
302,2017-11-15 20:30:00,0.20748915681402,,,2017-11-15 20:35:00,0.2064018
303,2017-11-15 20:30:00,0.20748915681402,,,2017-11-15 20:35:00,0.2064018
304,2017-11-15 22:45:00,0.207360000000288,,,2017-11-15 22:50:00,0.20823909106290928
305,2017-11-15 22:45:00,0.207360000000288,,,2017-11-15 22:50:00,0.20823909106290928
306,2017-11-15 23:40:00,0.2091409821077725,,,2017-11-15 23:45:00,0.2087685345328194
307,2017-11-15 23:40:00,0.2091409821077725,,,2017-11-15 23:45:00,0.2087685345328194
308,2017-11-16 00:45:00,0.2101990200105012,,,2017-11-16 00:50:00,0.2109893617229136
309,2017-11-16 00:45:00,0.2101990200105012,,,2017-11-16 00:50:00,0.2109893617229136
310,2017-11-16 03:10:00,0.20798372395030887,,,2017-11-16 03:15:00,0.2086613128634859
311,2017-11-16 03:10:00,0.20798372395030887,,,2017-11-16 03:15:00,0.2086613128634859
312,2017-11-16 05:45:00,0.2084411,,,2017-11-16 06:20:00,0.20767187999283
313,2017-11-16 05:45:00,0.2084411,,,2017-11-16 06:20:00,0.20767187999283
314,2017-11-16 07:10:00,0.208837697146654,,,2017-11-16 07:15:00,0.2085908715177755
315,2017-11-16 07:10:00,0.208837697146654,,,2017-11-16 07:15:00,0.2085908715177755
316,2017-11-16 09:00:00,0.20738025,,,2017-11-16 09:05:00,0.20770622
317,2017-11-16 09:00:00,0.20738025,,,2017-11-16 09:05:00,0.20770622
318,2017-11-16 10:05:00,0.20706395600055225,,,2017-11-16 10:10:00,0.207259649997231
319,2017-11-16 10:05:00,0.20706395600055225,,,2017-11-16 10:10:00,0.207259649997231
320,2017-11-16 12:25:00,0.207378166239558,,,2017-11-16 12:30:00,0.2075278977672516
321,2017-11-16 12:25:00,0.207378166239558,,,2017-11-16 12:30:00,0.2075278977672516
322,2017-11-16 17:15:00,0.23381100004382,,,2017-11-16 18:05:00,0.2329562948873838
323,2017-11-16 17:15:00,0.23381100004382,,,2017-11-16 18:05:00,0.2329562948873838
324,2017-11-16 19:50:00,0.2313180176997792,,,2017-11-16 20:00:00,0.23278815
325,2017-11-16 19:50:00,0.2313180176997792,,,2017-11-16 20:00:00,0.23278815
326,2017-11-16 22:35:00,0.23184408,,,2017-11-17 00:05:00,0.22675158
327,2017-11-16 22:35:00,0.23184408,,,2017-11-17 00:05:00,0.22675158
328,2017-11-17 04:25:00,0.23010182438174184,,,2017-11-17 08:10:00,0.2221689585
329,2017-11-17 04:25:00,0.23010182438174184,,,2017-11-17 08:10:00,0.2221689585
330,2017-11-17 10:00:00,0.2243597399979777,,,2017-11-17 11:05:00,0.222755526013762
331,2017-11-17 10:00:00,0.2243597399979777,,,2017-11-17 11:05:00,0.222755526013762
332,2017-11-17 13:15:00,0.22860845,,,2017-11-17 14:00:00,0.2288812500002925
333,2017-11-17 13:15:00,0.22860845,,,2017-11-17 14:00:00,0.2288812500002925
334,2017-11-17 15:55:00,0.226256999998577,,,2017-11-17 16:35:00,0.22814230478845696
335,2017-11-17 15:55:00,0.226256999998577,,,2017-11-17 16:35:00,0.22814230478845696
336,2017-11-17 18:20:00,0.2258651754005766,,,2017-11-17 18:25:00,0.2267018522962443
337,2017-11-17 18:20:00,0.2258651754005766,,,2017-11-17 18:25:00,0.2267018522962443
338,2017-11-17 20:30:00,0.227174590105008,,,2017-11-17 20:35:00,0.2255467496
339,2017-11-17 20:30:00,0.227174590105008,,,2017-11-17 20:35:00,0.2255467496
340,2017-11-17 20:50:00,0.2255242752,,,2017-11-17 21:00:00,0.2260452600079407
341,2017-11-17 20:50:00,0.2255242752,,,2017-11-17 21:00:00,0.2260452600079407
342,2017-11-17 22:15:00,0.2254549299988332,,,2017-11-17 22:20:00,0.2259216499973747
343,2017-11-17 22:15:00,0.2254549299988332,,,2017-11-17 22:20:00,0.2259216499973747
344,2017-11-18 00:00:00,0.2233197154389586,,,2017-11-18 00:05:00,0.2243364199891738
345,2017-11-18 00:00:00,0.2233197154389586,,,2017-11-18 00:05:00,0.2243364199891738
346,2017-11-18 01:05:00,0.221007999995638,,,2017-11-18 01:15:00,0.2223574056907163
347,2017-11-18 01:05:00,0.221007999995638,,,2017-11-18 01:15:00,0.2223574056907163
348,2017-11-18 03:05:00,0.219683572748688,,,2017-11-18 03:20:00,0.2196086271175888
349,2017-11-18 03:05:00,0.219683572748688,,,2017-11-18 03:20:00,0.2196086271175888
350,2017-11-18 06:05:00,0.22163904,,,2017-11-18 07:10:00,0.220764577639419
351,2017-11-18 06:05:00,0.22163904,,,2017-11-18 07:10:00,0.220764577639419
352,2017-11-18 11:05:00,0.22529191257377432,,,2017-11-18 11:10:00,0.2239432300098974
353,2017-11-18 11:05:00,0.22529191257377432,,,2017-11-18 11:10:00,0.2239432300098974
354,2017-11-18 13:15:00,0.22483476946286335,,,2017-11-18 13:30:00,0.22507875
355,2017-11-18 13:15:00,0.22483476946286335,,,2017-11-18 13:30:00,0.22507875
356,2017-11-18 14:20:00,0.2244679313593801,,,2017-11-18 14:25:00,0.2254879053711845
357,2017-11-18 14:20:00,0.2244679313593801,,,2017-11-18 14:25:00,0.2254879053711845
358,2017-11-18 15:50:00,0.2245740899921079,,,2017-11-18 15:55:00,0.2246875107373666
359,2017-11-18 15:50:00,0.2245740899921079,,,2017-11-18 15:55:00,0.2246875107373666
360,2017-11-18 17:20:00,0.2256173999929632,,,2017-11-18 17:25:00,0.22525840001758
361,2017-11-18 17:20:00,0.2256173999929632,,,2017-11-18 17:25:00,0.22525840001758
362,2017-11-18 18:50:00,0.2271072025035616,,,2017-11-18 18:55:00,0.22641558
363,2017-11-18 18:50:00,0.2271072025035616,,,2017-11-18 18:55:00,0.22641558
364,2017-11-18 20:25:00,0.22734265471371656,,,2017-11-18 20:30:00,0.2264329540718336
365,2017-11-18 20:25:00,0.22734265471371656,,,2017-11-18 20:30:00,0.2264329540718336
366,2017-11-18 23:35:00,0.22784725562665,,,2017-11-18 23:40:00,0.2278379999769241
367,2017-11-18 23:35:00,0.22784725562665,,,2017-11-18 23:40:00,0.2278379999769241
368,2017-11-19 00:10:00,0.22726110999033428,,,2017-11-19 00:15:00,0.2275055999991216
369,2017-11-19 00:10:00,0.22726110999033428,,,2017-11-19 00:15:00,0.2275055999991216
370,2017-11-19 01:35:00,0.2280133,,,2017-11-19 01:40:00,0.2281561399573308
371,2017-11-19 01:35:00,0.2280133,,,2017-11-19 01:40:00,0.2281561399573308
372,2017-11-19 04:05:00,0.22771839999825275,,,2017-11-19 04:10:00,0.2282657999836536
373,2017-11-19 04:05:00,0.22771839999825275,,,2017-11-19 04:10:00,0.2282657999836536
374,2017-11-19 05:55:00,0.2262516899982486,,,2017-11-19 06:00:00,0.22628144225632052
375,2017-11-19 05:55:00,0.2262516899982486,,,2017-11-19 06:00:00,0.22628144225632052
376,2017-11-19 07:55:00,0.22570356,,,2017-11-19 08:00:00,0.2247957239489409
377,2017-11-19 07:55:00,0.22570356,,,2017-11-19 08:00:00,0.2247957239489409
378,2017-11-19 10:50:00,0.23039888000652525,,,2017-11-19 10:55:00,0.23137244
379,2017-11-19 10:50:00,0.23039888000652525,,,2017-11-19 10:55:00,0.23137244
380,2017-11-19 16:20:00,0.232526599215469,,,2017-11-19 16:25:00,0.2325020035391328
381,2017-11-19 16:20:00,0.232526599215469,,,2017-11-19 16:25:00,0.2325020035391328
382,2017-11-19 18:25:00,0.23078112001116963,,,2017-11-19 18:40:00,0.23060790000143952
383,2017-11-19 18:25:00,0.23078112001116963,,,2017-11-19 18:40:00,0.23060790000143952
384,2017-11-19 21:30:00,0.230501700001144,,,2017-11-19 21:35:00,0.2312127100002869
385,2017-11-19 21:30:00,0.230501700001144,,,2017-11-19 21:35:00,0.2312127100002869
386,2017-11-19 22:55:00,0.23175966640893303,,,2017-11-19 23:05:00,0.23223999651610971
387,2017-11-19 22:55:00,0.23175966640893303,,,2017-11-19 23:05:00,0.23223999651610971
388,2017-11-20 00:00:00,0.232191360014976,,,2017-11-20 00:05:00,0.2322851823643155
389,2017-11-20 00:00:00,0.232191360014976,,,2017-11-20 00:05:00,0.2322851823643155
390,2017-11-20 01:20:00,0.23355004763424,,,2017-11-20 01:30:00,0.2337368772409076
391,2017-11-20 01:20:00,0.23355004763424,,,2017-11-20 01:30:00,0.2337368772409076
392,2017-11-20 06:45:00,0.23650393204437,,,2017-11-20 06:50:00,0.2367675384050475
393,2017-11-20 06:45:00,0.23650393204437,,,2017-11-20 06:50:00,0.2367675384050475
394,2017-11-20 08:40:00,0.23882758117530015,,,2017-11-20 09:15:00,0.23926722
395,2017-11-20 08:40:00,0.23882758117530015,,,2017-11-20 09:15:00,0.23926722
396,2017-11-20 12:50:00,0.24006954,,,2017-11-20 13:15:00,0.2400012
397,2017-11-20 12:50:00,0.24006954,,,2017-11-20 13:15:00,0.2400012
398,2017-11-20 15:10:00,0.24270461813,,,2017-11-20 15:15:00,0.24262848
399,2017-11-20 15:10:00,0.24270461813,,,2017-11-20 15:15:00,0.24262848
400,2017-11-20 15:25:00,0.242195428313745,,,2017-11-20 15:30:00,0.24412089335994505
401,2017-11-20 15:25:00,0.242195428313745,,,2017-11-20 15:30:00,0.24412089335994505
402,2017-11-20 16:50:00,0.24251486,,,2017-11-20 16:55:00,0.2422199999991192
403,2017-11-20 16:50:00,0.24251486,,,2017-11-20 16:55:00,0.2422199999991192
404,2017-11-21 00:05:00,0.242186583702707,,,2017-11-21 00:25:00,0.2396409839921592
405,2017-11-21 00:05:00,0.242186583702707,,,2017-11-21 00:25:00,0.2396409839921592
406,2017-11-21 04:10:00,0.2357599708247,,,2017-11-21 04:35:00,0.2317069999944273
407,2017-11-21 04:10:00,0.2357599708247,,,2017-11-21 04:35:00,0.2317069999944273
408,2017-11-21 07:45:00,0.2393235,,,2017-11-21 09:55:00,0.2397421996914
409,2017-11-21 07:45:00,0.2393235,,,2017-11-21 09:55:00,0.2397421996914
410,2017-11-21 11:45:00,0.240376731,,,2017-11-21 12:10:00,0.2394945235869891
411,2017-11-21 11:45:00,0.240376731,,,2017-11-21 12:10:00,0.2394945235869891
412,2017-11-21 14:20:00,0.237860784,,,2017-11-21 15:15:00,0.2367225
413,2017-11-21 14:20:00,0.237860784,,,2017-11-21 15:15:00,0.2367225
414,2017-11-21 17:40:00,0.2361744,,,2017-11-21 17:45:00,0.23684005515041037
415,2017-11-21 17:40:00,0.2361744,,,2017-11-21 17:45:00,0.23684005515041037
416,2017-11-21 20:15:00,0.2347377011582064,,,2017-11-21 20:20:00,0.23291654
417,2017-11-21 20:15:00,0.2347377011582064,,,2017-11-21 20:20:00,0.23291654
418,2017-11-21 22:30:00,0.2334565902228612,,,2017-11-21 23:20:00,0.232935426801816
419,2017-11-21 22:30:00,0.2334565902228612,,,2017-11-21 23:20:00,0.232935426801816
420,2017-11-22 02:00:00,0.2341533910659978,,,2017-11-22 02:05:00,0.2339684999997138
421,2017-11-22 02:00:00,0.2341533910659978,,,2017-11-22 02:05:00,0.2339684999997138
422,2017-11-22 03:35:00,0.2342854122597918,,,2017-11-22 03:40:00,0.23383893274742
423,2017-11-22 03:35:00,0.2342854122597918,,,2017-11-22 03:40:00,0.23383893274742
424,2017-11-22 04:45:00,0.2346392413814888,,,2017-11-22 04:50:00,0.2343255210328296
425,2017-11-22 04:45:00,0.2346392413814888,,,2017-11-22 04:50:00,0.2343255210328296
426,2017-11-22 07:15:00,0.236181476390482,,,2017-11-22 07:20:00,0.2355763234059328
427,2017-11-22 07:15:00,0.236181476390482,,,2017-11-22 07:20:00,0.2355763234059328
428,2017-11-22 10:15:00,0.2346244905943,,,2017-11-22 10:25:00,0.2353751784836034
429,2017-11-22 10:15:00,0.2346244905943,,,2017-11-22 10:25:00,0.2353751784836034
430,2017-11-22 12:35:00,0.2342891,,,2017-11-22 12:40:00,0.2346268600017004
431,2017-11-22 12:35:00,0.2342891,,,2017-11-22 12:40:00,0.2346268600017004
432,2017-11-22 14:35:00,0.23353020944260303,,,2017-11-22 14:40:00,0.23438396661738567
433,2017-11-22 14:35:00,0.23353020944260303,,,2017-11-22 14:40:00,0.23438396661738567
434,2017-11-22 17:55:00,0.2357344,,,2017-11-22 18:55:00,0.2356217037956635
435,2017-11-22 17:55:00,0.2357344,,,2017-11-22 18:55:00,0.2356217037956635
436,2017-11-22 20:45:00,0.236647066869961,,,2017-11-22 20:50:00,0.237558879997104
437,2017-11-22 20:45:00,0.236647066869961,,,2017-11-22 20:50:00,0.237558879997104
438,2017-11-22 22:50:00,0.240779,,,2017-11-23 00:15:00,0.23876769
439,2017-11-22 22:50:00,0.240779,,,2017-11-23 00:15:00,0.23876769
440,2017-11-23 02:25:00,0.23677195006433543,,,2017-11-23 02:30:00,0.2367431
441,2017-11-23 02:25:00,0.23677195006433543,,,2017-11-23 02:30:00,0.2367431
442,2017-11-23 06:05:00,0.2416621599944216,,,2017-11-23 06:20:00,0.24162054
443,2017-11-23 06:05:00,0.2416621599944216,,,2017-11-23 06:20:00,0.24162054
444,2017-11-23 08:40:00,0.2375537452930968,,,2017-11-23 09:00:00,0.23822551996761016
445,2017-11-23 08:40:00,0.2375537452930968,,,2017-11-23 09:00:00,0.23822551996761016
446,2017-11-23 11:25:00,0.2390606399985265,,,2017-11-23 11:30:00,0.23928125
447,2017-11-23 11:25:00,0.2390606399985265,,,2017-11-23 11:30:00,0.23928125
448,2017-11-23 14:05:00,0.2418211699943893,,,2017-11-23 14:40:00,0.2416909509010716
449,2017-11-23 14:05:00,0.2418211699943893,,,2017-11-23 14:40:00,0.2416909509010716
450,2017-11-23 15:40:00,0.2426034000035568,,,2017-11-23 15:45:00,0.2436605505701184
451,2017-11-23 15:40:00,0.2426034000035568,,,2017-11-23 15:45:00,0.2436605505701184
452,2017-11-23 18:30:00,0.25039351700554224,,,2017-11-23 18:45:00,0.25158727605626
453,2017-11-23 18:30:00,0.25039351700554224,,,2017-11-23 18:45:00,0.25158727605626
454,2017-11-23 20:15:00,0.25063935,,,2017-11-23 22:20:00,0.248963091989055
455,2017-11-23 20:15:00,0.25063935,,,2017-11-23 22:20:00,0.248963091989055
456,2017-11-23 23:20:00,0.24782478,,,2017-11-23 23:25:00,0.24749040000000003
457,2017-11-23 23:20:00,0.24782478,,,2017-11-23 23:25:00,0.24749040000000003
458,2017-11-24 04:55:00,0.2454377199942164,,,2017-11-24 05:25:00,0.2444190400003034
459,2017-11-24 04:55:00,0.2454377199942164,,,2017-11-24 05:25:00,0.2444190400003034
460,2017-11-24 07:50:00,0.241667999999706,,,2017-11-24 09:30:00,0.238134346034228
461,2017-11-24 07:50:00,0.241667999999706,,,2017-11-24 09:30:00,0.238134346034228
462,2017-11-24 12:15:00,0.2439708595608116,,,2017-11-24 12:20:00,0.24379817150690267
463,2017-11-24 12:15:00,0.2439708595608116,,,2017-11-24 12:20:00,0.24379817150690267
464,2017-11-24 13:40:00,0.2416245299979371,,,2017-11-24 15:00:00,0.2391004800070272
465,2017-11-24 13:40:00,0.2416245299979371,,,2017-11-24 15:00:00,0.2391004800070272
466,2017-11-24 17:05:00,0.24189825,,,2017-11-24 17:10:00,0.24142481
467,2017-11-24 17:05:00,0.24189825,,,2017-11-24 17:10:00,0.24142481
468,2017-11-24 18:30:00,0.243432899998227,,,2017-11-24 18:35:00,0.2435745893345562
469,2017-11-24 18:30:00,0.243432899998227,,,2017-11-24 18:35:00,0.2435745893345562
470,2017-11-24 20:25:00,0.24163092000707037,,,2017-11-24 21:05:00,0.2413410739351308
471,2017-11-24 20:25:00,0.24163092000707037,,,2017-11-24 21:05:00,0.2413410739351308
472,2017-11-24 22:35:00,0.24135084004136945,,,2017-11-24 22:40:00,0.2416240530132165
473,2017-11-24 22:35:00,0.24135084004136945,,,2017-11-24 22:40:00,0.2416240530132165
474,2017-11-25 01:10:00,0.2437119899815302,,,2017-11-25 01:15:00,0.2440842799889703
475,2017-11-25 01:10:00,0.2437119899815302,,,2017-11-25 01:15:00,0.2440842799889703
476,2017-11-25 03:15:00,0.248250814713045,,,2017-11-25 05:35:00,0.2482712
477,2017-11-25 03:15:00,0.248250814713045,,,2017-11-25 05:35:00,0.2482712
478,2017-11-25 07:25:00,0.24673252155089148,,,2017-11-25 09:00:00,0.2429222160205332
479,2017-11-25 07:25:00,0.24673252155089148,,,2017-11-25 09:00:00,0.2429222160205332
480,2017-11-25 10:40:00,0.2452834186229141,,,2017-11-25 11:45:00,0.2451817499994214
481,2017-11-25 10:40:00,0.2452834186229141,,,2017-11-25 11:45:00,0.2451817499994214
482,2017-11-25 16:25:00,0.2505289000092896,,,2017-11-25 16:55:00,0.2555919216543084
483,2017-11-25 16:25:00,0.2505289000092896,,,2017-11-25 16:55:00,0.2555919216543084
484,2017-11-25 18:05:00,0.253510799961988,,,2017-11-25 19:40:00,0.25195440000029284
485,2017-11-25 18:05:00,0.253510799961988,,,2017-11-25 19:40:00,0.25195440000029284
486,2017-11-25 22:00:00,0.2537392699982426,,,2017-11-25 22:10:00,0.2546125588385847
487,2017-11-25 22:00:00,0.2537392699982426,,,2017-11-25 22:10:00,0.2546125588385847
488,2017-11-25 23:30:00,0.2524912642611527,,,2017-11-26 01:10:00,0.250010595454152
489,2017-11-25 23:30:00,0.2524912642611527,,,2017-11-26 01:10:00,0.250010595454152
490,2017-11-26 01:40:00,0.2510882217709812,,,2017-11-26 01:45:00,0.2509969
491,2017-11-26 01:40:00,0.2510882217709812,,,2017-11-26 01:45:00,0.2509969
492,2017-11-26 04:15:00,0.252080477772893,,,2017-11-26 04:20:00,0.25193270000257223
493,2017-11-26 04:15:00,0.252080477772893,,,2017-11-26 04:20:00,0.25193270000257223
494,2017-11-26 06:00:00,0.2519590000016986,,,2017-11-26 06:40:00,0.25257370272
495,2017-11-26 06:00:00,0.2519590000016986,,,2017-11-26 06:40:00,0.25257370272
496,2017-11-26 07:25:00,0.253106,,,2017-11-26 07:50:00,0.250640757513993
497,2017-11-26 07:25:00,0.253106,,,2017-11-26 07:50:00,0.250640757513993
498,2017-11-26 08:35:00,0.24822477415737,,,2017-11-26 09:55:00,0.245203532058232
499,2017-11-26 08:35:00,0.24822477415737,,,2017-11-26 09:55:00,0.245203532058232
500,2017-11-26 10:10:00,0.24533856230401332,,,2017-11-26 10:15:00,0.24535295999388845
501,2017-11-26 10:10:00,0.24533856230401332,,,2017-11-26 10:15:00,0.24535295999388845
502,2017-11-26 12:35:00,0.24703494000693751,,,2017-11-26 13:15:00,0.24718451999668317
503,2017-11-26 12:35:00,0.24703494000693751,,,2017-11-26 13:15:00,0.24718451999668317
504,2017-11-26 16:15:00,0.2468287399983722,,,2017-11-26 16:20:00,0.246537
505,2017-11-26 16:15:00,0.2468287399983722,,,2017-11-26 16:20:00,0.246537
506,2017-11-26 17:30:00,0.2461769199970553,,,2017-11-26 17:35:00,0.244915000001342
507,2017-11-26 17:30:00,0.2461769199970553,,,2017-11-26 17:35:00,0.244915000001342
508,2017-11-26 18:10:00,0.2455992,,,2017-11-26 18:15:00,0.24601113738266853
509,2017-11-26 18:10:00,0.2455992,,,2017-11-26 18:15:00,0.24601113738266853
510,2017-11-26 19:25:00,0.2451272944489284,,,2017-11-26 20:20:00,0.24463195893165413
511,2017-11-26 19:25:00,0.2451272944489284,,,2017-11-26 20:20:00,0.24463195893165413
512,2017-11-26 21:30:00,0.2444335999994616,,,2017-11-26 21:35:00,0.24515371776
513,2017-11-26 21:30:00,0.2444335999994616,,,2017-11-26 21:35:00,0.24515371776
514,2017-11-26 23:25:00,0.2428655999486041,,,2017-11-26 23:55:00,0.24501364254438893
515,2017-11-26 23:25:00,0.2428655999486041,,,2017-11-26 23:55:00,0.24501364254438893
516,2017-11-27 02:25:00,0.2473367399784456,,,2017-11-27 02:40:00,0.2474468703
517,2017-11-27 02:25:00,0.2473367399784456,,,2017-11-27 02:40:00,0.2474468703
518,2017-11-27 03:20:00,0.24710367,,,2017-11-27 03:25:00,0.2477240060541408
519,2017-11-27 03:20:00,0.24710367,,,2017-11-27 03:25:00,0.2477240060541408
520,2017-11-27 03:55:00,0.246015365305176,,,2017-11-27 04:35:00,0.24832354298266712
521,2017-11-27 03:55:00,0.246015365305176,,,2017-11-27 04:35:00,0.24832354298266712
522,2017-11-27 07:25:00,0.250161420002598,,,2017-11-27 08:00:00,0.2511558700062328
523,2017-11-27 07:25:00,0.250161420002598,,,2017-11-27 08:00:00,0.2511558700062328
524,2017-11-27 09:10:00,0.2485051999963684,,,2017-11-27 10:20:00,0.24373665
525,2017-11-27 09:10:00,0.2485051999963684,,,2017-11-27 10:20:00,0.24373665
526,2017-11-27 12:10:00,0.247555200003852,,,2017-11-27 13:55:00,0.2469396804619093
527,2017-11-27 12:10:00,0.247555200003852,,,2017-11-27 13:55:00,0.2469396804619093
528,2017-11-27 16:15:00,0.2484798,,,2017-11-27 17:55:00,0.24654429547325069
529,2017-11-27 16:15:00,0.2484798,,,2017-11-27 17:55:00,0.24654429547325069
530,2017-11-27 19:35:00,0.2464818300031092,,,2017-11-27 19:40:00,0.2466021613005588
531,2017-11-27 19:35:00,0.2464818300031092,,,2017-11-27 19:40:00,0.2466021613005588
532,2017-11-27 21:10:00,0.2476516000041104,,,2017-11-27 21:15:00,0.24765160000385347
533,2017-11-27 21:10:00,0.2476516000041104,,,2017-11-27 21:15:00,0.24765160000385347
534,2017-11-27 21:25:00,0.2476307240663168,,,2017-11-27 22:25:00,0.2484997600007764
535,2017-11-27 21:25:00,0.2476307240663168,,,2017-11-27 22:25:00,0.2484997600007764
536,2017-11-27 23:35:00,0.2489292,,,2017-11-28 00:20:00,0.249101833581379
537,2017-11-27 23:35:00,0.2489292,,,2017-11-28 00:20:00,0.249101833581379
538,2017-11-28 00:40:00,0.24970679999100848,,,2017-11-28 00:45:00,0.24875519999334397
539,2017-11-28 00:40:00,0.24970679999100848,,,2017-11-28 00:45:00,0.24875519999334397
540,2017-11-28 02:50:00,0.26073495,,,2017-11-28 02:55:00,0.2661594115723428
541,2017-11-28 02:50:00,0.26073495,,,2017-11-28 02:55:00,0.2661594115723428
542,2017-11-28 04:35:00,0.265219227,,,2017-11-28 06:30:00,0.2586322200057596
543,2017-11-28 04:35:00,0.265219227,,,2017-11-28 06:30:00,0.2586322200057596
544,2017-11-28 10:30:00,0.2559752000067808,,,2017-11-28 10:35:00,0.25729197119999997
545,2017-11-28 10:30:00,0.2559752000067808,,,2017-11-28 10:35:00,0.25729197119999997
546,2017-11-28 10:40:00,0.258397499978434,,,2017-11-28 10:45:00,0.25844426000630477
547,2017-11-28 10:40:00,0.258397499978434,,,2017-11-28 10:45:00,0.25844426000630477
548,2017-11-28 15:45:00,0.2654575,,,2017-11-28 15:50:00,0.26477660000000003
549,2017-11-28 15:45:00,0.2654575,,,2017-11-28 15:50:00,0.26477660000000003
550,2017-11-28 19:45:00,0.2635476174297308,,,2017-11-28 19:55:00,0.2635093999658021
551,2017-11-28 19:45:00,0.2635476174297308,,,2017-11-28 19:55:00,0.2635093999658021
552,2017-11-29 00:55:00,0.27708629740644725,,,2017-11-29 02:55:00,0.270048449954998
553,2017-11-29 00:55:00,0.27708629740644725,,,2017-11-29 02:55:00,0.270048449954998
554,2017-11-29 06:25:00,0.26051952000200956,,,2017-11-29 07:25:00,0.256163700005681
555,2017-11-29 06:25:00,0.26051952000200956,,,2017-11-29 07:25:00,0.256163700005681
556,2017-11-29 10:55:00,0.2635439142371893,,,2017-11-29 11:55:00,0.26145264000315116
557,2017-11-29 10:55:00,0.2635439142371893,,,2017-11-29 11:55:00,0.26145264000315116
558,2017-11-29 13:40:00,0.26783427999901643,,,2017-11-29 14:05:00,0.2717932
559,2017-11-29 13:40:00,0.26783427999901643,,,2017-11-29 14:05:00,0.2717932
560,2017-11-29 16:00:00,0.2614969500007227,,,2017-11-29 16:20:00,0.26170899999999997
561,2017-11-29 16:00:00,0.2614969500007227,,,2017-11-29 16:20:00,0.26170899999999997
562,2017-11-29 18:00:00,0.25963319999926376,,,2017-11-29 18:25:00,0.2574935999992629
563,2017-11-29 18:00:00,0.25963319999926376,,,2017-11-29 18:25:00,0.2574935999992629
564,2017-11-29 20:00:00,0.24134832,,,2017-11-29 20:20:00,0.245692
565,2017-11-29 20:00:00,0.24134832,,,2017-11-29 20:20:00,0.245692
566,2017-11-29 23:25:00,0.2327458850151893,,,2017-11-30 00:10:00,0.2347954389807219
567,2017-11-29 23:25:00,0.2327458850151893,,,2017-11-30 00:10:00,0.2347954389807219
568,2017-11-30 03:00:00,0.2458351,,,2017-11-30 04:40:00,0.244601
569,2017-11-30 03:00:00,0.2458351,,,2017-11-30 04:40:00,0.244601
570,2017-11-30 06:45:00,0.2337,,,2017-11-30 07:00:00,0.2340338
571,2017-11-30 06:45:00,0.2337,,,2017-11-30 07:00:00,0.2340338
572,2017-11-30 10:00:00,0.2379362071741092,,,2017-11-30 11:30:00,0.234035998264117
573,2017-11-30 10:00:00,0.2379362071741092,,,2017-11-30 11:30:00,0.234035998264117
574,2017-11-30 14:15:00,0.2252222241535872,,,2017-11-30 14:45:00,0.221160839860458
575,2017-11-30 14:15:00,0.2252222241535872,,,2017-11-30 14:45:00,0.221160839860458
576,2017-11-30 19:20:00,0.232461907242275,,,2017-11-30 19:25:00,0.23065056761700004
577,2017-11-30 19:20:00,0.232461907242275,,,2017-11-30 19:25:00,0.23065056761700004
578,2017-11-30 21:00:00,0.2303564400038928,,,2017-11-30 21:35:00,0.2320927160121972
579,2017-11-30 21:00:00,0.2303564400038928,,,2017-11-30 21:35:00,0.2320927160121972
580,2017-11-30 23:30:00,0.23791678240000003,,,2017-12-01 01:50:00,0.23293066613736
581,2017-11-30 23:30:00,0.23791678240000003,,,2017-12-01 01:50:00,0.23293066613736
582,2017-12-01 03:45:00,0.23248883003313375,,,2017-12-01 04:20:00,0.23380544238888873
583,2017-12-01 03:45:00,0.23248883003313375,,,2017-12-01 04:20:00,0.23380544238888873
584,2017-12-01 06:05:00,0.22924727905645917,,,2017-12-01 06:30:00,0.2305469073758256
585,2017-12-01 06:05:00,0.22924727905645917,,,2017-12-01 06:30:00,0.2305469073758256
586,2017-12-01 07:25:00,0.226094,,,2017-12-01 07:45:00,0.227431835849769
587,2017-12-01 07:25:00,0.226094,,,2017-12-01 07:45:00,0.227431835849769
588,2017-12-01 10:00:00,0.23509794,,,2017-12-01 11:35:00,0.2352105
589,2017-12-01 10:00:00,0.23509794,,,2017-12-01 11:35:00,0.2352105
590,2017-12-01 13:20:00,0.24232,,,2017-12-01 15:45:00,0.2422140999958438
591,2017-12-01 13:20:00,0.24232,,,2017-12-01 15:45:00,0.2422140999958438
592,2017-12-01 16:20:00,0.24328722000139255,,,2017-12-01 16:25:00,0.24433
593,2017-12-01 16:20:00,0.24328722000139255,,,2017-12-01 16:25:00,0.24433
594,2017-12-01 17:35:00,0.243718,,,2017-12-01 18:40:00,0.2451026872804678
595,2017-12-01 17:35:00,0.243718,,,2017-12-01 18:40:00,0.2451026872804678
596,2017-12-01 20:40:00,0.2491207716233916,,,2017-12-01 20:45:00,0.2483561999983858
597,2017-12-01 20:40:00,0.2491207716233916,,,2017-12-01 20:45:00,0.2483561999983858
598,2017-12-01 21:50:00,0.247644,,,2017-12-01 21:55:00,0.247752
599,2017-12-01 21:50:00,0.247644,,,2017-12-01 21:55:00,0.247752
600,2017-12-01 23:55:00,0.24417146442415996,,,2017-12-02 00:10:00,0.2446941
601,2017-12-01 23:55:00,0.24417146442415996,,,2017-12-02 00:10:00,0.2446941
602,2017-12-02 01:55:00,0.24913987768375,,,2017-12-02 03:40:00,0.2470158599972952
603,2017-12-02 01:55:00,0.24913987768375,,,2017-12-02 03:40:00,0.2470158599972952
604,2017-12-02 05:00:00,0.24485837671066615,,,2017-12-02 05:15:00,0.2446279935901446
605,2017-12-02 05:00:00,0.24485837671066615,,,2017-12-02 05:15:00,0.2446279935901446
606,2017-12-02 07:25:00,0.2461346150372285,,,2017-12-02 08:00:00,0.24702166004000004
607,2017-12-02 07:25:00,0.2461346150372285,,,2017-12-02 08:00:00,0.24702166004000004
608,2017-12-02 09:05:00,0.2492045604166524,,,2017-12-02 09:10:00,0.2478595999997763
609,2017-12-02 09:05:00,0.2492045604166524,,,2017-12-02 09:10:00,0.2478595999997763
610,2017-12-02 12:00:00,0.24683999999977557,,,2017-12-02 12:20:00,0.2460689699357358
611,2017-12-02 12:00:00,0.24683999999977557,,,2017-12-02 12:20:00,0.2460689699357358
612,2017-12-02 15:00:00,0.243488000000672,,,2017-12-02 15:20:00,0.2425844
613,2017-12-02 15:00:00,0.243488000000672,,,2017-12-02 15:20:00,0.2425844
614,2017-12-02 19:55:00,0.243782675138016,,,2017-12-02 20:05:00,0.243382500024618
615,2017-12-02 19:55:00,0.243782675138016,,,2017-12-02 20:05:00,0.243382500024618
616,2017-12-02 23:40:00,0.24577976999166387,,,2017-12-02 23:45:00,0.244543438178811
617,2017-12-02 23:40:00,0.24577976999166387,,,2017-12-02 23:45:00,0.244543438178811
618,2017-12-03 01:35:00,0.24238574999865903,,,2017-12-03 02:00:00,0.24320031274233073
619,2017-12-03 01:35:00,0.24238574999865903,,,2017-12-03 02:00:00,0.24320031274233073
620,2017-12-03 03:45:00,0.2428383793382528,,,2017-12-03 03:50:00,0.24360701072883825
621,2017-12-03 03:45:00,0.2428383793382528,,,2017-12-03 03:50:00,0.24360701072883825
622,2017-12-03 05:55:00,0.2465219000093828,,,2017-12-03 06:00:00,0.2457633857496426
623,2017-12-03 05:55:00,0.2465219000093828,,,2017-12-03 06:00:00,0.2457633857496426
624,2017-12-03 09:15:00,0.24871154000022333,,,2017-12-03 09:20:00,0.248199
625,2017-12-03 09:15:00,0.24871154000022333,,,2017-12-03 09:20:00,0.248199
626,2017-12-03 10:25:00,0.2478858132612288,,,2017-12-03 10:30:00,0.2481991499919756
627,2017-12-03 10:25:00,0.2478858132612288,,,2017-12-03 10:30:00,0.2481991499919756
628,2017-12-03 13:20:00,0.2546908600002186,,,2017-12-03 14:50:00,0.2551131
629,2017-12-03 13:20:00,0.2546908600002186,,,2017-12-03 14:50:00,0.2551131
630,2017-12-03 16:15:00,0.25379563999978466,,,2017-12-03 17:05:00,0.254128700000217
631,2017-12-03 16:15:00,0.25379563999978466,,,2017-12-03 17:05:00,0.254128700000217
632,2017-12-03 18:30:00,0.25410126849455594,,,2017-12-03 18:55:00,0.25335564
633,2017-12-03 18:30:00,0.25410126849455594,,,2017-12-03 18:55:00,0.25335564
634,2017-12-03 21:20:00,0.24737999999934895,,,2017-12-03 22:20:00,0.2412484189247
635,2017-12-03 21:20:00,0.24737999999934895,,,2017-12-03 22:20:00,0.2412484189247
636,2017-12-04 01:00:00,0.2474101200002164,,,2017-12-04 01:30:00,0.24736073076108905
637,2017-12-04 01:00:00,0.2474101200002164,,,2017-12-04 01:30:00,0.24736073076108905
638,2017-12-04 03:00:00,0.2462009,,,2017-12-04 04:25:00,0.246995489501496
639,2017-12-04 03:00:00,0.2462009,,,2017-12-04 04:25:00,0.246995489501496
640,2017-12-04 05:10:00,0.247964433190488,,,2017-12-04 05:15:00,0.2482805098855084
641,2017-12-04 05:10:00,0.247964433190488,,,2017-12-04 05:15:00,0.2482805098855084
642,2017-12-04 10:40:00,0.24383800616196544,,,2017-12-04 11:00:00,0.24477966002880777
643,2017-12-04 10:40:00,0.24383800616196544,,,2017-12-04 11:00:00,0.24477966002880777
644,2017-12-04 12:25:00,0.24243092911999997,,,2017-12-04 13:45:00,0.241286
645,2017-12-04 12:25:00,0.24243092911999997,,,2017-12-04 13:45:00,0.241286
646,2017-12-04 15:35:00,0.24272954999935528,,,2017-12-04 16:10:00,0.24115064399935743
647,2017-12-04 15:35:00,0.24272954999935528,,,2017-12-04 16:10:00,0.24115064399935743
648,2017-12-04 17:10:00,0.2418750627991452,,,2017-12-04 17:15:00,0.2414620999987196
649,2017-12-04 17:10:00,0.2418750627991452,,,2017-12-04 17:15:00,0.2414620999987196
650,2017-12-04 17:40:00,0.2416771502190045,,,2017-12-04 17:45:00,0.2419615
651,2017-12-04 17:40:00,0.2416771502190045,,,2017-12-04 17:45:00,0.2419615
652,2017-12-04 19:00:00,0.2406024,,,2017-12-04 19:05:00,0.240429600007776
653,2017-12-04 19:00:00,0.2406024,,,2017-12-04 19:05:00,0.240429600007776
654,2017-12-04 21:50:00,0.244739130032589,,,2017-12-04 23:15:00,0.24618685000106752
655,2017-12-04 21:50:00,0.244739130032589,,,2017-12-04 23:15:00,0.24618685000106752
656,2017-12-05 01:05:00,0.2467124999997875,,,2017-12-05 02:15:00,0.246630137649984
657,2017-12-05 01:05:00,0.2467124999997875,,,2017-12-05 02:15:00,0.246630137649984
658,2017-12-05 03:35:00,0.2447772600008472,,,2017-12-05 05:00:00,0.2443072200002127
659,2017-12-05 03:35:00,0.2447772600008472,,,2017-12-05 05:00:00,0.2443072200002127
660,2017-12-05 06:10:00,0.24127167840125877,,,2017-12-05 06:30:00,0.2408197935010425
661,2017-12-05 06:10:00,0.24127167840125877,,,2017-12-05 06:30:00,0.2408197935010425
662,2017-12-05 08:00:00,0.2438188299991716,,,2017-12-05 09:10:00,0.24119759999815407
663,2017-12-05 08:00:00,0.2438188299991716,,,2017-12-05 09:10:00,0.24119759999815407
664,2017-12-05 11:05:00,0.24104679326074888,,,2017-12-05 11:10:00,0.2407152000105468
665,2017-12-05 11:05:00,0.24104679326074888,,,2017-12-05 11:10:00,0.2407152000105468
666,2017-12-05 13:20:00,0.2397703503588015,,,2017-12-05 13:25:00,0.2401023825008132
667,2017-12-05 13:20:00,0.2397703503588015,,,2017-12-05 13:25:00,0.2401023825008132
668,2017-12-05 14:30:00,0.23917275,,,2017-12-05 14:35:00,0.239509561880372
669,2017-12-05 14:30:00,0.23917275,,,2017-12-05 14:35:00,0.239509561880372
670,2017-12-05 16:50:00,0.23570330000081197,,,2017-12-05 17:15:00,0.2373753081345
671,2017-12-05 16:50:00,0.23570330000081197,,,2017-12-05 17:15:00,0.2373753081345
672,2017-12-05 20:05:00,0.23870064,,,2017-12-05 20:35:00,0.23878083690797752
673,2017-12-05 20:05:00,0.23870064,,,2017-12-05 20:35:00,0.23878083690797752
674,2017-12-05 21:30:00,0.240187878,,,2017-12-05 21:35:00,0.24017170622366
675,2017-12-05 21:30:00,0.240187878,,,2017-12-05 21:35:00,0.24017170622366
676,2017-12-06 00:30:00,0.23221842,,,2017-12-06 00:35:00,0.23163400003965265
677,2017-12-06 00:30:00,0.23221842,,,2017-12-06 00:35:00,0.23163400003965265
678,2017-12-06 01:30:00,0.23206665999980328,,,2017-12-06 01:35:00,0.23120535194398575
679,2017-12-06 01:30:00,0.23206665999980328,,,2017-12-06 01:35:00,0.23120535194398575
680,2017-12-06 03:05:00,0.22937892,,,2017-12-06 03:30:00,0.2297062362424728
681,2017-12-06 03:05:00,0.22937892,,,2017-12-06 03:30:00,0.2297062362424728
682,2017-12-06 06:45:00,0.2270905437511872,,,2017-12-06 06:50:00,0.2277833400014704
683,2017-12-06 06:45:00,0.2270905437511872,,,2017-12-06 06:50:00,0.2277833400014704
684,2017-12-06 11:30:00,0.2258085,,,2017-12-06 11:45:00,0.2251750700010698
685,2017-12-06 11:30:00,0.2258085,,,2017-12-06 11:45:00,0.2251750700010698
686,2017-12-06 13:40:00,0.22632548684173937,,,2017-12-06 13:45:00,0.2262783
687,2017-12-06 13:40:00,0.22632548684173937,,,2017-12-06 13:45:00,0.2262783
688,2017-12-06 16:45:00,0.2292416270212068,,,2017-12-06 17:50:00,0.226853
689,2017-12-06 16:45:00,0.2292416270212068,,,2017-12-06 17:50:00,0.226853
690,2017-12-06 18:20:00,0.2273204999971248,,,2017-12-06 18:25:00,0.2261441396032
691,2017-12-06 18:20:00,0.2273204999971248,,,2017-12-06 18:25:00,0.2261441396032
692,2017-12-06 20:20:00,0.22111909999915147,,,2017-12-06 20:50:00,0.21999704000050643
693,2017-12-06 20:20:00,0.22111909999915147,,,2017-12-06 20:50:00,0.21999704000050643
694,2017-12-06 23:10:00,0.212846738398408,,,2017-12-06 23:25:00,0.2168989414495109
695,2017-12-06 23:10:00,0.212846738398408,,,2017-12-06 23:25:00,0.2168989414495109
696,2017-12-07 03:05:00,0.2118539000006172,,,2017-12-07 03:10:00,0.2126898
697,2017-12-07 03:05:00,0.2118539000006172,,,2017-12-07 03:10:00,0.2126898
698,2017-12-07 05:25:00,0.21788714540427848,,,2017-12-07 07:25:00,0.21334184000045692
699,2017-12-07 05:25:00,0.21788714540427848,,,2017-12-07 07:25:00,0.21334184000045692
700,2017-12-07 10:10:00,0.207195,,,2017-12-07 10:15:00,0.2076847200004248
701,2017-12-07 10:10:00,0.207195,,,2017-12-07 10:15:00,0.2076847200004248
702,2017-12-07 11:10:00,0.2087297500015917,,,2017-12-07 11:15:00,0.2109699999998555
703,2017-12-07 11:10:00,0.2087297500015917,,,2017-12-07 11:15:00,0.2109699999998555
704,2017-12-07 12:25:00,0.209745,,,2017-12-07 16:45:00,0.20435643900093592
705,2017-12-07 12:25:00,0.209745,,,2017-12-07 16:45:00,0.20435643900093592
706,2017-12-07 23:15:00,0.204765367465134,,,2017-12-07 23:40:00,0.20263121999963013
707,2017-12-07 23:15:00,0.204765367465134,,,2017-12-07 23:40:00,0.20263121999963013
708,2017-12-08 02:35:00,0.2375156823001438,,,2017-12-08 06:00:00,0.21922779443266505
709,2017-12-08 02:35:00,0.2375156823001438,,,2017-12-08 06:00:00,0.21922779443266505
710,2017-12-08 07:45:00,0.22058329654730952,,,2017-12-08 07:50:00,0.22072755
711,2017-12-08 07:45:00,0.22058329654730952,,,2017-12-08 07:50:00,0.22072755
712,2017-12-08 09:40:00,0.22418957799242403,,,2017-12-08 11:25:00,0.2319450000008225
713,2017-12-08 09:40:00,0.22418957799242403,,,2017-12-08 11:25:00,0.2319450000008225
714,2017-12-08 12:25:00,0.232596000000312,,,2017-12-08 12:45:00,0.2337544392414432
715,2017-12-08 12:25:00,0.232596000000312,,,2017-12-08 12:45:00,0.2337544392414432
716,2017-12-08 14:50:00,0.226380000000441,,,2017-12-08 15:35:00,0.2290219999967176
717,2017-12-08 14:50:00,0.226380000000441,,,2017-12-08 15:35:00,0.2290219999967176
718,2017-12-08 19:10:00,0.2300630456042651,,,2017-12-08 19:50:00,0.2327776000024896
719,2017-12-08 19:10:00,0.2300630456042651,,,2017-12-08 19:50:00,0.2327776000024896
720,2017-12-08 21:25:00,0.23545241999999997,,,2017-12-08 22:45:00,0.2361839996554136
721,2017-12-08 21:25:00,0.23545241999999997,,,2017-12-08 22:45:00,0.2361839996554136
722,2017-12-09 00:10:00,0.23454395999985328,,,2017-12-09 02:30:00,0.236065
723,2017-12-09 00:10:00,0.23454395999985328,,,2017-12-09 02:30:00,0.236065
724,2017-12-09 02:50:00,0.2394230785385088,,,2017-12-09 02:55:00,0.23852830633438937
725,2017-12-09 02:50:00,0.2394230785385088,,,2017-12-09 02:55:00,0.23852830633438937
726,2017-12-09 04:00:00,0.24061129508578888,,,2017-12-09 05:20:00,0.240970713967368
727,2017-12-09 04:00:00,0.24061129508578888,,,2017-12-09 05:20:00,0.240970713967368
728,2017-12-09 09:55:00,0.23781436000799,,,2017-12-09 10:00:00,0.238303
729,2017-12-09 09:55:00,0.23781436000799,,,2017-12-09 10:00:00,0.238303
730,2017-12-09 12:10:00,0.2409822000012904,,,2017-12-09 12:40:00,0.241563481467114
731,2017-12-09 12:10:00,0.2409822000012904,,,2017-12-09 12:40:00,0.241563481467114
732,2017-12-09 13:55:00,0.2439783625053696,,,2017-12-09 14:00:00,0.244266049998026
733,2017-12-09 13:55:00,0.2439783625053696,,,2017-12-09 14:00:00,0.244266049998026
734,2017-12-09 15:40:00,0.24307335,,,2017-12-09 15:55:00,0.24136076
735,2017-12-09 15:40:00,0.24307335,,,2017-12-09 15:55:00,0.24136076
736,2017-12-09 17:25:00,0.233871041404688,,,2017-12-09 17:55:00,0.2359637295150324
737,2017-12-09 17:25:00,0.233871041404688,,,2017-12-09 17:55:00,0.2359637295150324
738,2017-12-09 19:50:00,0.2349200000001678,,,2017-12-09 20:00:00,0.2346570400008395
739,2017-12-09 19:50:00,0.2349200000001678,,,2017-12-09 20:00:00,0.2346570400008395
740,2017-12-09 23:05:00,0.23739600000016264,,,2017-12-10 01:40:00,0.231112664211582
741,2017-12-09 23:05:00,0.23739600000016264,,,2017-12-10 01:40:00,0.231112664211582
742,2017-12-10 04:05:00,0.22938715746939065,,,2017-12-10 04:30:00,0.22687468
743,2017-12-10 04:05:00,0.22938715746939065,,,2017-12-10 04:30:00,0.22687468
744,2017-12-10 05:55:00,0.2214042341435196,,,2017-12-10 06:30:00,0.225522
745,2017-12-10 05:55:00,0.2214042341435196,,,2017-12-10 06:30:00,0.225522
746,2017-12-10 07:45:00,0.22603983151359,,,2017-12-10 09:25:00,0.22473606128006549
747,2017-12-10 07:45:00,0.22603983151359,,,2017-12-10 09:25:00,0.22473606128006549
748,2017-12-10 11:35:00,0.2279262302880203,,,2017-12-10 12:20:00,0.2271924449010146
749,2017-12-10 11:35:00,0.2279262302880203,,,2017-12-10 12:20:00,0.2271924449010146
750,2017-12-10 14:55:00,0.2334383999998452,,,2017-12-10 15:25:00,0.233019
751,2017-12-10 14:55:00,0.2334383999998452,,,2017-12-10 15:25:00,0.233019
752,2017-12-10 18:00:00,0.2334768,,,2017-12-10 19:30:00,0.2331378772074
753,2017-12-10 18:00:00,0.2334768,,,2017-12-10 19:30:00,0.2331378772074
754,2017-12-10 21:30:00,0.2299675,,,2017-12-10 22:15:00,0.23052247976537335
755,2017-12-10 21:30:00,0.2299675,,,2017-12-10 22:15:00,0.23052247976537335
756,2017-12-11 00:20:00,0.231192,,,2017-12-11 00:40:00,0.23110501546158632
757,2017-12-11 00:20:00,0.231192,,,2017-12-11 00:40:00,0.23110501546158632
758,2017-12-11 02:25:00,0.2346562632,,,2017-12-11 03:10:00,0.23456685
759,2017-12-11 02:25:00,0.2346562632,,,2017-12-11 03:10:00,0.23456685
760,2017-12-11 04:15:00,0.2347077599991336,,,2017-12-11 04:40:00,0.2356379999958504
761,2017-12-11 04:15:00,0.2347077599991336,,,2017-12-11 04:40:00,0.2356379999958504
762,2017-12-11 06:55:00,0.2404038,,,2017-12-11 07:00:00,0.23924923000100867
763,2017-12-11 06:55:00,0.2404038,,,2017-12-11 07:00:00,0.23924923000100867
764,2017-12-11 09:50:00,0.23699039999869048,,,2017-12-11 09:55:00,0.237947390800727
765,2017-12-11 09:50:00,0.23699039999869048,,,2017-12-11 09:55:00,0.237947390800727
766,2017-12-11 12:05:00,0.2430633556723155,,,2017-12-11 12:30:00,0.243626919998808
767,2017-12-11 12:05:00,0.2430633556723155,,,2017-12-11 12:30:00,0.243626919998808
768,2017-12-11 14:05:00,0.24348704999835333,,,2017-12-11 15:20:00,0.239861700000741
769,2017-12-11 14:05:00,0.24348704999835333,,,2017-12-11 15:20:00,0.239861700000741
770,2017-12-11 15:25:00,0.2409946500007445,,,2017-12-11 15:30:00,0.24131834999955268
771,2017-12-11 15:25:00,0.2409946500007445,,,2017-12-11 15:30:00,0.24131834999955268
772,2017-12-11 17:20:00,0.2420817560484528,,,2017-12-11 18:00:00,0.241711593750594
773,2017-12-11 17:20:00,0.2420817560484528,,,2017-12-11 18:00:00,0.241711593750594
774,2017-12-11 19:35:00,0.2430043,,,2017-12-11 19:50:00,0.2444463
775,2017-12-11 19:35:00,0.2430043,,,2017-12-11 19:50:00,0.2444463
776,2017-12-11 22:20:00,0.24581172,,,2017-12-11 23:10:00,0.244609824161345
777,2017-12-11 22:20:00,0.24581172,,,2017-12-11 23:10:00,0.244609824161345
778,2017-12-11 23:35:00,0.2452447156834555,,,2017-12-11 23:40:00,0.24400089999985308
779,2017-12-11 23:35:00,0.2452447156834555,,,2017-12-11 23:40:00,0.24400089999985308
780,2017-12-12 01:15:00,0.2464209999919108,,,2017-12-12 01:20:00,0.2447867
781,2017-12-12 01:15:00,0.2464209999919108,,,2017-12-12 01:20:00,0.2447867
782,2017-12-12 02:45:00,0.24352514999762404,,,2017-12-12 03:05:00,0.2408933799965546
783,2017-12-12 02:45:00,0.24352514999762404,,,2017-12-12 03:05:00,0.2408933799965546
784,2017-12-12 06:25:00,0.2565828,,,2017-12-12 08:35:00,0.257811500000465
785,2017-12-12 06:25:00,0.2565828,,,2017-12-12 08:35:00,0.257811500000465
786,2017-12-12 10:50:00,0.261117450001276,,,2017-12-12 11:00:00,0.2694377577940456
787,2017-12-12 10:50:00,0.261117450001276,,,2017-12-12 11:00:00,0.2694377577940456
788,2017-12-12 13:10:00,0.26179405999518196,,,2017-12-12 13:40:00,0.2650221499998403
789,2017-12-12 13:10:00,0.26179405999518196,,,2017-12-12 13:40:00,0.2650221499998403
790,2017-12-12 17:25:00,0.2789448,,,2017-12-12 17:30:00,0.29007952003619997
791,2017-12-12 17:25:00,0.2789448,,,2017-12-12 17:30:00,0.29007952003619997
792,2017-12-12 18:50:00,0.29210874000035425,,,2017-12-12 20:15:00,0.3018743200023738
793,2017-12-12 18:50:00,0.29210874000035425,,,2017-12-12 20:15:00,0.3018743200023738
794,2017-12-12 22:00:00,0.368402600001808,,,2017-12-12 22:15:00,0.367250000003164
795,2017-12-12 22:00:00,0.368402600001808,,,2017-12-12 22:15:00,0.367250000003164
796,2017-12-13 00:15:00,0.34771848230400637,,,2017-12-13 00:40:00,0.352132442465601
797,2017-12-13 00:15:00,0.34771848230400637,,,2017-12-13 00:40:00,0.352132442465601
798,2017-12-13 09:30:00,0.45489439999291,,,2017-12-13 10:55:00,0.4345900500008145
799,2017-12-13 09:30:00,0.45489439999291,,,2017-12-13 10:55:00,0.4345900500008145
800,2017-12-13 15:15:00,0.43683165000702,,,2017-12-13 15:50:00,0.4388556
801,2017-12-13 15:15:00,0.43683165000702,,,2017-12-13 15:50:00,0.4388556
802,2017-12-13 16:45:00,0.4326050588490756,,,2017-12-13 18:05:00,0.43386210461412
803,2017-12-13 16:45:00,0.4326050588490756,,,2017-12-13 18:05:00,0.43386210461412
804,2017-12-13 19:00:00,0.42406250000027146,,,2017-12-13 19:15:00,0.41982318258426
805,2017-12-13 19:00:00,0.42406250000027146,,,2017-12-13 19:15:00,0.41982318258426
806,2017-12-13 21:25:00,0.46719149999970494,,,2017-12-14 00:40:00,0.4547908000002846
807,2017-12-13 21:25:00,0.46719149999970494,,,2017-12-14 00:40:00,0.4547908000002846
808,2017-12-14 02:25:00,0.456344134498877,,,2017-12-14 03:00:00,0.463846349998818
809,2017-12-14 02:25:00,0.456344134498877,,,2017-12-14 03:00:00,0.463846349998818
810,2017-12-14 06:10:00,0.543530686994524,,,2017-12-14 08:05:00,0.542603026
811,2017-12-14 06:10:00,0.543530686994524,,,2017-12-14 08:05:00,0.542603026
812,2017-12-14 09:00:00,0.5277341899986988,,,2017-12-14 09:10:00,0.532234590646244
813,2017-12-14 09:00:00,0.5277341899986988,,,2017-12-14 09:10:00,0.532234590646244
814,2017-12-14 11:25:00,0.545072,,,2017-12-14 12:20:00,0.5471304000013169
815,2017-12-14 11:25:00,0.545072,,,2017-12-14 12:20:00,0.5471304000013169
816,2017-12-14 14:20:00,0.6545343399811107,,,2017-12-14 14:40:00,0.6665069999627902
817,2017-12-14 14:20:00,0.6545343399811107,,,2017-12-14 14:40:00,0.6665069999627902
818,2017-12-14 16:05:00,0.6615732500283851,,,2017-12-14 16:40:00,0.660555
819,2017-12-14 16:05:00,0.6615732500283851,,,2017-12-14 16:40:00,0.660555
820,2017-12-14 19:50:00,0.7492864500119263,,,2017-12-14 20:20:00,0.786663494578823
821,2017-12-14 19:50:00,0.7492864500119263,,,2017-12-14 20:20:00,0.786663494578823
822,2017-12-14 22:50:00,0.8356403051678276,,,2017-12-15 01:15:00,0.760025209860146
823,2017-12-14 22:50:00,0.8356403051678276,,,2017-12-15 01:15:00,0.760025209860146
824,2017-12-15 03:05:00,0.7095692999983773,,,2017-12-15 03:10:00,0.74448149244043
825,2017-12-15 03:05:00,0.7095692999983773,,,2017-12-15 03:10:00,0.74448149244043
826,2017-12-15 05:45:00,0.7252400816658422,,,2017-12-15 06:10:00,0.7303844000025302
827,2017-12-15 05:45:00,0.7252400816658422,,,2017-12-15 06:10:00,0.7303844000025302
828,2017-12-15 08:00:00,0.784014176,,,2017-12-15 11:00:00,0.7449785265867
829,2017-12-15 08:00:00,0.784014176,,,2017-12-15 11:00:00,0.7449785265867
830,2017-12-15 16:10:00,0.7915870044922451,,,2017-12-15 17:50:00,0.7708399199718912
831,2017-12-15 16:10:00,0.7915870044922451,,,2017-12-15 17:50:00,0.7708399199718912
832,2017-12-15 18:25:00,0.7678529394362736,,,2017-12-15 19:35:00,0.7532694399953184
833,2017-12-15 18:25:00,0.7678529394362736,,,2017-12-15 19:35:00,0.7532694399953184
834,2017-12-15 23:40:00,0.7302780033601182,,,2017-12-15 23:45:00,0.7469152520809159
835,2017-12-15 23:40:00,0.7302780033601182,,,2017-12-15 23:45:00,0.7469152520809159
836,2017-12-16 03:15:00,0.75429,,,2017-12-16 04:35:00,0.74293765
837,2017-12-16 03:15:00,0.75429,,,2017-12-16 04:35:00,0.74293765
838,2017-12-16 07:15:00,0.7572777299923374,,,2017-12-16 08:25:00,0.7529316165659105
839,2017-12-16 07:15:00,0.7572777299923374,,,2017-12-16 08:25:00,0.7529316165659105
840,2017-12-16 09:50:00,0.7497613799865792,,,2017-12-16 10:15:00,0.7625385500012763
841,2017-12-16 09:50:00,0.7497613799865792,,,2017-12-16 10:15:00,0.7625385500012763
842,2017-12-16 14:05:00,0.7655883199974896,,,2017-12-16 14:40:00,0.7607590904067
843,2017-12-16 14:05:00,0.7655883199974896,,,2017-12-16 14:40:00,0.7607590904067
844,2017-12-16 16:10:00,0.7381909100086306,,,2017-12-16 16:20:00,0.7531327500068594
845,2017-12-16 16:10:00,0.7381909100086306,,,2017-12-16 16:20:00,0.7531327500068594
846,2017-12-16 18:45:00,0.749789799987569,,,2017-12-16 20:20:00,0.7339138563166947
847,2017-12-16 18:45:00,0.749789799987569,,,2017-12-16 20:20:00,0.7339138563166947
848,2017-12-17 02:45:00,0.743619828517105,,,2017-12-17 04:05:00,0.742579115632592
849,2017-12-17 02:45:00,0.743619828517105,,,2017-12-17 04:05:00,0.742579115632592
850,2017-12-17 06:40:00,0.740159999988096,,,2017-12-17 07:50:00,0.7365448999950991
851,2017-12-17 06:40:00,0.740159999988096,,,2017-12-17 07:50:00,0.7365448999950991
852,2017-12-17 10:55:00,0.73634862,,,2017-12-17 13:00:00,0.7248930299988904
853,2017-12-17 10:55:00,0.73634862,,,2017-12-17 13:00:00,0.7248930299988904
854,2017-12-17 17:00:00,0.7161654499985076,,,2017-12-17 17:45:00,0.7100758500051899
855,2017-12-17 17:00:00,0.7161654499985076,,,2017-12-17 17:45:00,0.7100758500051899
856,2017-12-17 21:10:00,0.7256373626150089,,,2017-12-17 21:20:00,0.7248131699832229
857,2017-12-17 21:10:00,0.7256373626150089,,,2017-12-17 21:20:00,0.7248131699832229
858,2017-12-17 23:05:00,0.7187208000011276,,,2017-12-18 00:15:00,0.7087233800003767
859,2017-12-17 23:05:00,0.7187208000011276,,,2017-12-18 00:15:00,0.7087233800003767
860,2017-12-18 01:35:00,0.6775593,,,2017-12-18 01:50:00,0.6794477176476277
861,2017-12-18 01:35:00,0.6775593,,,2017-12-18 01:50:00,0.6794477176476277
862,2017-12-18 03:15:00,0.6857888179996282,,,2017-12-18 04:35:00,0.6994967000000001
863,2017-12-18 03:15:00,0.6857888179996282,,,2017-12-18 04:35:00,0.6994967000000001
864,2017-12-18 05:45:00,0.6899390325301843,,,2017-12-18 06:00:00,0.7038680039947697
865,2017-12-18 05:45:00,0.6899390325301843,,,2017-12-18 06:00:00,0.7038680039947697
866,2017-12-18 08:00:00,0.7082965999999999,,,2017-12-18 08:20:00,0.7415240000031807
867,2017-12-18 08:00:00,0.7082965999999999,,,2017-12-18 08:20:00,0.7415240000031807
868,2017-12-18 13:20:00,0.7195813499996153,,,2017-12-18 14:45:00,0.713162039040384
869,2017-12-18 13:20:00,0.7195813499996153,,,2017-12-18 14:45:00,0.713162039040384
870,2017-12-18 16:40:00,0.7135017499946309,,,2017-12-18 17:15:00,0.7188879999992185
871,2017-12-18 16:40:00,0.7135017499946309,,,2017-12-18 17:15:00,0.7188879999992185
872,2017-12-18 18:55:00,0.7194790999898341,,,2017-12-18 19:05:00,0.7258838016905356
873,2017-12-18 18:55:00,0.7194790999898341,,,2017-12-18 19:05:00,0.7258838016905356
874,2017-12-18 23:20:00,0.751941399997214,,,2017-12-18 23:35:00,0.7517379642033951
875,2017-12-18 23:20:00,0.751941399997214,,,2017-12-18 23:35:00,0.7517379642033951
876,2017-12-19 00:55:00,0.7522495988000001,,,2017-12-19 01:15:00,0.763560555
877,2017-12-19 00:55:00,0.7522495988000001,,,2017-12-19 01:15:00,0.763560555
878,2017-12-19 03:00:00,0.7756143500016603,,,2017-12-19 03:40:00,0.7956765672857482
879,2017-12-19 03:00:00,0.7756143500016603,,,2017-12-19 03:40:00,0.7956765672857482
880,2017-12-19 05:35:00,0.8249550091171007,,,2017-12-19 08:35:00,0.801051999979504
881,2017-12-19 05:35:00,0.8249550091171007,,,2017-12-19 08:35:00,0.801051999979504
882,2017-12-19 10:30:00,0.7585958961766788,,,2017-12-19 11:15:00,0.7440275
883,2017-12-19 10:30:00,0.7585958961766788,,,2017-12-19 11:15:00,0.7440275
884,2017-12-19 14:35:00,0.7612769999991398,,,2017-12-19 15:45:00,0.75395904
885,2017-12-19 14:35:00,0.7612769999991398,,,2017-12-19 15:45:00,0.75395904
886,2017-12-19 18:30:00,0.76266,,,2017-12-19 19:00:00,0.7698912200008583
887,2017-12-19 18:30:00,0.76266,,,2017-12-19 19:00:00,0.7698912200008583
888,2017-12-19 19:50:00,0.7637334147,,,2017-12-19 22:15:00,0.7242445
889,2017-12-19 19:50:00,0.7637334147,,,2017-12-19 22:15:00,0.7242445
890,2017-12-20 01:00:00,0.6840171000008398,,,2017-12-20 02:05:00,0.6821972494
891,2017-12-20 01:00:00,0.6840171000008398,,,2017-12-20 02:05:00,0.6821972494
892,2017-12-20 04:45:00,0.7026882511207884,,,2017-12-20 05:00:00,0.702075
893,2017-12-20 04:45:00,0.7026882511207884,,,2017-12-20 05:00:00,0.702075
894,2017-12-20 06:45:00,0.68393887420491,,,2017-12-20 07:10:00,0.687470000000427
895,2017-12-20 06:45:00,0.68393887420491,,,2017-12-20 07:10:00,0.687470000000427
896,2017-12-20 08:35:00,0.7156969139939603,,,2017-12-20 09:00:00,0.7200265400200173
897,2017-12-20 08:35:00,0.7156969139939603,,,2017-12-20 09:00:00,0.7200265400200173
898,2017-12-20 09:45:00,0.7194993111510599,,,2017-12-20 10:30:00,0.7386772499978626
899,2017-12-20 09:45:00,0.7194993111510599,,,2017-12-20 10:30:00,0.7386772499978626
900,2017-12-20 11:50:00,0.7344043199970517,,,2017-12-20 15:00:00,0.7061702421618432
901,2017-12-20 11:50:00,0.7344043199970517,,,2017-12-20 15:00:00,0.7061702421618432
902,2017-12-20 16:45:00,0.690017249998725,,,2017-12-20 17:00:00,0.7033992
903,2017-12-20 16:45:00,0.690017249998725,,,2017-12-20 17:00:00,0.7033992
904,2017-12-20 18:45:00,0.731336555484216,,,2017-12-20 20:05:00,0.7290592
905,2017-12-20 18:45:00,0.731336555484216,,,2017-12-20 20:05:00,0.7290592
906,2017-12-21 02:30:00,0.83470822551354,,,2017-12-21 03:15:00,0.872022
907,2017-12-21 02:30:00,0.83470822551354,,,2017-12-21 03:15:00,0.872022
908,2017-12-21 04:10:00,0.9079040921342398,,,2017-12-21 05:40:00,0.900848401870192
909,2017-12-21 04:10:00,0.9079040921342398,,,2017-12-21 05:40:00,0.900848401870192
910,2017-12-21 07:55:00,0.9035808099878812,,,2017-12-21 08:55:00,0.8917535969363924
911,2017-12-21 07:55:00,0.9035808099878812,,,2017-12-21 08:55:00,0.8917535969363924
912,2017-12-21 12:40:00,0.95850132,,,2017-12-21 13:10:00,0.9942142759978002
913,2017-12-21 12:40:00,0.95850132,,,2017-12-21 13:10:00,0.9942142759978002
914,2017-12-21 16:05:00,0.9447,,,2017-12-21 16:25:00,0.9527360002532272
915,2017-12-21 16:05:00,0.9447,,,2017-12-21 16:25:00,0.9527360002532272
916,2017-12-21 18:00:00,0.96998646,,,2017-12-21 18:30:00,0.99
917,2017-12-21 18:00:00,0.96998646,,,2017-12-21 18:30:00,0.99
918,2017-12-21 19:50:00,0.9818117043013452,,,2017-12-21 20:15:00,1.0247811
919,2017-12-21 19:50:00,0.9818117043013452,,,2017-12-21 20:15:00,1.0247811
920,2017-12-21 22:05:00,1.0172445,,,2017-12-21 23:10:00,1.030867124712182
921,2017-12-21 22:05:00,1.0172445,,,2017-12-21 23:10:00,1.030867124712182
922,2017-12-22 02:05:00,1.158177550873002,,,2017-12-22 02:35:00,1.2134013800872514
923,2017-12-22 02:05:00,1.158177550873002,,,2017-12-22 02:35:00,1.2134013800872514
924,2017-12-22 03:55:00,1.0672533,,,2017-12-22 04:20:00,1.1139827999992198
925,2017-12-22 03:55:00,1.0672533,,,2017-12-22 04:20:00,1.1139827999992198
926,2017-12-22 06:10:00,1.089687499998415,,,2017-12-22 08:10:00,0.9022256894865504
927,2017-12-22 06:10:00,1.089687499998415,,,2017-12-22 08:10:00,0.9022256894865504
928,2017-12-22 10:45:00,1.003798,,,2017-12-22 12:40:00,0.9488619999944592
929,2017-12-22 10:45:00,1.003798,,,2017-12-22 12:40:00,0.9488619999944592
930,2017-12-22 13:45:00,0.8666045199993184,,,2017-12-22 14:00:00,0.8082547896120887
931,2017-12-22 13:45:00,0.8666045199993184,,,2017-12-22 14:00:00,0.8082547896120887
932,2017-12-22 18:25:00,0.954212999995562,,,2017-12-22 18:35:00,0.9776598000037232
933,2017-12-22 18:25:00,0.954212999995562,,,2017-12-22 18:35:00,0.9776598000037232
934,2017-12-22 20:10:00,0.98708055409986,,,2017-12-22 20:40:00,1.0221685
935,2017-12-22 20:10:00,0.98708055409986,,,2017-12-22 20:40:00,1.0221685
936,2017-12-23 00:05:00,1.0304720000022731,,,2017-12-23 00:30:00,1.0592864094739525
937,2017-12-23 00:05:00,1.0304720000022731,,,2017-12-23 00:30:00,1.0592864094739525
938,2017-12-23 03:35:00,1.0298889,,,2017-12-23 04:00:00,1.0443660815218223
939,2017-12-23 03:35:00,1.0298889,,,2017-12-23 04:00:00,1.0443660815218223
940,2017-12-23 06:25:00,0.9693367499813657,,,2017-12-23 06:35:00,0.9354593299992966
941,2017-12-23 06:25:00,0.9693367499813657,,,2017-12-23 06:35:00,0.9354593299992966
942,2017-12-23 08:10:00,1.017804648436722,,,2017-12-23 10:50:00,1.022493
943,2017-12-23 08:10:00,1.017804648436722,,,2017-12-23 10:50:00,1.022493
944,2017-12-23 16:15:00,1.002487499997186,,,2017-12-23 16:30:00,1.0147175999992968
945,2017-12-23 16:15:00,1.002487499997186,,,2017-12-23 16:30:00,1.0147175999992968
946,2017-12-23 18:05:00,1.011332199976268,,,2017-12-23 18:25:00,1.029450499885223
947,2017-12-23 18:05:00,1.011332199976268,,,2017-12-23 18:25:00,1.029450499885223
948,2017-12-23 21:10:00,1.024901299994471,,,2017-12-23 21:25:00,1.0257880000027724
949,2017-12-23 21:10:00,1.024901299994471,,,2017-12-23 21:25:00,1.0257880000027724
950,2017-12-24 00:40:00,0.969052122991971,,,2017-12-24 00:50:00,0.977448
951,2017-12-24 00:40:00,0.969052122991971,,,2017-12-24 00:50:00,0.977448
952,2017-12-24 02:25:00,0.92670345,,,2017-12-24 03:10:00,0.925619200005632
953,2017-12-24 02:25:00,0.92670345,,,2017-12-24 03:10:00,0.925619200005632
954,2017-12-24 05:05:00,0.9324975,,,2017-12-24 06:40:00,0.9521155
955,2017-12-24 05:05:00,0.9324975,,,2017-12-24 06:40:00,0.9521155
956,2017-12-24 08:25:00,0.9287191624715564,,,2017-12-24 08:50:00,0.938244544148124
957,2017-12-24 08:25:00,0.9287191624715564,,,2017-12-24 08:50:00,0.938244544148124
958,2017-12-24 10:35:00,0.8813784992768299,,,2017-12-24 10:55:00,0.8872718400335665
959,2017-12-24 10:35:00,0.8813784992768299,,,2017-12-24 10:55:00,0.8872718400335665
960,2017-12-24 16:05:00,0.8997572151177903,,,2017-12-24 16:25:00,0.9135921647813996
961,2017-12-24 16:05:00,0.8997572151177903,,,2017-12-24 16:25:00,0.9135921647813996
962,2017-12-24 18:40:00,0.9388991999817984,,,2017-12-24 20:10:00,0.938022
963,2017-12-24 18:40:00,0.9388991999817984,,,2017-12-24 20:10:00,0.938022
964,2017-12-25 02:50:00,0.9356680199942417,,,2017-12-25 03:30:00,0.9416407455396908
965,2017-12-25 02:50:00,0.9356680199942417,,,2017-12-25 03:30:00,0.9416407455396908
966,2017-12-25 08:15:00,0.9676110331683836,,,2017-12-25 08:25:00,0.9746650150900604
967,2017-12-25 08:15:00,0.9676110331683836,,,2017-12-25 08:25:00,0.9746650150900604
968,2017-12-25 10:05:00,0.983156231460404,,,2017-12-25 11:35:00,0.9947388
969,2017-12-25 10:05:00,0.983156231460404,,,2017-12-25 11:35:00,0.9947388
970,2017-12-25 12:20:00,0.9901000199985804,,,2017-12-25 12:45:00,1.0067976151569125
971,2017-12-25 12:20:00,0.9901000199985804,,,2017-12-25 12:45:00,1.0067976151569125
972,2017-12-25 17:55:00,0.9722932962926986,,,2017-12-25 18:15:00,0.9827125000021442
973,2017-12-25 17:55:00,0.9722932962926986,,,2017-12-25 18:15:00,0.9827125000021442
974,2017-12-25 19:30:00,0.9804115833417764,,,2017-12-25 21:35:00,0.9722776282409852
975,2017-12-25 19:30:00,0.9804115833417764,,,2017-12-25 21:35:00,0.9722776282409852
976,2017-12-26 00:10:00,0.9780830049139224,,,2017-12-26 01:55:00,0.9709894779673436
977,2017-12-26 00:10:00,0.9780830049139224,,,2017-12-26 01:55:00,0.9709894779673436
978,2017-12-26 07:25:00,0.98788891573843,,,2017-12-26 08:00:00,0.999135452259126
979,2017-12-26 07:25:00,0.98788891573843,,,2017-12-26 08:00:00,0.999135452259126
980,2017-12-26 09:40:00,1.0000846150333675,,,2017-12-26 10:30:00,1.0031647499993384
981,2017-12-26 09:40:00,1.0000846150333675,,,2017-12-26 10:30:00,1.0031647499993384
982,2017-12-26 11:45:00,0.999002417241556,,,2017-12-26 12:50:00,0.9950340173665356
983,2017-12-26 11:45:00,0.999002417241556,,,2017-12-26 12:50:00,0.9950340173665356
984,2017-12-26 14:45:00,0.9926477699981032,,,2017-12-26 15:50:00,0.9949274999861027
985,2017-12-26 14:45:00,0.9926477699981032,,,2017-12-26 15:50:00,0.9949274999861027
986,2017-12-26 21:00:00,0.999290755242608,,,2017-12-26 21:05:00,0.998723154817668
987,2017-12-26 21:00:00,0.999290755242608,,,2017-12-26 21:05:00,0.998723154817668
988,2017-12-26 23:45:00,1.0748400000041338,,,2017-12-27 00:30:00,1.0986640230183156
989,2017-12-26 23:45:00,1.0748400000041338,,,2017-12-27 00:30:00,1.0986640230183156
990,2017-12-27 05:15:00,1.105590199999318,,,2017-12-27 05:40:00,1.1277566999944617
991,2017-12-27 05:15:00,1.105590199999318,,,2017-12-27 05:40:00,1.1277566999944617
992,2017-12-27 06:50:00,1.1213449999315,,,2017-12-27 07:10:00,1.138174310000702
993,2017-12-27 06:50:00,1.1213449999315,,,2017-12-27 07:10:00,1.138174310000702
994,2017-12-27 08:25:00,1.130233704002784,,,2017-12-27 11:15:00,1.1045000994183387
995,2017-12-27 08:25:00,1.130233704002784,,,2017-12-27 11:15:00,1.1045000994183387
996,2017-12-27 15:30:00,1.1390064400089328,,,2017-12-27 16:05:00,1.1343059999734322
997,2017-12-27 15:30:00,1.1390064400089328,,,2017-12-27 16:05:00,1.1343059999734322
998,2017-12-27 17:25:00,1.1060295199962853,,,2017-12-27 17:45:00,1.11677199
999,2017-12-27 17:25:00,1.1060295199962853,,,2017-12-27 17:45:00,1.11677199
1000,2017-12-27 21:20:00,1.23486223565129,,,2017-12-27 21:30:00,1.2330015238720045
1001,2017-12-27 21:20:00,1.23486223565129,,,2017-12-27 21:30:00,1.2330015238720045
1002,2017-12-28 03:15:00,1.171409167816217,,,2017-12-28 03:45:00,1.1454826399750264
1003,2017-12-28 03:15:00,1.171409167816217,,,2017-12-28 03:45:00,1.1454826399750264
1004,2017-12-28 05:45:00,1.1421965,,,2017-12-28 06:40:00,1.1350210576088615
1005,2017-12-28 05:45:00,1.1421965,,,2017-12-28 06:40:00,1.1350210576088615
1006,2017-12-28 11:20:00,1.1210923305674627,,,2017-12-28 11:40:00,1.1269715999991687
1007,2017-12-28 11:20:00,1.1210923305674627,,,2017-12-28 11:40:00,1.1269715999991687
1008,2017-12-28 14:30:00,1.1715748800268864,,,2017-12-28 14:50:00,1.2175324099939806
1009,2017-12-28 14:30:00,1.1715748800268864,,,2017-12-28 14:50:00,1.2175324099939806
1010,2017-12-28 17:55:00,1.2520997557753308,,,2017-12-28 19:00:00,1.24851353932048
1011,2017-12-28 17:55:00,1.2520997557753308,,,2017-12-28 19:00:00,1.24851353932048
1012,2017-12-28 21:05:00,1.2697659291126284,,,2017-12-28 22:15:00,1.2435315703068348
1013,2017-12-28 21:05:00,1.2697659291126284,,,2017-12-28 22:15:00,1.2435315703068348
1014,2017-12-29 00:00:00,1.2483396000454896,,,2017-12-29 00:20:00,1.269854420875876
1015,2017-12-29 00:00:00,1.2483396000454896,,,2017-12-29 00:20:00,1.269854420875876
1016,2017-12-29 01:55:00,1.2873928,,,2017-12-29 02:05:00,1.3073424
1017,2017-12-29 01:55:00,1.2873928,,,2017-12-29 02:05:00,1.3073424
1018,2017-12-29 03:55:00,1.3836556399934674,,,2017-12-29 06:00:00,1.3822380000316472
1019,2017-12-29 03:55:00,1.3836556399934674,,,2017-12-29 06:00:00,1.3822380000316472
1020,2017-12-29 09:50:00,1.49521492,,,2017-12-29 10:30:00,1.528884236329541
1021,2017-12-29 09:50:00,1.49521492,,,2017-12-29 10:30:00,1.528884236329541
1022,2017-12-29 13:45:00,1.5969611839645,,,2017-12-29 14:25:00,1.6632751299791757
1023,2017-12-29 13:45:00,1.5969611839645,,,2017-12-29 14:25:00,1.6632751299791757
1024,2017-12-29 15:50:00,1.573790358264476,,,2017-12-29 16:20:00,1.6161253900066594
1025,2017-12-29 15:50:00,1.573790358264476,,,2017-12-29 16:20:00,1.6161253900066594
1026,2017-12-29 18:20:00,1.6871927999988332,,,2017-12-29 18:30:00,1.7229115665658197
1027,2017-12-29 18:20:00,1.6871927999988332,,,2017-12-29 18:30:00,1.7229115665658197
1028,2017-12-29 19:55:00,1.8438489999861551,,,2017-12-29 20:25:00,1.9380340000093883
1029,2017-12-29 19:55:00,1.8438489999861551,,,2017-12-29 20:25:00,1.9380340000093883
1030,2017-12-29 21:30:00,1.9307425067660513,,,2017-12-29 22:45:00,1.892965632688057
1031,2017-12-29 21:30:00,1.9307425067660513,,,2017-12-29 22:45:00,1.892965632688057
1032,2017-12-30 02:50:00,1.99767303392457,,,2017-12-30 03:20:00,2.0891505584193824
1033,2017-12-30 02:50:00,1.99767303392457,,,2017-12-30 03:20:00,2.0891505584193824
1034,2017-12-30 05:40:00,2.090376553147391,,,2017-12-30 05:50:00,2.1887780014365408
1035,2017-12-30 05:40:00,2.090376553147391,,,2017-12-30 05:50:00,2.1887780014365408
1036,2017-12-30 07:45:00,2.3767238160811575,,,2017-12-30 10:40:00,2.0683
1037,2017-12-30 07:45:00,2.3767238160811575,,,2017-12-30 10:40:00,2.0683
1038,2017-12-30 12:30:00,1.9869484001327815,,,2017-12-30 13:50:00,1.8858945000000005
1039,2017-12-30 12:30:00,1.9869484001327815,,,2017-12-30 13:50:00,1.8858945000000005
1040,2017-12-30 18:55:00,2.00559355492296,,,2017-12-30 21:00:00,1.8745154123983652
1041,2017-12-30 18:55:00,2.00559355492296,,,2017-12-30 21:00:00,1.8745154123983652
1042,2017-12-30 21:45:00,1.8570954,,,2017-12-30 22:00:00,1.8459025
1043,2017-12-30 21:45:00,1.8570954,,,2017-12-30 22:00:00,1.8459025
1044,2017-12-31 00:25:00,1.911052215651898,,,2017-12-31 03:05:00,1.7475399999906618
1045,2017-12-31 00:25:00,1.911052215651898,,,2017-12-31 03:05:00,1.7475399999906618
1046,2017-12-31 04:10:00,1.71366886889,,,2017-12-31 04:20:00,1.6622727398253216
1047,2017-12-31 04:10:00,1.71366886889,,,2017-12-31 04:20:00,1.6622727398253216
1048,2017-12-31 06:05:00,1.757539960585361,,,2017-12-31 06:35:00,1.86323506648356
1049,2017-12-31 06:05:00,1.757539960585361,,,2017-12-31 06:35:00,1.86323506648356
1050,2017-12-31 08:00:00,1.89998484,,,2017-12-31 10:50:00,1.8633408301446488
1051,2017-12-31 08:00:00,1.89998484,,,2017-12-31 10:50:00,1.8633408301446488
1052,2017-12-31 12:15:00,1.9624830096965944,,,2017-12-31 12:25:00,2.0631190000409476
1053,2017-12-31 12:15:00,1.9624830096965944,,,2017-12-31 12:25:00,2.0631190000409476
1054,2017-12-31 13:40:00,2.0397619200015615,,,2017-12-31 15:50:00,1.947539566958705
1055,2017-12-31 13:40:00,2.0397619200015615,,,2017-12-31 15:50:00,1.947539566958705
1056,2017-12-31 19:25:00,1.926729367198606,,,2017-12-31 19:45:00,1.96609046
1057,2017-12-31 19:25:00,1.926729367198606,,,2017-12-31 19:45:00,1.96609046
1058,2017-12-31 21:30:00,2.0363264600371433,,,2017-12-31 23:55:00,1.9724582391521328
1059,2017-12-31 21:30:00,2.0363264600371433,,,2017-12-31 23:55:00,1.9724582391521328
1060,2018-01-01 02:30:00,1.950178999973666,,,2018-01-01 05:00:00,1.9065579240123
1061,2018-01-01 02:30:00,1.950178999973666,,,2018-01-01 05:00:00,1.9065579240123
1062,2018-01-01 08:10:00,1.9442016,,,2018-01-01 10:50:00,1.95471423
1063,2018-01-01 08:10:00,1.9442016,,,2018-01-01 10:50:00,1.95471423
1064,2018-01-01 11:55:00,1.9210641693353891,,,2018-01-01 14:35:00,1.8639696336749767
1065,2018-01-01 11:55:00,1.9210641693353891,,,2018-01-01 14:35:00,1.8639696336749767
1066,2018-01-01 16:45:00,1.8830531358,,,2018-01-01 17:25:00,1.8871749
1067,2018-01-01 16:45:00,1.8830531358,,,2018-01-01 17:25:00,1.8871749
1068,2018-01-01 19:50:00,1.88256,,,2018-01-01 20:05:00,1.896174
1069,2018-01-01 19:50:00,1.88256,,,2018-01-01 20:05:00,1.896174
1070,2018-01-02 01:00:00,2.0624172870915825,,,2018-01-02 02:50:00,1.9601429999999995
1071,2018-01-02 01:00:00,2.0624172870915825,,,2018-01-02 02:50:00,1.9601429999999995
1072,2018-01-02 05:00:00,1.9306423297028688,,,2018-01-02 05:30:00,1.910242079621877
1073,2018-01-02 05:00:00,1.9306423297028688,,,2018-01-02 05:30:00,1.910242079621877
1074,2018-01-02 07:45:00,1.979838,,,2018-01-02 09:10:00,2.044179023020403
1075,2018-01-02 07:45:00,1.979838,,,2018-01-02 09:10:00,2.044179023020403
1076,2018-01-02 10:45:00,2.0383399599970087,,,2018-01-02 12:45:00,2.048496493470336
1077,2018-01-02 10:45:00,2.0383399599970087,,,2018-01-02 12:45:00,2.048496493470336
1078,2018-01-02 14:45:00,2.144452315672232,,,2018-01-02 16:15:00,2.1280241279550705
1079,2018-01-02 14:45:00,2.144452315672232,,,2018-01-02 16:15:00,2.1280241279550705
1080,2018-01-02 19:30:00,2.1118009071395147,,,2018-01-02 20:10:00,2.0909696000165123
1081,2018-01-02 19:30:00,2.1118009071395147,,,2018-01-02 20:10:00,2.0909696000165123
1082,2018-01-02 22:45:00,2.148778954255181,,,2018-01-02 23:10:00,2.151863569715544
1083,2018-01-02 22:45:00,2.148778954255181,,,2018-01-02 23:10:00,2.151863569715544
1084,2018-01-03 01:05:00,2.1861836999423576,,,2018-01-03 02:00:00,2.286889469993819
1085,2018-01-03 01:05:00,2.1861836999423576,,,2018-01-03 02:00:00,2.286889469993819
1086,2018-01-03 04:10:00,2.265825451740152,,,2018-01-03 04:40:00,2.291436
1087,2018-01-03 04:10:00,2.265825451740152,,,2018-01-03 04:40:00,2.291436
1088,2018-01-03 08:35:00,2.402205804367824,,,2018-01-03 08:45:00,2.487942094332055
1089,2018-01-03 08:35:00,2.402205804367824,,,2018-01-03 08:45:00,2.487942094332055
1090,2018-01-03 10:10:00,2.390980900004903,,,2018-01-03 11:10:00,2.359721238893061
1091,2018-01-03 10:10:00,2.390980900004903,,,2018-01-03 11:10:00,2.359721238893061
1092,2018-01-03 13:20:00,2.395113600022792,,,2018-01-03 13:50:00,2.46525500004947
1093,2018-01-03 13:20:00,2.395113600022792,,,2018-01-03 13:50:00,2.46525500004947
1094,2018-01-03 17:00:00,2.550660430285611,,,2018-01-03 17:20:00,2.622761256934497
1095,2018-01-03 17:00:00,2.550660430285611,,,2018-01-03 17:20:00,2.622761256934497
