0,2018-03-01 02:31:00,313.75,2018-03-01 01:42:00,313.75,2018-03-01 01:43:00,313.75
1,2018-03-01 07:28:00,313.75,2018-03-01 04:22:00,313.751,2018-03-01 02:54:00,313.751
2,2018-03-01 08:29:00,313.74,2018-03-01 04:25:00,313.752,2018-03-01 04:23:00,313.75
3,2018-03-01 09:04:00,313.84,2018-03-01 05:22:00,313.75,2018-03-01 04:26:00,313.752
4,2018-03-01 09:15:00,313.86,2018-03-01 07:42:00,313.75,2018-03-01 05:50:00,313.75
5,2018-03-01 09:21:00,313.86,2018-03-01 07:55:00,313.75,2018-03-01 07:30:00,313.75
6,2018-03-01 09:26:00,313.86,2018-03-01 08:32:00,313.84,2018-03-01 07:48:00,313.75
7,2018-03-01 11:04:00,313.825,2018-03-01 09:32:00,313.87,2018-03-01 07:57:00,313.75
8,2018-03-01 11:11:00,313.864,2018-03-01 09:34:00,313.88,2018-03-01 08:30:00,313.74
9,2018-03-01 11:19:00,313.858,2018-03-01 09:38:00,313.88,2018-03-01 08:34:00,313.84
10,2018-03-01 11:26:00,313.808,2018-03-01 09:46:00,313.91,2018-03-01 09:10:00,313.91
11,2018-03-01 11:38:00,313.849,2018-03-01 10:09:00,313.931,2018-03-01 09:16:00,313.86
12,2018-03-01 11:41:00,313.85,2018-03-01 10:14:00,313.894,2018-03-01 09:25:00,313.86
13,2018-03-01 12:37:00,313.53,2018-03-01 10:33:00,313.878,2018-03-01 09:29:00,313.86
14,2018-03-01 12:54:00,313.59,2018-03-01 14:11:00,313.71,2018-03-01 09:33:00,313.88
15,2018-03-01 20:03:00,313.48,2018-03-01 15:02:00,313.712,2018-03-01 09:35:00,313.88
16,2018-03-01 20:09:00,313.48,2018-03-01 15:04:00,313.7,2018-03-01 09:45:00,313.89
17,2018-03-01 22:40:00,313.61,2018-03-01 15:06:00,313.74,2018-03-01 10:06:00,313.915
18,2018-03-01 22:55:00,313.561,2018-03-01 15:29:00,313.73,2018-03-01 10:12:00,313.89
19,2018-03-01 23:09:00,313.577,2018-03-01 15:54:00,313.7,2018-03-01 10:15:00,313.9
20,2018-03-01 23:15:00,313.534,2018-03-01 16:12:00,313.74,2018-03-01 10:37:00,313.91
21,2018-03-01 23:20:00,313.518,2018-03-01 18:19:00,313.52,2018-03-01 11:08:00,313.864
22,2018-03-01 23:59:00,313.248,2018-03-01 18:29:00,313.603,2018-03-01 11:17:00,313.858
23,2018-03-02 03:14:00,313.492,2018-03-01 18:33:00,313.607,2018-03-01 11:23:00,313.829
24,2018-03-02 03:17:00,313.502,2018-03-01 18:57:00,313.421,2018-03-01 11:37:00,313.83
25,2018-03-02 04:08:00,313.518,2018-03-01 19:01:00,313.41,2018-03-01 11:39:00,313.861
26,2018-03-02 04:30:00,313.521,2018-03-01 21:06:00,313.71,2018-03-01 11:55:00,313.765
27,2018-03-02 04:57:00,313.521,2018-03-01 21:21:00,313.7,2018-03-01 12:52:00,313.59
28,2018-03-02 05:02:00,313.516,2018-03-02 08:23:00,313.47,2018-03-01 12:56:00,313.59
29,2018-03-02 05:16:00,313.52,2018-03-02 08:48:00,313.5,2018-03-01 14:14:00,313.72
30,2018-03-02 05:31:00,313.45,2018-03-02 12:32:00,313.73,2018-03-01 15:03:00,313.712
31,2018-03-02 05:33:00,313.44,2018-03-02 12:46:00,313.713,2018-03-01 15:05:00,313.74
32,2018-03-02 05:35:00,313.44,2018-03-02 18:27:00,313.752,2018-03-01 15:09:00,313.73
33,2018-03-02 05:40:00,313.44,2018-03-02 18:29:00,313.756,2018-03-01 15:53:00,313.7
34,2018-03-02 05:46:00,313.44,2018-03-02 18:38:00,313.761,2018-03-01 16:10:00,313.72
35,2018-03-02 05:50:00,313.44,2018-03-02 18:40:00,313.76,2018-03-01 16:22:00,313.79
36,2018-03-02 05:57:00,313.44,2018-03-02 18:49:00,313.76,2018-03-01 18:25:00,313.42
37,2018-03-02 09:28:00,313.42,2018-03-02 20:26:00,313.671,2018-03-01 18:32:00,313.607
38,2018-03-02 09:35:00,313.429,2018-03-02 20:39:00,313.663,2018-03-01 18:42:00,313.52
39,2018-03-02 10:53:00,313.588,2018-03-02 21:01:00,313.671,2018-03-01 19:00:00,313.41
40,2018-03-02 11:02:00,313.69,2018-03-02 22:29:00,313.81,2018-03-01 19:02:00,313.41
41,2018-03-02 11:28:00,313.68,2018-03-02 22:32:00,313.811,2018-03-01 20:07:00,313.5
42,2018-03-02 11:35:00,313.714,2018-03-02 23:55:00,313.52,2018-03-01 20:11:00,313.56
43,2018-03-02 12:03:00,313.71,2018-03-02 23:59:00,313.66,2018-03-01 21:12:00,313.7
44,2018-03-02 12:11:00,313.713,2018-03-05 01:27:00,313.554,2018-03-01 21:27:00,313.67
45,2018-03-02 14:13:00,313.787,2018-03-05 01:44:00,313.555,2018-03-01 22:47:00,313.577
46,2018-03-02 16:37:00,313.79,2018-03-05 01:52:00,313.621,2018-03-01 23:04:00,313.581
47,2018-03-02 16:47:00,313.806,2018-03-05 06:03:00,313.65,2018-03-01 23:10:00,313.578
48,2018-03-02 16:57:00,313.798,2018-03-05 07:33:00,313.71,2018-03-01 23:19:00,313.529
49,2018-03-02 17:07:00,313.617,2018-03-05 07:42:00,313.73,2018-03-01 23:24:00,313.514
50,2018-03-02 17:22:00,313.635,2018-03-05 08:01:00,313.75,2018-03-02 00:10:00,313.281
51,2018-03-02 18:21:00,313.74,2018-03-05 08:35:00,313.68,2018-03-02 03:15:00,313.491
52,2018-03-02 22:48:00,313.68,2018-03-05 12:00:00,313.58,2018-03-02 03:23:00,313.513
53,2018-03-02 23:03:00,313.62,2018-03-05 15:30:00,313.87,2018-03-02 04:12:00,313.522
54,2018-03-02 23:08:00,313.55,2018-03-05 18:24:00,314.085,2018-03-02 04:37:00,313.521
55,2018-03-02 23:15:00,313.66,2018-03-05 18:29:00,314.19,2018-03-02 05:01:00,313.521
56,2018-03-05 02:49:00,313.732,2018-03-05 18:39:00,314.138,2018-03-02 05:15:00,313.521
57,2018-03-05 04:13:00,313.742,2018-03-05 21:48:00,314.14,2018-03-02 05:21:00,313.521
58,2018-03-05 06:52:00,313.654,2018-03-05 23:59:00,314.082,2018-03-02 05:32:00,313.44
59,2018-03-05 09:08:00,313.548,2018-03-06 00:09:00,314.17,2018-03-02 05:34:00,313.44
60,2018-03-05 09:16:00,313.51,2018-03-06 00:14:00,314.17,2018-03-02 05:36:00,313.44
61,2018-03-05 09:20:00,313.53,2018-03-06 02:52:00,314.15,2018-03-02 05:44:00,313.44
62,2018-03-05 09:31:00,313.57,2018-03-06 02:58:00,314.15,2018-03-02 05:47:00,313.44
63,2018-03-05 09:54:00,313.7,2018-03-06 05:22:00,314.16,2018-03-02 05:52:00,313.44
64,2018-03-05 10:01:00,313.705,2018-03-06 05:30:00,314.16,2018-03-02 05:58:00,313.44
65,2018-03-05 10:06:00,313.692,2018-03-06 05:41:00,314.16,2018-03-02 08:46:00,313.51
66,2018-03-05 10:36:00,313.58,2018-03-06 06:50:00,314.16,2018-03-02 08:56:00,313.5
67,2018-03-05 13:36:00,313.56,2018-03-06 07:11:00,314.16,2018-03-02 09:29:00,313.418
68,2018-03-05 13:56:00,313.61,2018-03-06 07:19:00,314.16,2018-03-02 09:41:00,313.45
69,2018-03-05 16:49:00,313.943,2018-03-06 10:27:00,314.26,2018-03-02 10:57:00,313.67
70,2018-03-05 20:08:00,314.21,2018-03-06 10:30:00,314.231,2018-03-02 11:18:00,313.72
71,2018-03-06 01:46:00,314.103,2018-03-06 11:00:00,314.13,2018-03-02 11:34:00,313.724
72,2018-03-06 03:09:00,314.15,2018-03-06 14:47:00,313.24,2018-03-02 11:36:00,313.72
73,2018-03-06 03:11:00,314.15,2018-03-06 15:10:00,313.081,2018-03-02 12:06:00,313.73
74,2018-03-06 03:15:00,314.15,2018-03-06 15:14:00,313.09,2018-03-02 12:31:00,313.73
75,2018-03-06 03:21:00,314.16,2018-03-06 19:36:00,313.06,2018-03-02 12:44:00,313.712
76,2018-03-06 03:39:00,314.16,2018-03-06 23:44:00,312.789,2018-03-02 13:02:00,313.703
77,2018-03-06 08:12:00,314.16,2018-03-06 23:59:00,312.58,2018-03-02 14:19:00,313.858
78,2018-03-06 08:16:00,314.16,2018-03-07 00:04:00,312.631,2018-03-02 16:39:00,313.79
79,2018-03-06 09:05:00,314.17,2018-03-07 00:10:00,312.73,2018-03-02 16:52:00,313.761
80,2018-03-06 12:43:00,313.394,2018-03-07 00:20:00,312.74,2018-03-02 16:58:00,313.799
81,2018-03-06 12:55:00,313.356,2018-03-07 05:02:00,312.689,2018-03-02 17:08:00,313.63
82,2018-03-06 13:27:00,313.021,2018-03-07 05:08:00,312.68,2018-03-02 17:23:00,313.632
83,2018-03-06 15:55:00,312.89,2018-03-07 07:37:00,312.783,2018-03-02 18:24:00,313.728
84,2018-03-06 16:12:00,312.885,2018-03-07 07:39:00,312.778,2018-03-02 18:28:00,313.751
85,2018-03-06 16:21:00,312.858,2018-03-07 07:42:00,312.778,2018-03-02 18:30:00,313.757
86,2018-03-06 17:10:00,312.915,2018-03-07 07:50:00,312.83,2018-03-02 18:39:00,313.762
87,2018-03-06 17:55:00,312.83,2018-03-07 08:22:00,313.04,2018-03-02 18:48:00,313.73
88,2018-03-06 18:08:00,312.941,2018-03-07 08:30:00,313.07,2018-03-02 19:14:00,313.71
89,2018-03-06 18:44:00,312.655,2018-03-07 08:40:00,313.17,2018-03-02 20:28:00,313.67
90,2018-03-06 21:27:00,312.783,2018-03-07 15:23:00,311.868,2018-03-02 20:57:00,313.675
91,2018-03-06 21:51:00,312.699,2018-03-07 17:50:00,311.908,2018-03-02 21:04:00,313.67
92,2018-03-06 21:53:00,312.682,2018-03-07 17:54:00,311.909,2018-03-02 22:30:00,313.813
93,2018-03-06 21:56:00,312.642,2018-03-07 23:02:00,312.03,2018-03-02 22:33:00,313.784
94,2018-03-06 22:49:00,312.77,2018-03-07 23:51:00,312.11,2018-03-02 22:49:00,313.68
95,2018-03-07 00:50:00,312.636,2018-03-07 23:58:00,312.088,2018-03-02 23:05:00,313.58
96,2018-03-07 00:58:00,312.679,2018-03-08 00:05:00,312.04,2018-03-02 23:14:00,313.67
97,2018-03-07 01:07:00,312.733,2018-03-08 01:05:00,312.188,2018-03-02 23:16:00,313.65
98,2018-03-07 01:10:00,312.737,2018-03-08 03:36:00,312.29,2018-03-02 23:58:00,313.4
99,2018-03-07 01:12:00,312.734,2018-03-08 03:46:00,312.29,2018-03-05 00:05:00,313.331
100,2018-03-07 01:16:00,312.754,2018-03-08 03:59:00,312.3,2018-03-05 01:34:00,313.539
101,2018-03-07 01:18:00,312.769,2018-03-08 05:25:00,312.29,2018-03-05 01:51:00,313.592
102,2018-03-07 01:51:00,312.838,2018-03-08 06:37:00,312.28,2018-03-05 01:58:00,313.667
103,2018-03-07 02:40:00,312.93,2018-03-08 08:51:00,312.26,2018-03-05 03:14:00,313.743
104,2018-03-07 02:49:00,312.92,2018-03-08 09:31:00,312.31,2018-03-05 04:18:00,313.713
105,2018-03-07 02:54:00,312.95,2018-03-08 13:49:00,311.7,2018-03-05 06:06:00,313.648
106,2018-03-07 03:16:00,312.85,2018-03-08 13:54:00,311.77,2018-03-05 07:05:00,313.66
107,2018-03-07 05:42:00,312.711,2018-03-08 13:56:00,311.75,2018-03-05 07:41:00,313.73
108,2018-03-07 06:25:00,312.66,2018-03-08 14:05:00,311.77,2018-03-05 07:54:00,313.73
109,2018-03-07 09:10:00,313.085,2018-03-08 14:15:00,311.806,2018-03-05 08:02:00,313.75
110,2018-03-07 10:57:00,312.818,2018-03-08 14:17:00,311.84,2018-03-05 08:45:00,313.659
111,2018-03-07 11:10:00,312.778,2018-03-08 14:40:00,312.027,2018-03-05 09:12:00,313.53
112,2018-03-07 11:16:00,312.686,2018-03-08 16:00:00,312.052,2018-03-05 09:19:00,313.53
113,2018-03-07 11:32:00,312.77,2018-03-08 16:11:00,312.13,2018-03-05 09:23:00,313.55
114,2018-03-07 12:45:00,312.61,2018-03-08 16:29:00,312.046,2018-03-05 09:46:00,313.65
115,2018-03-07 14:39:00,311.715,2018-03-08 17:32:00,311.96,2018-03-05 09:57:00,313.7
116,2018-03-07 14:54:00,311.69,2018-03-08 17:59:00,311.9,2018-03-05 10:04:00,313.697
117,2018-03-07 16:54:00,311.849,2018-03-08 18:01:00,311.865,2018-03-05 10:30:00,313.615
118,2018-03-07 16:57:00,311.87,2018-03-08 18:28:00,311.735,2018-03-05 10:38:00,313.6
119,2018-03-07 17:14:00,311.967,2018-03-08 18:46:00,311.76,2018-03-05 12:22:00,313.693
120,2018-03-07 17:17:00,311.99,2018-03-08 19:49:00,311.692,2018-03-05 13:38:00,313.61
121,2018-03-07 18:11:00,311.83,2018-03-08 19:58:00,311.68,2018-03-05 14:43:00,313.75
122,2018-03-07 18:50:00,311.96,2018-03-08 20:01:00,311.67,2018-03-05 15:33:00,313.868
123,2018-03-07 18:59:00,312.082,2018-03-08 21:53:00,311.79,2018-03-05 17:10:00,313.91
124,2018-03-07 19:02:00,312.09,2018-03-09 00:31:00,311.768,2018-03-05 18:27:00,314.1
125,2018-03-07 19:12:00,312.14,2018-03-09 00:49:00,311.76,2018-03-05 18:33:00,314.174
126,2018-03-07 19:21:00,312.15,2018-03-09 01:00:00,311.79,2018-03-05 18:50:00,314.115
127,2018-03-07 19:24:00,312.23,2018-03-09 02:45:00,311.79,2018-03-05 20:30:00,314.21
128,2018-03-07 21:43:00,312.15,2018-03-09 03:35:00,311.79,2018-03-05 22:08:00,314.12
129,2018-03-07 21:53:00,312.136,2018-03-09 08:12:00,311.79,2018-03-06 00:06:00,314.135
130,2018-03-07 21:57:00,312.15,2018-03-09 08:35:00,311.79,2018-03-06 00:12:00,314.135
131,2018-03-07 22:48:00,312.067,2018-03-09 08:43:00,311.79,2018-03-06 00:15:00,314.11
132,2018-03-08 08:02:00,312.27,2018-03-09 09:00:00,311.721,2018-03-06 01:50:00,314.105
133,2018-03-08 08:40:00,312.26,2018-03-09 10:47:00,311.5,2018-03-06 02:55:00,314.15
134,2018-03-08 09:49:00,312.16,2018-03-09 11:38:00,311.49,2018-03-06 03:02:00,314.13
135,2018-03-08 10:38:00,312.003,2018-03-09 12:44:00,311.66,2018-03-06 03:10:00,314.15
136,2018-03-08 11:18:00,311.886,2018-03-09 14:54:00,311.82,2018-03-06 03:12:00,314.15
137,2018-03-08 14:46:00,311.758,2018-03-09 14:59:00,311.809,2018-03-06 03:16:00,314.16
138,2018-03-08 21:19:00,311.67,2018-03-09 15:18:00,311.93,2018-03-06 03:23:00,314.16
139,2018-03-09 00:01:00,311.232,2018-03-09 15:27:00,311.992,2018-03-06 03:57:00,314.16
140,2018-03-09 02:54:00,311.79,2018-03-09 16:06:00,311.63,2018-03-06 05:29:00,314.121
141,2018-03-09 06:32:00,311.79,2018-03-09 16:19:00,311.62,2018-03-06 05:39:00,314.16
142,2018-03-09 07:48:00,311.79,2018-03-09 18:20:00,311.58,2018-03-06 05:46:00,314.16
143,2018-03-09 07:59:00,311.79,2018-03-09 20:11:00,311.58,2018-03-06 07:05:00,314.16
144,2018-03-09 08:46:00,311.79,2018-03-09 20:16:00,311.58,2018-03-06 07:16:00,314.16
145,2018-03-09 13:36:00,311.568,2018-03-09 20:45:00,311.56,2018-03-06 07:23:00,314.16
146,2018-03-09 16:41:00,311.55,2018-03-09 21:25:00,311.64,2018-03-06 08:15:00,314.16
147,2018-03-09 22:28:00,311.53,2018-03-09 23:59:00,311.4,2018-03-06 08:18:00,314.16
148,2018-03-09 22:34:00,311.53,2018-03-12 03:20:00,311.48,2018-03-06 09:28:00,314.069
149,2018-03-09 23:04:00,311.5,2018-03-12 03:24:00,311.49,2018-03-06 10:29:00,314.241
150,2018-03-09 23:38:00,311.47,2018-03-12 03:35:00,311.49,2018-03-06 10:31:00,314.236
151,2018-03-12 00:08:00,311.28,2018-03-12 04:50:00,311.49,2018-03-06 11:07:00,314.14
152,2018-03-12 00:13:00,311.261,2018-03-12 04:52:00,311.49,2018-03-06 12:45:00,313.49
153,2018-03-12 02:10:00,311.43,2018-03-12 04:54:00,311.49,2018-03-06 13:17:00,313.123
154,2018-03-12 02:13:00,311.43,2018-03-12 04:59:00,311.49,2018-03-06 13:43:00,312.85
155,2018-03-12 02:15:00,311.43,2018-03-12 05:02:00,311.49,2018-03-06 15:08:00,313.096
156,2018-03-12 02:26:00,311.45,2018-03-12 06:57:00,311.5,2018-03-06 15:13:00,313.069
157,2018-03-12 02:31:00,311.458,2018-03-12 07:00:00,311.52,2018-03-06 15:17:00,313.096
158,2018-03-12 02:33:00,311.47,2018-03-12 07:09:00,311.5,2018-03-06 15:57:00,312.896
159,2018-03-12 02:38:00,311.47,2018-03-12 07:36:00,311.5,2018-03-06 16:13:00,312.88
160,2018-03-12 02:45:00,311.47,2018-03-12 08:46:00,311.46,2018-03-06 16:25:00,312.933
161,2018-03-12 08:42:00,311.46,2018-03-12 09:09:00,311.57,2018-03-06 17:13:00,312.922
162,2018-03-12 09:47:00,311.43,2018-03-12 12:38:00,311.69,2018-03-06 17:59:00,312.88
163,2018-03-12 10:04:00,311.4,2018-03-12 12:59:00,311.67,2018-03-06 18:36:00,312.684
164,2018-03-12 16:00:00,311.79,2018-03-12 13:02:00,311.68,2018-03-06 18:45:00,312.656
165,2018-03-12 19:26:00,311.875,2018-03-12 13:37:00,311.74,2018-03-06 19:45:00,312.99
166,2018-03-12 19:40:00,311.8,2018-03-12 16:32:00,311.73,2018-03-06 21:29:00,312.782
167,2018-03-12 22:53:00,311.78,2018-03-12 17:52:00,311.958,2018-03-06 21:52:00,312.681
168,2018-03-12 22:55:00,311.78,2018-03-12 17:57:00,311.95,2018-03-06 21:55:00,312.681
169,2018-03-12 23:01:00,311.563,2018-03-12 18:00:00,311.96,2018-03-06 22:01:00,312.76
170,2018-03-12 23:58:00,311.62,2018-03-12 21:20:00,311.78,2018-03-06 22:50:00,312.76
171,2018-03-13 01:25:00,311.81,2018-03-12 21:25:00,311.78,2018-03-06 23:47:00,312.782
172,2018-03-13 01:30:00,311.8,2018-03-12 21:39:00,311.79,2018-03-07 00:00:00,312.54
173,2018-03-13 01:34:00,311.79,2018-03-12 21:48:00,311.77,2018-03-07 00:09:00,312.69
174,2018-03-13 01:37:00,311.79,2018-03-12 21:50:00,311.79,2018-03-07 00:18:00,312.74
175,2018-03-13 01:41:00,311.79,2018-03-12 23:43:00,311.81,2018-03-07 00:21:00,312.74
176,2018-03-13 01:44:00,311.78,2018-03-13 05:23:00,311.8,2018-03-07 00:53:00,312.636
177,2018-03-13 03:08:00,311.78,2018-03-13 05:57:00,311.79,2018-03-07 00:59:00,312.679
178,2018-03-13 03:20:00,311.81,2018-03-13 07:47:00,311.8,2018-03-07 01:08:00,312.737
179,2018-03-13 03:44:00,311.8,2018-03-13 08:01:00,311.8,2018-03-07 01:11:00,312.725
180,2018-03-13 06:31:00,311.79,2018-03-13 08:13:00,311.8,2018-03-07 01:13:00,312.751
181,2018-03-13 08:40:00,311.79,2018-03-13 08:20:00,311.8,2018-03-07 01:17:00,312.809
182,2018-03-13 08:45:00,311.79,2018-03-13 12:58:00,311.73,2018-03-07 01:23:00,312.779
183,2018-03-13 08:50:00,311.8,2018-03-13 13:02:00,311.75,2018-03-07 01:52:00,312.89
184,2018-03-13 09:02:00,311.81,2018-03-13 13:06:00,311.85,2018-03-07 02:43:00,313.03
185,2018-03-13 09:15:00,311.78,2018-03-13 14:40:00,311.77,2018-03-07 02:53:00,312.95
186,2018-03-13 09:18:00,311.78,2018-03-13 14:44:00,311.82,2018-03-07 03:07:00,312.93
187,2018-03-13 09:25:00,311.68,2018-03-13 14:48:00,311.8,2018-03-07 03:34:00,312.722
188,2018-03-13 09:30:00,311.7,2018-03-13 21:53:00,311.77,2018-03-07 05:03:00,312.678
189,2018-03-13 09:32:00,311.72,2018-03-13 21:56:00,311.78,2018-03-07 05:14:00,312.66
190,2018-03-13 09:37:00,311.74,2018-03-13 22:40:00,311.82,2018-03-07 06:02:00,312.702
191,2018-03-13 10:26:00,311.68,2018-03-13 22:59:00,311.68,2018-03-07 06:26:00,312.66
192,2018-03-13 10:55:00,311.69,2018-03-14 01:08:00,311.74,2018-03-07 07:38:00,312.775
193,2018-03-13 11:14:00,311.72,2018-03-14 01:12:00,311.74,2018-03-07 07:41:00,312.77
194,2018-03-13 11:23:00,311.69,2018-03-14 01:17:00,311.74,2018-03-07 07:45:00,312.815
195,2018-03-13 11:36:00,311.67,2018-03-14 01:19:00,311.74,2018-03-07 08:21:00,313.02
196,2018-03-13 12:03:00,311.69,2018-03-14 01:55:00,311.8,2018-03-07 08:23:00,313.03
197,2018-03-13 14:30:00,311.613,2018-03-14 02:04:00,311.88,2018-03-07 08:34:00,313.13
198,2018-03-13 15:02:00,311.91,2018-03-14 02:34:00,311.88,2018-03-07 08:47:00,313.09
199,2018-03-13 15:40:00,311.62,2018-03-14 02:39:00,311.88,2018-03-07 09:21:00,313.05
200,2018-03-13 17:01:00,311.52,2018-03-14 04:19:00,311.88,2018-03-07 11:03:00,312.8
201,2018-03-13 17:06:00,311.46,2018-03-14 04:22:00,311.88,2018-03-07 11:12:00,312.773
202,2018-03-13 17:09:00,311.46,2018-03-14 04:25:00,311.88,2018-03-07 11:30:00,312.77
203,2018-03-13 17:57:00,311.52,2018-03-14 09:11:00,311.78,2018-03-07 11:33:00,312.8
204,2018-03-13 18:06:00,311.6,2018-03-14 09:24:00,311.78,2018-03-07 13:08:00,312.467
205,2018-03-13 18:25:00,311.69,2018-03-14 09:42:00,311.59,2018-03-07 14:52:00,311.71
206,2018-03-13 20:14:00,311.83,2018-03-14 10:07:00,311.54,2018-03-07 14:55:00,311.69
207,2018-03-13 20:22:00,311.72,2018-03-14 10:16:00,311.57,2018-03-07 15:35:00,311.842
208,2018-03-13 21:00:00,311.69,2018-03-14 10:21:00,311.7,2018-03-07 16:55:00,311.84
209,2018-03-13 23:01:00,311.131,2018-03-14 10:25:00,311.6,2018-03-07 17:00:00,311.964
210,2018-03-13 23:23:00,311.41,2018-03-14 10:28:00,311.61,2018-03-07 17:15:00,311.95
211,2018-03-13 23:29:00,311.41,2018-03-14 10:41:00,311.63,2018-03-07 17:18:00,312.0
212,2018-03-13 23:59:00,311.54,2018-03-14 10:45:00,311.76,2018-03-07 17:53:00,311.884
213,2018-03-14 04:32:00,311.82,2018-03-14 12:34:00,311.69,2018-03-07 17:58:00,311.905
214,2018-03-14 04:48:00,311.82,2018-03-14 17:39:00,311.57,2018-03-07 18:21:00,312.053
215,2018-03-14 06:09:00,311.88,2018-03-14 17:45:00,311.51,2018-03-07 18:51:00,312.033
216,2018-03-14 06:50:00,311.86,2018-03-14 18:50:00,311.23,2018-03-07 19:01:00,312.09
217,2018-03-14 07:00:00,311.85,2018-03-14 21:16:00,311.36,2018-03-07 19:05:00,312.13
218,2018-03-14 07:30:00,311.85,2018-03-15 05:32:00,311.19,2018-03-07 19:18:00,312.17
219,2018-03-14 07:49:00,311.83,2018-03-15 06:08:00,311.19,2018-03-07 19:23:00,312.22
220,2018-03-14 07:56:00,311.84,2018-03-15 08:08:00,311.21,2018-03-07 19:25:00,312.24
221,2018-03-14 08:00:00,311.85,2018-03-15 08:11:00,311.21,2018-03-07 21:50:00,312.16
222,2018-03-14 08:03:00,311.84,2018-03-15 08:25:00,311.19,2018-03-07 21:56:00,312.15
223,2018-03-14 08:11:00,311.84,2018-03-15 09:05:00,311.18,2018-03-07 22:06:00,312.152
224,2018-03-14 08:14:00,311.84,2018-03-15 09:23:00,311.17,2018-03-07 22:55:00,311.99
225,2018-03-14 08:20:00,311.84,2018-03-15 10:30:00,311.29,2018-03-07 23:05:00,312.09
226,2018-03-14 08:29:00,311.82,2018-03-15 10:58:00,311.27,2018-03-07 23:57:00,312.088
227,2018-03-14 08:56:00,311.83,2018-03-15 11:00:00,311.22,2018-03-08 00:03:00,311.587
228,2018-03-14 08:59:00,311.77,2018-03-15 14:02:00,310.95,2018-03-08 00:06:00,311.99
229,2018-03-14 13:58:00,311.67,2018-03-15 14:07:00,310.97,2018-03-08 01:30:00,312.253
230,2018-03-14 14:02:00,311.63,2018-03-15 15:45:00,311.165,2018-03-08 03:45:00,312.29
231,2018-03-14 14:11:00,311.64,2018-03-15 15:48:00,311.1,2018-03-08 03:58:00,312.3
232,2018-03-14 14:20:00,311.57,2018-03-15 15:52:00,311.07,2018-03-08 04:06:00,312.3
233,2018-03-14 14:30:00,311.534,2018-03-15 16:00:00,311.06,2018-03-08 05:39:00,312.26
234,2018-03-14 14:34:00,311.53,2018-03-15 17:57:00,311.19,2018-03-08 07:05:00,312.27
235,2018-03-14 14:44:00,311.58,2018-03-15 18:14:00,311.13,2018-03-08 08:04:00,312.28
236,2018-03-14 15:05:00,311.6,2018-03-15 18:29:00,311.056,2018-03-08 08:43:00,312.26
237,2018-03-14 15:14:00,311.57,2018-03-15 20:57:00,311.25,2018-03-08 09:16:00,312.29
238,2018-03-14 15:49:00,311.7,2018-03-16 02:08:00,311.14,2018-03-08 09:33:00,312.32
239,2018-03-14 16:07:00,311.62,2018-03-16 05:45:00,311.23,2018-03-08 10:34:00,312.06
240,2018-03-14 16:14:00,311.54,2018-03-16 05:59:00,311.23,2018-03-08 10:51:00,312.05
241,2018-03-14 18:07:00,311.24,2018-03-16 06:05:00,311.23,2018-03-08 11:30:00,311.816
242,2018-03-14 21:59:00,311.28,2018-03-16 06:25:00,311.23,2018-03-08 13:53:00,311.74
243,2018-03-14 23:01:00,310.77,2018-03-16 06:42:00,311.23,2018-03-08 13:55:00,311.73
244,2018-03-14 23:08:00,310.97,2018-03-16 06:49:00,311.23,2018-03-08 13:59:00,311.755
245,2018-03-14 23:20:00,310.93,2018-03-16 06:58:00,311.23,2018-03-08 14:06:00,311.767
246,2018-03-14 23:57:00,310.856,2018-03-16 07:03:00,311.23,2018-03-08 14:16:00,311.8
247,2018-03-15 01:39:00,311.18,2018-03-16 10:38:00,311.21,2018-03-08 14:39:00,311.96
248,2018-03-15 01:41:00,311.18,2018-03-16 10:41:00,311.21,2018-03-08 14:41:00,311.869
249,2018-03-15 02:57:00,311.18,2018-03-16 10:46:00,311.19,2018-03-08 14:53:00,311.829
250,2018-03-15 07:16:00,311.2,2018-03-16 10:58:00,311.13,2018-03-08 16:07:00,312.063
251,2018-03-15 07:45:00,311.2,2018-03-16 14:12:00,310.96,2018-03-08 16:21:00,312.082
252,2018-03-15 07:49:00,311.18,2018-03-16 14:24:00,310.96,2018-03-08 16:44:00,311.95
253,2018-03-15 08:36:00,311.19,2018-03-16 14:55:00,310.93,2018-03-08 17:34:00,311.967
254,2018-03-15 09:02:00,311.17,2018-03-16 15:14:00,310.94,2018-03-08 18:00:00,311.87
255,2018-03-15 09:21:00,311.17,2018-03-16 15:54:00,310.99,2018-03-08 18:03:00,311.865
256,2018-03-15 12:46:00,311.07,2018-03-16 16:28:00,311.03,2018-03-08 18:32:00,311.721
257,2018-03-15 12:54:00,310.86,2018-03-16 16:50:00,310.97,2018-03-08 19:03:00,311.76
258,2018-03-15 14:56:00,310.97,2018-03-16 17:11:00,311.02,2018-03-08 19:50:00,311.687
259,2018-03-15 16:38:00,310.99,2018-03-16 17:28:00,310.98,2018-03-08 19:59:00,311.67
260,2018-03-15 16:44:00,310.96,2018-03-16 17:32:00,310.99,2018-03-08 20:05:00,311.67
261,2018-03-15 17:54:00,311.22,2018-03-16 17:34:00,310.99,2018-03-08 21:20:00,311.68
262,2018-03-15 19:59:00,311.08,2018-03-16 17:39:00,311.0,2018-03-08 22:28:00,311.714
263,2018-03-15 22:32:00,311.2,2018-03-16 17:58:00,310.9,2018-03-09 00:02:00,311.676
264,2018-03-15 22:59:00,311.1,2018-03-16 20:21:00,310.68,2018-03-09 00:34:00,311.76
265,2018-03-15 23:01:00,310.92,2018-03-16 22:05:00,310.77,2018-03-09 00:50:00,311.76
266,2018-03-15 23:31:00,310.89,2018-03-16 22:09:00,310.78,2018-03-09 01:03:00,311.79
267,2018-03-15 23:53:00,310.76,2018-03-16 22:15:00,310.78,2018-03-09 02:48:00,311.79
268,2018-03-16 01:56:00,311.06,2018-03-16 22:20:00,310.75,2018-03-09 03:04:00,311.8
269,2018-03-16 02:31:00,311.141,2018-03-16 22:45:00,310.71,2018-03-09 03:39:00,311.79
270,2018-03-16 02:36:00,311.17,2018-03-16 22:49:00,310.685,2018-03-09 06:36:00,311.79
271,2018-03-16 08:16:00,311.2,2018-03-16 22:55:00,310.825,2018-03-09 07:50:00,311.79
272,2018-03-16 08:30:00,311.2,2018-03-16 22:58:00,310.63,2018-03-09 08:09:00,311.79
273,2018-03-16 08:50:00,311.23,2018-03-19 08:14:00,310.67,2018-03-09 08:21:00,311.79
274,2018-03-16 09:03:00,311.155,2018-03-19 08:45:00,310.83,2018-03-09 08:42:00,311.79
275,2018-03-16 09:58:00,311.27,2018-03-19 08:51:00,310.92,2018-03-09 08:44:00,311.79
276,2018-03-16 10:00:00,311.27,2018-03-19 09:14:00,311.01,2018-03-09 08:59:00,311.74
277,2018-03-16 11:52:00,311.04,2018-03-19 12:27:00,310.89,2018-03-09 09:17:00,311.69
278,2018-03-16 12:11:00,311.05,2018-03-19 18:01:00,310.86,2018-03-09 10:54:00,311.51
279,2018-03-16 12:17:00,311.06,2018-03-19 19:07:00,310.934,2018-03-09 11:40:00,311.49
280,2018-03-16 12:42:00,311.01,2018-03-19 19:10:00,311.0,2018-03-09 12:48:00,311.66
281,2018-03-16 18:51:00,310.72,2018-03-19 21:55:00,311.16,2018-03-09 13:38:00,311.57
282,2018-03-16 19:17:00,310.73,2018-03-19 22:22:00,311.27,2018-03-09 14:55:00,311.82
283,2018-03-16 19:22:00,310.73,2018-03-20 02:05:00,311.282,2018-03-09 15:01:00,311.8
284,2018-03-16 19:25:00,310.71,2018-03-20 02:55:00,311.24,2018-03-09 15:25:00,312.0
285,2018-03-16 19:58:00,310.68,2018-03-20 03:09:00,311.24,2018-03-09 15:31:00,311.897
286,2018-03-16 20:03:00,310.66,2018-03-20 07:39:00,311.23,2018-03-09 16:13:00,311.62
287,2018-03-16 20:47:00,310.68,2018-03-20 08:04:00,311.22,2018-03-09 16:21:00,311.58
288,2018-03-16 21:00:00,310.68,2018-03-20 09:10:00,311.172,2018-03-09 17:01:00,311.53
289,2018-03-16 21:12:00,310.67,2018-03-20 09:16:00,311.171,2018-03-09 18:32:00,311.56
290,2018-03-19 01:37:00,311.046,2018-03-20 10:12:00,311.02,2018-03-09 20:15:00,311.54
291,2018-03-19 04:16:00,310.67,2018-03-20 10:20:00,311.07,2018-03-09 20:37:00,311.56
292,2018-03-19 04:46:00,310.67,2018-03-20 10:38:00,311.09,2018-03-09 20:46:00,311.56
293,2018-03-19 05:53:00,310.66,2018-03-20 10:50:00,311.09,2018-03-09 21:30:00,311.64
294,2018-03-19 06:06:00,310.67,2018-03-20 11:56:00,311.21,2018-03-09 22:31:00,311.53
295,2018-03-19 06:09:00,310.661,2018-03-20 12:10:00,311.26,2018-03-09 22:35:00,311.53
296,2018-03-19 06:22:00,310.67,2018-03-20 12:24:00,311.2,2018-03-09 23:07:00,311.49
297,2018-03-19 07:08:00,310.674,2018-03-20 13:53:00,311.09,2018-03-09 23:47:00,311.529
298,2018-03-19 07:22:00,310.671,2018-03-20 14:07:00,311.15,2018-03-12 00:04:00,311.478
299,2018-03-19 07:54:00,310.64,2018-03-20 14:10:00,311.07,2018-03-12 00:09:00,311.469
300,2018-03-19 08:01:00,310.66,2018-03-20 14:26:00,311.06,2018-03-12 00:15:00,311.379
301,2018-03-19 10:04:00,310.9,2018-03-20 14:31:00,311.07,2018-03-12 02:11:00,311.43
302,2018-03-19 10:09:00,310.81,2018-03-20 14:40:00,311.08,2018-03-12 02:14:00,311.43
303,2018-03-19 12:09:00,310.87,2018-03-20 14:50:00,311.07,2018-03-12 02:17:00,311.43
304,2018-03-19 14:05:00,310.97,2018-03-20 15:00:00,311.07,2018-03-12 02:27:00,311.452
305,2018-03-19 14:07:00,310.97,2018-03-20 16:11:00,311.34,2018-03-12 02:32:00,311.47
306,2018-03-19 14:13:00,310.98,2018-03-20 16:19:00,311.34,2018-03-12 02:37:00,311.47
307,2018-03-19 16:08:00,310.9,2018-03-20 16:24:00,311.32,2018-03-12 02:41:00,311.47
308,2018-03-19 16:41:00,310.79,2018-03-20 18:00:00,311.4,2018-03-12 02:47:00,311.47
309,2018-03-19 16:58:00,310.79,2018-03-20 18:04:00,311.41,2018-03-12 03:23:00,311.47
310,2018-03-19 17:45:00,310.8,2018-03-20 18:07:00,311.38,2018-03-12 03:34:00,311.49
311,2018-03-19 23:00:00,310.67,2018-03-20 18:12:00,311.41,2018-03-12 03:43:00,311.49
312,2018-03-19 23:08:00,310.76,2018-03-20 22:29:00,311.49,2018-03-12 04:51:00,311.49
313,2018-03-19 23:48:00,310.72,2018-03-21 01:22:00,311.43,2018-03-12 04:53:00,311.49
314,2018-03-19 23:55:00,310.75,2018-03-21 01:52:00,311.43,2018-03-12 04:55:00,311.49
315,2018-03-20 02:27:00,311.222,2018-03-21 02:00:00,311.41,2018-03-12 05:01:00,311.49
316,2018-03-20 04:47:00,311.203,2018-03-21 04:06:00,311.44,2018-03-12 05:03:00,311.49
317,2018-03-20 05:31:00,311.2,2018-03-21 04:17:00,311.44,2018-03-12 06:58:00,311.46
318,2018-03-20 21:20:00,311.41,2018-03-21 07:19:00,311.44,2018-03-12 07:04:00,311.51
319,2018-03-20 22:54:00,311.4,2018-03-21 07:21:00,311.44,2018-03-12 07:34:00,311.5
320,2018-03-20 23:00:00,310.862,2018-03-21 08:56:00,311.44,2018-03-12 07:40:00,311.5
321,2018-03-20 23:11:00,311.09,2018-03-21 08:59:00,311.44,2018-03-12 08:45:00,311.45
322,2018-03-21 04:20:00,311.44,2018-03-21 13:11:00,311.36,2018-03-12 09:01:00,311.49
323,2018-03-21 05:17:00,311.4,2018-03-21 13:15:00,311.39,2018-03-12 09:29:00,311.61
324,2018-03-21 05:31:00,311.44,2018-03-21 13:29:00,311.37,2018-03-12 10:03:00,311.42
325,2018-03-21 05:36:00,311.44,2018-03-21 13:57:00,311.42,2018-03-12 10:20:00,311.48
326,2018-03-21 07:33:00,311.44,2018-03-21 15:46:00,311.4,2018-03-12 12:50:00,311.66
327,2018-03-21 07:47:00,311.44,2018-03-21 17:35:00,311.1,2018-03-12 13:00:00,311.67
328,2018-03-21 07:54:00,311.44,2018-03-21 17:41:00,311.08,2018-03-12 13:03:00,311.67
329,2018-03-21 08:00:00,311.44,2018-03-21 19:01:00,311.38,2018-03-12 14:31:00,311.91
330,2018-03-21 08:40:00,311.4,2018-03-21 21:48:00,311.234,2018-03-12 16:03:00,311.8
331,2018-03-21 08:47:00,311.42,2018-03-21 21:53:00,311.242,2018-03-12 16:34:00,311.72
332,2018-03-21 09:07:00,311.32,2018-03-21 21:57:00,311.26,2018-03-12 17:55:00,311.95
333,2018-03-21 09:13:00,311.25,2018-03-21 22:01:00,311.27,2018-03-12 17:59:00,311.95
334,2018-03-21 10:45:00,311.48,2018-03-21 22:48:00,311.34,2018-03-12 18:02:00,311.96
335,2018-03-21 10:50:00,311.49,2018-03-22 00:08:00,311.34,2018-03-12 19:36:00,311.82
336,2018-03-21 10:57:00,311.45,2018-03-22 02:27:00,311.41,2018-03-12 19:42:00,311.82
337,2018-03-21 11:04:00,311.44,2018-03-22 05:27:00,311.38,2018-03-12 21:24:00,311.78
338,2018-03-21 11:32:00,311.416,2018-03-22 05:29:00,311.38,2018-03-12 21:28:00,311.78
339,2018-03-21 11:37:00,311.41,2018-03-22 05:34:00,311.38,2018-03-12 21:42:00,311.79
340,2018-03-21 14:09:00,311.41,2018-03-22 05:41:00,311.38,2018-03-12 21:49:00,311.77
341,2018-03-21 14:14:00,311.41,2018-03-22 05:46:00,311.38,2018-03-12 21:51:00,311.79
342,2018-03-21 16:18:00,311.21,2018-03-22 07:28:00,311.38,2018-03-12 22:54:00,311.78
343,2018-03-21 16:33:00,311.06,2018-03-22 07:55:00,311.39,2018-03-12 22:56:00,311.78
344,2018-03-21 19:57:00,311.37,2018-03-22 11:02:00,311.58,2018-03-12 23:04:00,311.77
345,2018-03-21 20:14:00,311.22,2018-03-22 11:06:00,311.56,2018-03-12 23:44:00,311.8
346,2018-03-21 20:21:00,311.22,2018-03-22 16:14:00,311.702,2018-03-12 23:59:00,311.7
347,2018-03-21 20:28:00,311.22,2018-03-22 16:18:00,311.71,2018-03-13 01:26:00,311.81
348,2018-03-21 20:39:00,311.172,2018-03-22 16:23:00,311.725,2018-03-13 01:31:00,311.8
349,2018-03-21 20:43:00,311.169,2018-03-22 16:25:00,311.715,2018-03-13 01:35:00,311.8
350,2018-03-21 20:49:00,311.143,2018-03-22 18:09:00,311.93,2018-03-13 01:38:00,311.79
351,2018-03-21 23:19:00,310.954,2018-03-22 18:35:00,312.03,2018-03-13 01:42:00,311.78
352,2018-03-21 23:24:00,310.955,2018-03-22 22:50:00,312.153,2018-03-13 01:45:00,311.8
353,2018-03-21 23:27:00,310.949,2018-03-22 22:52:00,312.155,2018-03-13 03:11:00,311.82
354,2018-03-22 01:38:00,311.27,2018-03-22 23:01:00,311.956,2018-03-13 03:43:00,311.81
355,2018-03-22 01:47:00,311.28,2018-03-22 23:15:00,311.878,2018-03-13 03:48:00,311.8
356,2018-03-22 01:55:00,311.278,2018-03-22 23:40:00,311.99,2018-03-13 05:33:00,311.8
357,2018-03-22 05:09:00,311.38,2018-03-23 02:31:00,312.107,2018-03-13 05:59:00,311.79
358,2018-03-22 05:55:00,311.38,2018-03-23 02:51:00,312.105,2018-03-13 06:37:00,311.79
359,2018-03-22 05:59:00,311.38,2018-03-23 03:14:00,312.104,2018-03-13 07:55:00,311.8
360,2018-03-22 06:12:00,311.38,2018-03-23 03:27:00,312.106,2018-03-13 08:07:00,311.8
361,2018-03-22 06:15:00,311.38,2018-03-23 08:30:00,312.12,2018-03-13 08:14:00,311.8
362,2018-03-22 06:20:00,311.38,2018-03-23 08:36:00,312.14,2018-03-13 08:21:00,311.8
363,2018-03-22 07:46:00,311.39,2018-03-23 11:20:00,313.09,2018-03-13 08:41:00,311.79
364,2018-03-22 08:00:00,311.39,2018-03-23 11:26:00,313.09,2018-03-13 08:47:00,311.8
365,2018-03-22 08:46:00,311.42,2018-03-23 11:54:00,313.05,2018-03-13 09:01:00,311.82
366,2018-03-22 08:58:00,311.4,2018-03-23 12:13:00,313.08,2018-03-13 09:03:00,311.8
367,2018-03-22 09:22:00,311.43,2018-03-23 14:33:00,312.884,2018-03-13 09:16:00,311.78
368,2018-03-22 09:56:00,311.53,2018-03-23 14:39:00,312.81,2018-03-13 09:24:00,311.68
369,2018-03-22 09:59:00,311.54,2018-03-23 14:47:00,312.849,2018-03-13 09:26:00,311.71
370,2018-03-22 11:41:00,311.54,2018-03-23 14:57:00,312.854,2018-03-13 09:31:00,311.73
371,2018-03-22 13:21:00,311.5,2018-03-23 16:56:00,312.5,2018-03-13 09:36:00,311.74
372,2018-03-22 15:09:00,311.62,2018-03-23 17:15:00,312.58,2018-03-13 09:42:00,311.8
373,2018-03-22 15:21:00,311.63,2018-03-23 22:53:00,312.69,2018-03-13 10:28:00,311.67
374,2018-03-22 16:53:00,311.752,2018-03-23 22:55:00,312.653,2018-03-13 11:03:00,311.65
375,2018-03-22 17:08:00,311.77,2018-03-23 22:58:00,312.81,2018-03-13 11:16:00,311.72
376,2018-03-22 17:27:00,311.8,2018-03-26 00:18:00,312.686,2018-03-13 11:25:00,311.7
377,2018-03-22 17:32:00,311.86,2018-03-26 00:20:00,312.686,2018-03-13 12:01:00,311.67
378,2018-03-22 17:46:00,311.91,2018-03-26 03:21:00,312.716,2018-03-13 12:04:00,311.7
379,2018-03-22 20:09:00,312.1,2018-03-26 03:33:00,312.71,2018-03-13 12:59:00,311.73
380,2018-03-22 20:31:00,312.1,2018-03-26 03:51:00,312.725,2018-03-13 13:03:00,311.75
381,2018-03-22 21:17:00,312.079,2018-03-26 06:19:00,312.695,2018-03-13 13:15:00,311.85
382,2018-03-22 21:26:00,312.08,2018-03-26 06:22:00,312.69,2018-03-13 14:31:00,311.66
383,2018-03-23 00:47:00,311.985,2018-03-26 06:30:00,312.696,2018-03-13 14:43:00,311.82
384,2018-03-23 01:04:00,311.983,2018-03-26 07:57:00,312.709,2018-03-13 14:45:00,311.79
385,2018-03-23 01:17:00,312.062,2018-03-26 08:00:00,312.705,2018-03-13 14:49:00,311.79
386,2018-03-23 01:19:00,312.062,2018-03-26 08:30:00,312.71,2018-03-13 15:32:00,311.86
387,2018-03-23 01:31:00,312.068,2018-03-26 09:07:00,312.84,2018-03-13 15:41:00,311.67
388,2018-03-23 04:33:00,312.101,2018-03-26 09:21:00,312.858,2018-03-13 17:03:00,311.52
389,2018-03-23 04:40:00,312.079,2018-03-26 09:25:00,312.863,2018-03-13 17:08:00,311.47
390,2018-03-23 06:00:00,312.08,2018-03-26 09:55:00,312.725,2018-03-13 17:10:00,311.53
391,2018-03-23 06:30:00,312.075,2018-03-26 10:02:00,312.697,2018-03-13 18:05:00,311.59
392,2018-03-23 06:41:00,312.068,2018-03-26 10:42:00,312.579,2018-03-13 18:10:00,311.67
393,2018-03-23 08:05:00,312.11,2018-03-26 11:06:00,312.64,2018-03-13 18:31:00,311.7
394,2018-03-23 08:20:00,312.11,2018-03-26 12:20:00,312.77,2018-03-13 20:20:00,311.73
395,2018-03-23 08:52:00,312.14,2018-03-26 13:50:00,312.89,2018-03-13 20:33:00,311.67
396,2018-03-23 09:04:00,312.093,2018-03-26 13:54:00,312.89,2018-03-13 21:04:00,311.69
397,2018-03-23 09:09:00,312.1,2018-03-26 13:58:00,312.873,2018-03-13 21:54:00,311.76
398,2018-03-23 09:56:00,312.19,2018-03-26 18:51:00,312.761,2018-03-13 22:04:00,311.83
399,2018-03-23 10:27:00,312.259,2018-03-26 19:12:00,312.72,2018-03-13 22:47:00,311.81
400,2018-03-23 12:56:00,313.08,2018-03-26 23:05:00,312.89,2018-03-13 23:00:00,311.47
401,2018-03-23 14:12:00,312.877,2018-03-26 23:09:00,312.897,2018-03-13 23:03:00,311.53
402,2018-03-23 14:15:00,312.866,2018-03-26 23:12:00,312.895,2018-03-13 23:26:00,311.54
403,2018-03-23 16:08:00,312.46,2018-03-26 23:15:00,312.887,2018-03-13 23:30:00,311.69
404,2018-03-23 17:55:00,312.67,2018-03-26 23:17:00,312.89,2018-03-14 00:00:00,311.7
405,2018-03-23 17:57:00,312.71,2018-03-26 23:21:00,312.92,2018-03-14 01:09:00,311.74
406,2018-03-23 18:13:00,312.77,2018-03-26 23:24:00,312.92,2018-03-14 01:13:00,311.74
407,2018-03-23 18:34:00,312.74,2018-03-26 23:27:00,312.92,2018-03-14 01:18:00,311.74
408,2018-03-23 18:41:00,312.732,2018-03-26 23:30:00,312.9,2018-03-14 01:20:00,311.74
409,2018-03-23 19:06:00,312.757,2018-03-26 23:48:00,312.91,2018-03-14 02:01:00,311.78
410,2018-03-23 20:59:00,312.75,2018-03-26 23:58:00,312.904,2018-03-14 02:16:00,311.89
411,2018-03-23 21:24:00,312.77,2018-03-27 03:55:00,312.88,2018-03-14 02:35:00,311.88
412,2018-03-23 21:37:00,312.76,2018-03-27 04:12:00,312.88,2018-03-14 02:40:00,311.88
413,2018-03-26 00:27:00,312.304,2018-03-27 04:28:00,312.87,2018-03-14 04:21:00,311.88
414,2018-03-26 00:59:00,312.413,2018-03-27 04:35:00,312.84,2018-03-14 04:23:00,311.88
415,2018-03-26 14:46:00,312.87,2018-03-27 04:37:00,312.86,2018-03-14 04:26:00,311.88
416,2018-03-26 14:52:00,312.74,2018-03-27 04:45:00,312.86,2018-03-14 04:33:00,311.88
417,2018-03-26 15:08:00,312.74,2018-03-27 06:20:00,312.87,2018-03-14 04:49:00,311.88
418,2018-03-26 16:36:00,312.81,2018-03-27 07:49:00,312.91,2018-03-14 06:10:00,311.88
419,2018-03-26 16:43:00,312.81,2018-03-27 09:28:00,312.89,2018-03-14 06:55:00,311.87
420,2018-03-26 16:47:00,312.8,2018-03-27 09:34:00,312.83,2018-03-14 07:01:00,311.86
421,2018-03-26 16:56:00,312.76,2018-03-27 10:15:00,312.713,2018-03-14 07:32:00,311.85
422,2018-03-26 17:09:00,312.7,2018-03-27 10:18:00,312.709,2018-03-14 07:50:00,311.86
423,2018-03-26 20:34:00,312.83,2018-03-27 12:11:00,312.68,2018-03-14 07:58:00,311.84
424,2018-03-26 20:39:00,312.825,2018-03-27 12:18:00,312.66,2018-03-14 08:01:00,311.85
425,2018-03-26 20:53:00,312.82,2018-03-27 14:55:00,312.75,2018-03-14 08:09:00,311.85
426,2018-03-26 20:56:00,312.832,2018-03-27 15:09:00,312.829,2018-03-14 08:12:00,311.85
427,2018-03-26 22:29:00,312.85,2018-03-27 15:22:00,312.98,2018-03-14 08:16:00,311.84
428,2018-03-26 22:32:00,312.82,2018-03-27 15:30:00,312.9,2018-03-14 08:26:00,311.83
429,2018-03-27 01:54:00,312.88,2018-03-27 15:56:00,312.785,2018-03-14 08:30:00,311.84
430,2018-03-27 01:57:00,312.88,2018-03-27 16:00:00,312.781,2018-03-14 08:57:00,311.84
431,2018-03-27 02:01:00,312.88,2018-03-27 16:09:00,312.629,2018-03-14 09:09:00,311.78
432,2018-03-27 02:34:00,312.83,2018-03-27 16:22:00,312.702,2018-03-14 09:22:00,311.77
433,2018-03-27 02:36:00,312.83,2018-03-27 16:25:00,312.71,2018-03-14 09:26:00,311.65
434,2018-03-27 02:40:00,312.84,2018-03-27 18:52:00,312.67,2018-03-14 09:49:00,311.56
435,2018-03-27 03:00:00,312.84,2018-03-27 19:12:00,312.62,2018-03-14 10:14:00,311.56
436,2018-03-27 08:59:00,313.02,2018-03-27 19:15:00,312.611,2018-03-14 10:17:00,311.56
437,2018-03-27 09:01:00,312.99,2018-03-27 19:25:00,312.65,2018-03-14 10:23:00,311.59
438,2018-03-27 09:11:00,312.89,2018-03-28 00:56:00,312.741,2018-03-14 10:27:00,311.59
439,2018-03-27 09:19:00,312.88,2018-03-28 01:05:00,312.76,2018-03-14 10:37:00,311.59
440,2018-03-27 09:31:00,312.85,2018-03-28 02:48:00,312.774,2018-03-14 10:43:00,311.72
441,2018-03-27 09:40:00,312.716,2018-03-28 03:13:00,312.842,2018-03-14 11:06:00,311.69
442,2018-03-27 10:49:00,312.49,2018-03-28 03:52:00,312.826,2018-03-14 12:55:00,311.65
443,2018-03-27 11:10:00,312.433,2018-03-28 07:17:00,312.841,2018-03-14 14:01:00,311.66
444,2018-03-27 13:13:00,312.68,2018-03-28 07:23:00,312.841,2018-03-14 14:08:00,311.66
445,2018-03-27 13:27:00,312.64,2018-03-28 08:06:00,312.875,2018-03-14 14:14:00,311.64
446,2018-03-27 16:48:00,312.614,2018-03-28 08:16:00,312.871,2018-03-14 14:29:00,311.53
447,2018-03-27 17:29:00,312.601,2018-03-28 17:30:00,312.45,2018-03-14 14:32:00,311.52
448,2018-03-27 17:32:00,312.63,2018-03-28 17:57:00,312.44,2018-03-14 14:39:00,311.64
449,2018-03-27 20:09:00,312.623,2018-03-28 18:00:00,312.45,2018-03-14 14:46:00,311.57
450,2018-03-27 20:38:00,312.637,2018-03-28 22:58:00,312.25,2018-03-14 15:13:00,311.58
451,2018-03-27 20:47:00,312.64,2018-03-28 23:00:00,312.25,2018-03-14 15:19:00,311.59
452,2018-03-27 21:28:00,312.634,2018-03-28 23:35:00,312.25,2018-03-14 15:50:00,311.7
453,2018-03-27 21:37:00,312.615,2018-03-29 00:02:00,312.28,2018-03-14 16:10:00,311.58
454,2018-03-27 21:39:00,312.636,2018-03-29 02:46:00,312.35,2018-03-14 16:19:00,311.61
455,2018-03-27 21:46:00,312.632,2018-03-29 06:48:00,312.371,2018-03-14 17:44:00,311.5
456,2018-03-27 22:13:00,312.671,2018-03-29 09:15:00,312.406,2018-03-14 17:55:00,311.32
457,2018-03-27 22:47:00,312.745,2018-03-29 09:23:00,312.392,2018-03-14 18:11:00,311.28
458,2018-03-27 22:49:00,312.75,2018-03-29 09:30:00,312.397,2018-03-14 18:52:00,311.23
459,2018-03-27 23:37:00,312.755,2018-03-29 09:37:00,312.417,2018-03-14 21:19:00,311.29
460,2018-03-28 00:01:00,312.469,2018-03-29 09:46:00,312.446,2018-03-14 22:07:00,311.29
461,2018-03-28 00:49:00,312.74,2018-03-29 10:01:00,312.489,2018-03-14 23:03:00,311.23
462,2018-03-28 04:29:00,312.823,2018-03-29 13:01:00,312.47,2018-03-14 23:12:00,311.23
463,2018-03-28 04:37:00,312.824,2018-03-29 13:17:00,312.463,2018-03-14 23:28:00,311.23
464,2018-03-28 04:47:00,312.827,2018-03-29 16:21:00,312.2,2018-03-14 23:59:00,311.13
465,2018-03-28 04:53:00,312.825,2018-03-29 16:24:00,312.2,2018-03-15 01:40:00,311.18
466,2018-03-28 05:03:00,312.826,2018-03-29 17:49:00,311.93,2018-03-15 01:46:00,311.18
467,2018-03-28 05:53:00,312.824,2018-03-29 19:29:00,312.405,2018-03-15 03:04:00,311.2
468,2018-03-28 06:00:00,312.82,2018-03-29 19:33:00,312.425,2018-03-15 05:59:00,311.19
469,2018-03-28 07:51:00,312.843,2018-03-29 19:59:00,312.51,2018-03-15 06:10:00,311.19
470,2018-03-28 09:00:00,312.86,2018-03-29 21:49:00,312.33,2018-03-15 07:26:00,311.2
471,2018-03-28 09:46:00,312.83,2018-03-29 21:54:00,312.31,2018-03-15 07:46:00,311.2
472,2018-03-28 10:52:00,312.773,2018-03-29 21:57:00,312.31,2018-03-15 07:57:00,311.2
473,2018-03-28 11:02:00,312.687,2018-03-29 22:00:00,312.31,2018-03-15 08:09:00,311.21
474,2018-03-28 11:27:00,312.513,2018-03-29 22:32:00,312.35,2018-03-15 08:13:00,311.21
475,2018-03-28 11:33:00,312.455,2018-03-30 05:28:00,311.9,2018-03-15 08:32:00,311.19
476,2018-03-28 11:38:00,312.525,2018-03-30 08:09:00,312.107,2018-03-15 08:39:00,311.19
477,2018-03-28 13:23:00,312.661,2018-03-30 13:41:00,312.161,2018-03-15 09:03:00,311.18
478,2018-03-28 13:38:00,312.71,2018-03-30 13:48:00,312.16,2018-03-15 09:08:00,311.17
479,2018-03-28 13:52:00,312.68,2018-03-30 14:07:00,312.209,2018-03-15 09:22:00,311.17
480,2018-03-28 15:09:00,312.43,2018-03-30 15:12:00,312.203,2018-03-15 09:29:00,311.24
481,2018-03-28 15:27:00,312.42,2018-03-30 16:36:00,312.301,2018-03-15 10:40:00,311.26
482,2018-03-28 15:31:00,312.47,2018-03-30 17:09:00,312.281,2018-03-15 10:59:00,311.27
483,2018-03-28 16:17:00,312.52,2018-03-30 17:11:00,312.28,2018-03-15 11:41:00,311.19
484,2018-03-28 18:55:00,312.273,2018-03-30 21:54:00,312.45,2018-03-15 12:51:00,310.96
485,2018-03-28 20:00:00,312.27,2018-03-30 22:07:00,312.052,2018-03-15 12:57:00,310.87
486,2018-03-28 20:17:00,312.263,2018-03-30 23:57:00,312.44,2018-03-15 14:05:00,310.96
487,2018-03-28 20:30:00,312.25,,,2018-03-15 14:08:00,310.95
488,2018-03-28 20:34:00,312.25,,,2018-03-15 14:58:00,310.97
489,2018-03-28 20:42:00,312.245,,,2018-03-15 15:46:00,311.09
490,2018-03-28 21:13:00,312.28,,,2018-03-15 15:49:00,311.05
491,2018-03-28 22:22:00,312.268,,,2018-03-15 15:56:00,311.06
492,2018-03-29 04:49:00,312.357,,,2018-03-15 16:02:00,311.06
493,2018-03-29 06:53:00,312.378,,,2018-03-15 16:43:00,310.97
494,2018-03-29 06:55:00,312.38,,,2018-03-15 16:51:00,310.96
495,2018-03-29 07:07:00,312.41,,,2018-03-15 17:55:00,311.284
496,2018-03-29 07:09:00,312.41,,,2018-03-15 18:12:00,311.13
497,2018-03-29 07:12:00,312.41,,,2018-03-15 18:16:00,311.12
498,2018-03-29 07:24:00,312.4,,,2018-03-15 18:38:00,311.113
499,2018-03-29 08:17:00,312.39,,,2018-03-15 20:10:00,311.07
500,2018-03-29 08:20:00,312.39,,,2018-03-15 20:58:00,311.21
501,2018-03-29 08:40:00,312.45,,,2018-03-15 22:50:00,311.19
502,2018-03-29 10:58:00,312.573,,,2018-03-15 23:00:00,311.1
503,2018-03-29 11:03:00,312.523,,,2018-03-15 23:11:00,311.04
504,2018-03-29 11:27:00,312.409,,,2018-03-15 23:32:00,310.89
505,2018-03-29 13:57:00,312.35,,,2018-03-15 23:57:00,310.89
506,2018-03-29 14:18:00,312.24,,,2018-03-16 02:00:00,311.09
507,2018-03-29 17:04:00,312.04,,,2018-03-16 02:10:00,311.14
508,2018-03-29 17:18:00,311.955,,,2018-03-16 02:34:00,311.16
509,2018-03-29 23:03:00,312.299,,,2018-03-16 02:42:00,311.17
510,2018-03-29 23:06:00,312.297,,,2018-03-16 05:54:00,311.23
511,2018-03-29 23:59:00,311.97,,,2018-03-16 06:00:00,311.23
512,2018-03-30 00:12:00,311.745,,,2018-03-16 06:24:00,311.23
513,2018-03-30 00:18:00,311.741,,,2018-03-16 06:27:00,311.23
514,2018-03-30 03:40:00,311.887,,,2018-03-16 06:48:00,311.23
515,2018-03-30 04:19:00,311.759,,,2018-03-16 06:51:00,311.23
516,2018-03-30 05:43:00,311.9,,,2018-03-16 07:01:00,311.23
517,2018-03-30 06:10:00,311.9,,,2018-03-16 07:19:00,311.24
518,2018-03-30 06:15:00,311.9,,,2018-03-16 08:28:00,311.2
519,2018-03-30 06:22:00,311.9,,,2018-03-16 08:48:00,311.23
520,2018-03-30 06:36:00,311.9,,,2018-03-16 08:53:00,311.24
521,2018-03-30 06:43:00,311.9,,,2018-03-16 09:18:00,311.048
522,2018-03-30 06:52:00,311.9,,,2018-03-16 09:59:00,311.27
523,2018-03-30 06:58:00,311.9,,,2018-03-16 10:11:00,311.25
524,2018-03-30 09:43:00,312.162,,,2018-03-16 10:40:00,311.22
525,2018-03-30 10:37:00,312.14,,,2018-03-16 10:42:00,311.2
526,2018-03-30 10:42:00,312.14,,,2018-03-16 10:48:00,311.18
527,2018-03-30 10:48:00,312.089,,,2018-03-16 10:59:00,311.06
528,2018-03-30 11:30:00,312.14,,,2018-03-16 11:59:00,311.07
529,2018-03-30 14:42:00,312.207,,,2018-03-16 12:16:00,311.06
530,2018-03-30 15:00:00,312.2,,,2018-03-16 12:18:00,311.06
531,2018-03-30 15:38:00,312.209,,,2018-03-16 12:55:00,310.99
532,2018-03-30 15:59:00,312.201,,,2018-03-16 14:15:00,310.96
533,2018-03-30 17:00:00,312.246,,,2018-03-16 14:50:00,310.91
534,2018-03-30 17:14:00,312.26,,,2018-03-16 14:57:00,310.91
535,2018-03-30 18:59:00,312.053,,,2018-03-16 15:17:00,310.96
536,2018-03-30 20:15:00,312.001,,,2018-03-16 15:58:00,310.99
537,2018-03-30 20:28:00,312.009,,,2018-03-16 16:31:00,310.99
538,2018-03-30 23:31:00,311.867,,,2018-03-16 16:52:00,310.97
539,2018-03-30 23:51:00,311.727,,,2018-03-16 17:12:00,311.02
540,,,,,2018-03-16 17:29:00,310.96
541,,,,,2018-03-16 17:33:00,310.99
542,,,,,2018-03-16 17:38:00,310.98
543,,,,,2018-03-16 17:49:00,310.91
544,,,,,2018-03-16 18:03:00,310.76
545,,,,,2018-03-16 18:52:00,310.7
546,,,,,2018-03-16 19:20:00,310.73
547,,,,,2018-03-16 19:23:00,310.74
548,,,,,2018-03-16 19:26:00,310.73
549,,,,,2018-03-16 19:59:00,310.66
550,,,,,2018-03-16 20:04:00,310.66
551,,,,,2018-03-16 20:23:00,310.68
552,,,,,2018-03-16 20:53:00,310.69
553,,,,,2018-03-16 21:05:00,310.68
554,,,,,2018-03-16 21:13:00,310.74
555,,,,,2018-03-16 22:08:00,310.73
556,,,,,2018-03-16 22:10:00,310.76
557,,,,,2018-03-16 22:17:00,310.76
558,,,,,2018-03-16 22:31:00,310.72
559,,,,,2018-03-16 22:48:00,310.68
560,,,,,2018-03-16 22:52:00,310.68
561,,,,,2018-03-16 22:56:00,310.63
562,,,,,2018-03-19 00:23:00,311.193
563,,,,,2018-03-19 02:14:00,310.802
564,,,,,2018-03-19 04:17:00,310.68
565,,,,,2018-03-19 04:50:00,310.67
566,,,,,2018-03-19 06:04:00,310.67
567,,,,,2018-03-19 06:08:00,310.67
568,,,,,2018-03-19 06:20:00,310.67
569,,,,,2018-03-19 06:23:00,310.67
570,,,,,2018-03-19 07:21:00,310.672
571,,,,,2018-03-19 07:25:00,310.672
572,,,,,2018-03-19 07:55:00,310.64
573,,,,,2018-03-19 08:04:00,310.66
574,,,,,2018-03-19 08:30:00,310.77
575,,,,,2018-03-19 08:49:00,310.83
576,,,,,2018-03-19 09:03:00,310.95
577,,,,,2018-03-19 09:17:00,311.01
578,,,,,2018-03-19 10:08:00,310.88
579,,,,,2018-03-19 10:33:00,310.89
580,,,,,2018-03-19 12:11:00,310.88
581,,,,,2018-03-19 12:40:00,310.91
582,,,,,2018-03-19 14:06:00,310.97
583,,,,,2018-03-19 14:09:00,310.97
584,,,,,2018-03-19 14:33:00,311.0
585,,,,,2018-03-19 16:31:00,310.802
586,,,,,2018-03-19 16:51:00,310.76
587,,,,,2018-03-19 16:59:00,310.79
588,,,,,2018-03-19 17:50:00,310.782
589,,,,,2018-03-19 18:03:00,310.853
590,,,,,2018-03-19 19:08:00,310.922
591,,,,,2018-03-19 19:34:00,311.23
592,,,,,2018-03-19 22:09:00,311.17
593,,,,,2018-03-19 22:23:00,311.24
594,,,,,2018-03-19 23:06:00,311.06
595,,,,,2018-03-19 23:15:00,310.87
596,,,,,2018-03-19 23:53:00,311.03
597,,,,,2018-03-19 23:56:00,311.03
598,,,,,2018-03-20 02:19:00,311.281
599,,,,,2018-03-20 02:38:00,311.24
600,,,,,2018-03-20 03:08:00,311.24
601,,,,,2018-03-20 03:13:00,311.24
602,,,,,2018-03-20 04:48:00,311.24
603,,,,,2018-03-20 05:35:00,311.2
604,,,,,2018-03-20 07:54:00,311.22
605,,,,,2018-03-20 08:31:00,311.22
606,,,,,2018-03-20 09:13:00,311.17
607,,,,,2018-03-20 09:28:00,311.15
608,,,,,2018-03-20 10:13:00,311.02
609,,,,,2018-03-20 10:36:00,311.08
610,,,,,2018-03-20 10:47:00,311.09
611,,,,,2018-03-20 10:51:00,311.09
612,,,,,2018-03-20 11:58:00,311.19
613,,,,,2018-03-20 12:20:00,311.21
614,,,,,2018-03-20 12:25:00,311.2
615,,,,,2018-03-20 13:56:00,311.12
616,,,,,2018-03-20 14:09:00,311.071
617,,,,,2018-03-20 14:19:00,311.011
618,,,,,2018-03-20 14:28:00,311.07
619,,,,,2018-03-20 14:33:00,311.07
620,,,,,2018-03-20 14:45:00,311.04
621,,,,,2018-03-20 14:59:00,311.05
622,,,,,2018-03-20 15:13:00,311.09
623,,,,,2018-03-20 16:12:00,311.33
624,,,,,2018-03-20 16:23:00,311.32
625,,,,,2018-03-20 16:34:00,311.23
626,,,,,2018-03-20 18:03:00,311.41
627,,,,,2018-03-20 18:05:00,311.4
628,,,,,2018-03-20 18:09:00,311.39
629,,,,,2018-03-20 18:29:00,311.33
630,,,,,2018-03-20 21:29:00,311.42
631,,,,,2018-03-20 22:30:00,311.45
632,,,,,2018-03-20 22:58:00,311.39
633,,,,,2018-03-20 23:10:00,311.22
634,,,,,2018-03-20 23:21:00,311.09
635,,,,,2018-03-21 01:26:00,311.43
636,,,,,2018-03-21 01:56:00,311.34
637,,,,,2018-03-21 02:17:00,311.44
638,,,,,2018-03-21 04:16:00,311.44
639,,,,,2018-03-21 04:19:00,311.44
640,,,,,2018-03-21 04:32:00,311.44
641,,,,,2018-03-21 05:18:00,311.44
642,,,,,2018-03-21 05:32:00,311.44
643,,,,,2018-03-21 05:43:00,311.44
644,,,,,2018-03-21 07:20:00,311.44
645,,,,,2018-03-21 07:25:00,311.44
646,,,,,2018-03-21 07:34:00,311.44
647,,,,,2018-03-21 07:53:00,311.44
648,,,,,2018-03-21 07:59:00,311.44
649,,,,,2018-03-21 08:09:00,311.44
650,,,,,2018-03-21 08:45:00,311.42
651,,,,,2018-03-21 08:51:00,311.44
652,,,,,2018-03-21 08:57:00,311.44
653,,,,,2018-03-21 09:02:00,311.43
654,,,,,2018-03-21 09:09:00,311.32
655,,,,,2018-03-21 10:01:00,311.34
656,,,,,2018-03-21 10:49:00,311.49
657,,,,,2018-03-21 10:56:00,311.45
658,,,,,2018-03-21 10:58:00,311.45
659,,,,,2018-03-21 11:10:00,311.49
660,,,,,2018-03-21 11:36:00,311.39
661,,,,,2018-03-21 11:38:00,311.4
662,,,,,2018-03-21 13:12:00,311.33
663,,,,,2018-03-21 13:16:00,311.37
664,,,,,2018-03-21 13:32:00,311.37
665,,,,,2018-03-21 13:59:00,311.41
666,,,,,2018-03-21 14:12:00,311.41
667,,,,,2018-03-21 14:28:00,311.38
668,,,,,2018-03-21 15:47:00,311.38
669,,,,,2018-03-21 16:32:00,311.13
670,,,,,2018-03-21 16:34:00,311.08
671,,,,,2018-03-21 17:40:00,311.08
672,,,,,2018-03-21 17:56:00,311.17
673,,,,,2018-03-21 19:02:00,311.36
674,,,,,2018-03-21 20:06:00,311.245
675,,,,,2018-03-21 20:16:00,311.2
676,,,,,2018-03-21 20:23:00,311.22
677,,,,,2018-03-21 20:29:00,311.213
678,,,,,2018-03-21 20:42:00,311.17
679,,,,,2018-03-21 20:48:00,311.177
680,,,,,2018-03-21 20:57:00,311.212
681,,,,,2018-03-21 21:52:00,311.242
682,,,,,2018-03-21 21:55:00,311.25
683,,,,,2018-03-21 21:59:00,311.26
684,,,,,2018-03-21 22:02:00,311.27
685,,,,,2018-03-21 22:51:00,311.355
686,,,,,2018-03-21 23:21:00,310.954
687,,,,,2018-03-21 23:25:00,311.03
688,,,,,2018-03-21 23:28:00,311.03
689,,,,,2018-03-22 00:13:00,311.34
690,,,,,2018-03-22 01:46:00,311.278
691,,,,,2018-03-22 01:54:00,311.276
692,,,,,2018-03-22 02:00:00,311.35
693,,,,,2018-03-22 02:39:00,311.37
694,,,,,2018-03-22 05:11:00,311.38
695,,,,,2018-03-22 05:28:00,311.38
696,,,,,2018-03-22 05:32:00,311.38
697,,,,,2018-03-22 05:35:00,311.38
698,,,,,2018-03-22 05:45:00,311.38
699,,,,,2018-03-22 05:47:00,311.38
700,,,,,2018-03-22 05:57:00,311.38
701,,,,,2018-03-22 06:07:00,311.38
702,,,,,2018-03-22 06:13:00,311.38
703,,,,,2018-03-22 06:16:00,311.38
704,,,,,2018-03-22 06:21:00,311.38
705,,,,,2018-03-22 07:32:00,311.39
706,,,,,2018-03-22 07:53:00,311.39
707,,,,,2018-03-22 07:57:00,311.39
708,,,,,2018-03-22 08:02:00,311.39
709,,,,,2018-03-22 08:52:00,311.4
710,,,,,2018-03-22 09:20:00,311.46
711,,,,,2018-03-22 09:54:00,311.53
712,,,,,2018-03-22 09:58:00,311.53
713,,,,,2018-03-22 10:00:00,311.62
714,,,,,2018-03-22 11:04:00,311.56
715,,,,,2018-03-22 11:07:00,311.55
716,,,,,2018-03-22 12:01:00,311.51
717,,,,,2018-03-22 13:31:00,311.42
718,,,,,2018-03-22 15:16:00,311.61
719,,,,,2018-03-22 15:22:00,311.64
720,,,,,2018-03-22 16:16:00,311.71
721,,,,,2018-03-22 16:19:00,311.73
722,,,,,2018-03-22 16:24:00,311.703
723,,,,,2018-03-22 16:26:00,311.71
724,,,,,2018-03-22 17:00:00,311.79
725,,,,,2018-03-22 17:09:00,311.81
726,,,,,2018-03-22 17:30:00,311.86
727,,,,,2018-03-22 17:35:00,311.9
728,,,,,2018-03-22 17:47:00,311.91
729,,,,,2018-03-22 18:33:00,312.007
730,,,,,2018-03-22 18:37:00,312.02
731,,,,,2018-03-22 20:16:00,312.1
732,,,,,2018-03-22 20:39:00,312.1
733,,,,,2018-03-22 21:21:00,312.08
734,,,,,2018-03-22 21:30:00,312.08
735,,,,,2018-03-22 22:51:00,312.155
736,,,,,2018-03-22 22:59:00,311.757
737,,,,,2018-03-22 23:03:00,311.903
738,,,,,2018-03-22 23:16:00,311.878
739,,,,,2018-03-22 23:45:00,311.95
740,,,,,2018-03-23 01:02:00,311.992
741,,,,,2018-03-23 01:10:00,312.072
742,,,,,2018-03-23 01:18:00,312.061
743,,,,,2018-03-23 01:21:00,312.062
744,,,,,2018-03-23 01:32:00,312.072
745,,,,,2018-03-23 02:47:00,312.106
746,,,,,2018-03-23 03:08:00,312.104
747,,,,,2018-03-23 03:23:00,312.106
748,,,,,2018-03-23 03:33:00,312.103
749,,,,,2018-03-23 04:36:00,312.1
750,,,,,2018-03-23 04:56:00,312.067
751,,,,,2018-03-23 06:05:00,312.083
752,,,,,2018-03-23 06:37:00,312.072
753,,,,,2018-03-23 06:44:00,312.069
754,,,,,2018-03-23 08:19:00,312.11
755,,,,,2018-03-23 08:23:00,312.11
756,,,,,2018-03-23 08:32:00,312.11
757,,,,,2018-03-23 08:42:00,312.15
758,,,,,2018-03-23 09:01:00,312.1
759,,,,,2018-03-23 09:07:00,312.1
760,,,,,2018-03-23 09:21:00,312.117
761,,,,,2018-03-23 10:03:00,312.206
762,,,,,2018-03-23 10:31:00,312.267
763,,,,,2018-03-23 11:25:00,313.09
764,,,,,2018-03-23 11:39:00,313.18
765,,,,,2018-03-23 12:04:00,313.07
766,,,,,2018-03-23 12:14:00,313.07
767,,,,,2018-03-23 12:58:00,313.08
768,,,,,2018-03-23 14:14:00,312.9
769,,,,,2018-03-23 14:16:00,312.866
770,,,,,2018-03-23 14:38:00,312.816
771,,,,,2018-03-23 14:43:00,312.84
772,,,,,2018-03-23 14:56:00,312.85
773,,,,,2018-03-23 15:00:00,312.845
774,,,,,2018-03-23 16:21:00,312.4
775,,,,,2018-03-23 16:57:00,312.483
776,,,,,2018-03-23 17:16:00,312.63
777,,,,,2018-03-23 17:56:00,312.68
778,,,,,2018-03-23 18:02:00,312.761
779,,,,,2018-03-23 18:15:00,312.77
780,,,,,2018-03-23 18:39:00,312.738
781,,,,,2018-03-23 19:04:00,312.733
782,,,,,2018-03-23 19:07:00,312.77
783,,,,,2018-03-23 21:07:00,312.77
784,,,,,2018-03-23 21:36:00,312.76
785,,,,,2018-03-23 21:41:00,312.76
786,,,,,2018-03-23 22:54:00,312.68
787,,,,,2018-03-23 22:57:00,312.651
788,,,,,2018-03-26 00:16:00,312.686
789,,,,,2018-03-26 00:19:00,312.686
790,,,,,2018-03-26 00:22:00,312.686
791,,,,,2018-03-26 00:28:00,312.614
792,,,,,2018-03-26 01:00:00,312.63
793,,,,,2018-03-26 03:32:00,312.71
794,,,,,2018-03-26 03:49:00,312.709
795,,,,,2018-03-26 03:53:00,312.724
796,,,,,2018-03-26 06:21:00,312.69
797,,,,,2018-03-26 06:29:00,312.691
798,,,,,2018-03-26 06:34:00,312.686
799,,,,,2018-03-26 07:59:00,312.705
800,,,,,2018-03-26 08:02:00,312.706
801,,,,,2018-03-26 08:42:00,312.675
802,,,,,2018-03-26 09:18:00,312.87
803,,,,,2018-03-26 09:23:00,312.859
804,,,,,2018-03-26 09:41:00,312.886
805,,,,,2018-03-26 09:58:00,312.71
806,,,,,2018-03-26 10:21:00,312.55
807,,,,,2018-03-26 10:52:00,312.521
808,,,,,2018-03-26 11:13:00,312.555
809,,,,,2018-03-26 12:21:00,312.766
810,,,,,2018-03-26 13:53:00,312.89
811,,,,,2018-03-26 13:55:00,312.89
812,,,,,2018-03-26 14:00:00,312.894
813,,,,,2018-03-26 14:48:00,312.88
814,,,,,2018-03-26 15:03:00,312.73
815,,,,,2018-03-26 15:28:00,312.64
816,,,,,2018-03-26 16:37:00,312.8
817,,,,,2018-03-26 16:46:00,312.81
818,,,,,2018-03-26 16:55:00,312.78
819,,,,,2018-03-26 17:07:00,312.7
820,,,,,2018-03-26 17:12:00,312.746
821,,,,,2018-03-26 18:55:00,312.699
822,,,,,2018-03-26 19:15:00,312.72
823,,,,,2018-03-26 20:35:00,312.84
824,,,,,2018-03-26 20:49:00,312.824
825,,,,,2018-03-26 20:55:00,312.832
826,,,,,2018-03-26 20:59:00,312.832
827,,,,,2018-03-26 22:30:00,312.82
828,,,,,2018-03-26 22:33:00,312.82
829,,,,,2018-03-26 23:08:00,312.897
830,,,,,2018-03-26 23:11:00,312.895
831,,,,,2018-03-26 23:14:00,312.895
832,,,,,2018-03-26 23:16:00,312.887
833,,,,,2018-03-26 23:19:00,312.92
834,,,,,2018-03-26 23:22:00,312.92
835,,,,,2018-03-26 23:26:00,312.92
836,,,,,2018-03-26 23:28:00,312.92
837,,,,,2018-03-26 23:40:00,312.91
838,,,,,2018-03-26 23:49:00,312.91
839,,,,,2018-03-27 00:01:00,312.681
840,,,,,2018-03-27 01:55:00,312.88
841,,,,,2018-03-27 02:00:00,312.88
842,,,,,2018-03-27 02:02:00,312.88
843,,,,,2018-03-27 02:35:00,312.83
844,,,,,2018-03-27 02:39:00,312.84
845,,,,,2018-03-27 02:52:00,312.837
846,,,,,2018-03-27 03:01:00,312.89
847,,,,,2018-03-27 04:11:00,312.85
848,,,,,2018-03-27 04:22:00,312.87
849,,,,,2018-03-27 04:33:00,312.83
850,,,,,2018-03-27 04:36:00,312.84
851,,,,,2018-03-27 04:44:00,312.86
852,,,,,2018-03-27 04:46:00,312.86
853,,,,,2018-03-27 06:21:00,312.87
854,,,,,2018-03-27 08:17:00,312.99
855,,,,,2018-03-27 09:00:00,312.99
856,,,,,2018-03-27 09:07:00,312.9
857,,,,,2018-03-27 09:14:00,312.89
858,,,,,2018-03-27 09:23:00,312.89
859,,,,,2018-03-27 09:30:00,312.85
860,,,,,2018-03-27 09:32:00,312.85
861,,,,,2018-03-27 09:37:00,312.83
862,,,,,2018-03-27 09:59:00,312.67
863,,,,,2018-03-27 10:17:00,312.709
864,,,,,2018-03-27 10:20:00,312.671
865,,,,,2018-03-27 10:51:00,312.473
866,,,,,2018-03-27 11:11:00,312.46
867,,,,,2018-03-27 12:12:00,312.67
868,,,,,2018-03-27 12:22:00,312.63
869,,,,,2018-03-27 13:26:00,312.639
870,,,,,2018-03-27 13:31:00,312.64
871,,,,,2018-03-27 14:58:00,312.743
872,,,,,2018-03-27 15:14:00,312.812
873,,,,,2018-03-27 15:23:00,312.93
874,,,,,2018-03-27 15:31:00,312.91
875,,,,,2018-03-27 15:57:00,312.786
876,,,,,2018-03-27 16:04:00,312.614
877,,,,,2018-03-27 16:19:00,312.7
878,,,,,2018-03-27 16:23:00,312.692
879,,,,,2018-03-27 16:29:00,312.72
880,,,,,2018-03-27 16:49:00,312.641
881,,,,,2018-03-27 17:30:00,312.62
882,,,,,2018-03-27 17:34:00,312.63
883,,,,,2018-03-27 18:53:00,312.64
884,,,,,2018-03-27 19:13:00,312.614
885,,,,,2018-03-27 19:17:00,312.612
886,,,,,2018-03-27 19:28:00,312.62
887,,,,,2018-03-27 20:12:00,312.626
888,,,,,2018-03-27 20:46:00,312.64
889,,,,,2018-03-27 20:58:00,312.623
890,,,,,2018-03-27 21:32:00,312.64
891,,,,,2018-03-27 21:38:00,312.622
892,,,,,2018-03-27 21:44:00,312.633
893,,,,,2018-03-27 22:10:00,312.69
894,,,,,2018-03-27 22:15:00,312.66
895,,,,,2018-03-27 22:48:00,312.75
896,,,,,2018-03-27 22:50:00,312.75
897,,,,,2018-03-27 23:39:00,312.755
898,,,,,2018-03-28 00:03:00,312.705
899,,,,,2018-03-28 00:50:00,312.741
900,,,,,2018-03-28 00:58:00,312.728
901,,,,,2018-03-28 01:07:00,312.762
902,,,,,2018-03-28 03:12:00,312.844
903,,,,,2018-03-28 03:15:00,312.827
904,,,,,2018-03-28 03:53:00,312.827
905,,,,,2018-03-28 04:30:00,312.823
906,,,,,2018-03-28 04:38:00,312.826
907,,,,,2018-03-28 04:48:00,312.823
908,,,,,2018-03-28 04:55:00,312.827
909,,,,,2018-03-28 05:04:00,312.829
910,,,,,2018-03-28 05:58:00,312.832
911,,,,,2018-03-28 06:18:00,312.827
912,,,,,2018-03-28 07:18:00,312.841
913,,,,,2018-03-28 07:26:00,312.84
914,,,,,2018-03-28 07:54:00,312.84
915,,,,,2018-03-28 08:07:00,312.871
916,,,,,2018-03-28 08:30:00,312.87
917,,,,,2018-03-28 09:45:00,312.851
918,,,,,2018-03-28 09:57:00,312.819
919,,,,,2018-03-28 11:00:00,312.761
920,,,,,2018-03-28 11:20:00,312.52
921,,,,,2018-03-28 11:31:00,312.44
922,,,,,2018-03-28 11:37:00,312.51
923,,,,,2018-03-28 11:50:00,312.68
924,,,,,2018-03-28 13:28:00,312.67
925,,,,,2018-03-28 13:41:00,312.68
926,,,,,2018-03-28 13:53:00,312.68
927,,,,,2018-03-28 15:18:00,312.47
928,,,,,2018-03-28 15:29:00,312.399
929,,,,,2018-03-28 16:10:00,312.46
930,,,,,2018-03-28 16:19:00,312.53
931,,,,,2018-03-28 17:31:00,312.45
932,,,,,2018-03-28 17:59:00,312.45
933,,,,,2018-03-28 18:05:00,312.43
934,,,,,2018-03-28 19:09:00,312.24
935,,,,,2018-03-28 20:04:00,312.25
936,,,,,2018-03-28 20:20:00,312.264
937,,,,,2018-03-28 20:33:00,312.25
938,,,,,2018-03-28 20:36:00,312.27
939,,,,,2018-03-28 20:43:00,312.245
940,,,,,2018-03-28 21:15:00,312.28
941,,,,,2018-03-28 22:23:00,312.268
942,,,,,2018-03-28 22:59:00,312.25
943,,,,,2018-03-28 23:30:00,312.24
944,,,,,2018-03-28 23:36:00,312.25
945,,,,,2018-03-29 00:10:00,312.296
946,,,,,2018-03-29 02:52:00,312.35
947,,,,,2018-03-29 05:21:00,312.357
948,,,,,2018-03-29 06:49:00,312.365
949,,,,,2018-03-29 06:54:00,312.38
950,,,,,2018-03-29 07:06:00,312.425
951,,,,,2018-03-29 07:08:00,312.41
952,,,,,2018-03-29 07:10:00,312.41
953,,,,,2018-03-29 07:13:00,312.386
954,,,,,2018-03-29 07:30:00,312.39
955,,,,,2018-03-29 08:19:00,312.4
956,,,,,2018-03-29 08:21:00,312.4
957,,,,,2018-03-29 08:48:00,312.44
958,,,,,2018-03-29 09:22:00,312.391
959,,,,,2018-03-29 09:26:00,312.396
960,,,,,2018-03-29 09:36:00,312.414
961,,,,,2018-03-29 09:40:00,312.423
962,,,,,2018-03-29 10:00:00,312.517
963,,,,,2018-03-29 10:05:00,312.435
964,,,,,2018-03-29 10:59:00,312.574
965,,,,,2018-03-29 11:06:00,312.527
966,,,,,2018-03-29 11:37:00,312.44
967,,,,,2018-03-29 13:07:00,312.461
968,,,,,2018-03-29 13:19:00,312.47
969,,,,,2018-03-29 14:08:00,312.3
970,,,,,2018-03-29 14:30:00,312.155
971,,,,,2018-03-29 16:22:00,312.2
972,,,,,2018-03-29 16:27:00,312.2
973,,,,,2018-03-29 17:05:00,312.04
974,,,,,2018-03-29 17:20:00,311.94
975,,,,,2018-03-29 18:19:00,312.25
976,,,,,2018-03-29 19:30:00,312.405
977,,,,,2018-03-29 19:53:00,312.445
978,,,,,2018-03-29 20:00:00,312.48
979,,,,,2018-03-29 21:52:00,312.31
980,,,,,2018-03-29 21:55:00,312.31
981,,,,,2018-03-29 21:58:00,312.31
982,,,,,2018-03-29 22:02:00,312.32
983,,,,,2018-03-29 22:34:00,312.36
984,,,,,2018-03-29 23:04:00,312.3
985,,,,,2018-03-29 23:27:00,312.27
986,,,,,2018-03-30 00:10:00,311.736
987,,,,,2018-03-30 00:14:00,312.03
988,,,,,2018-03-30 00:24:00,311.741
989,,,,,2018-03-30 03:53:00,311.89
990,,,,,2018-03-30 04:20:00,311.9
991,,,,,2018-03-30 05:31:00,311.9
992,,,,,2018-03-30 05:46:00,311.9
993,,,,,2018-03-30 06:11:00,311.9
994,,,,,2018-03-30 06:18:00,311.9
995,,,,,2018-03-30 06:31:00,311.9
996,,,,,2018-03-30 06:38:00,311.9
997,,,,,2018-03-30 06:44:00,311.9
998,,,,,2018-03-30 06:55:00,311.9
999,,,,,2018-03-30 07:06:00,311.9
1000,,,,,2018-03-30 08:33:00,312.147
1001,,,,,2018-03-30 09:45:00,312.172
1002,,,,,2018-03-30 10:40:00,312.14
1003,,,,,2018-03-30 10:47:00,312.092
1004,,,,,2018-03-30 10:57:00,312.14
1005,,,,,2018-03-30 11:47:00,312.14
1006,,,,,2018-03-30 13:42:00,312.158
1007,,,,,2018-03-30 13:54:00,312.164
1008,,,,,2018-03-30 14:13:00,312.209
1009,,,,,2018-03-30 14:45:00,312.204
1010,,,,,2018-03-30 15:01:00,312.198
1011,,,,,2018-03-30 15:18:00,312.203
1012,,,,,2018-03-30 15:40:00,312.206
1013,,,,,2018-03-30 16:01:00,312.205
1014,,,,,2018-03-30 16:41:00,312.298
1015,,,,,2018-03-30 17:05:00,312.278
1016,,,,,2018-03-30 17:10:00,312.261
1017,,,,,2018-03-30 17:13:00,312.245
1018,,,,,2018-03-30 17:17:00,312.268
1019,,,,,2018-03-30 19:24:00,312.062
1020,,,,,2018-03-30 20:17:00,312.008
1021,,,,,2018-03-30 20:46:00,312.043
1022,,,,,2018-03-30 21:55:00,312.048
1023,,,,,2018-03-30 22:17:00,312.052
1024,,,,,2018-03-30 23:49:00,312.05
1025,,,,,2018-03-30 23:54:00,311.721
