0,2015-08-17 00:00:00,138.111,2015-08-17 02:00:00,137.954,2015-08-17 01:30:00,138.072
1,2015-08-17 16:30:00,137.898,2015-08-17 08:00:00,137.975,2015-08-17 07:00:00,137.91
2,2015-08-19 17:00:00,137.189,2015-08-18 12:45:00,137.588,2015-08-17 11:30:00,138.156
3,2015-08-20 11:30:00,137.865,2015-08-31 00:00:00,135.817,2015-08-18 02:15:00,137.821
4,2015-08-20 17:45:00,138.39,2015-09-03 01:15:00,135.269,2015-08-18 17:45:00,137.28
5,2015-08-21 05:30:00,138.793,2015-09-07 01:00:00,132.664,2015-08-20 01:15:00,137.763
6,2015-08-21 13:45:00,138.404,2015-09-07 03:45:00,133.019,2015-08-20 13:15:00,138.37
7,2015-08-24 00:00:00,138.683,2015-09-07 10:15:00,132.987,2015-08-20 22:15:00,138.35
8,2015-08-26 17:30:00,136.079,2015-09-08 09:00:00,133.971,2015-08-21 09:15:00,138.69
9,2015-08-31 01:00:00,135.739,2015-09-09 10:15:00,134.905,2015-08-22 03:30:00,138.914
10,2015-08-31 17:45:00,135.795,2015-09-09 16:15:00,134.897,2015-08-24 20:00:00,137.576
11,2015-09-01 10:15:00,136.021,2015-09-10 14:00:00,135.581,2015-08-26 22:30:00,135.791
12,2015-09-03 16:00:00,133.548,2015-09-16 11:30:00,135.427,2015-08-31 00:45:00,135.893
13,2015-09-04 05:15:00,133.036,2015-09-21 00:00:00,135.538,2015-08-31 08:45:00,136.271
14,2015-09-07 00:00:00,132.672,2015-09-21 09:30:00,135.532,2015-09-01 02:00:00,135.976
15,2015-09-10 04:15:00,134.801,2015-09-21 13:45:00,135.743,2015-09-02 02:15:00,135.22
16,2015-09-11 17:45:00,136.025,2015-09-25 11:15:00,134.612,2015-09-03 04:45:00,135.15
17,2015-09-14 00:00:00,136.594,2015-09-28 00:00:00,134.849,2015-09-03 23:45:00,133.542
18,2015-09-14 07:00:00,136.52,2015-09-30 11:30:00,134.85,2015-09-04 15:30:00,132.454
19,2015-09-14 08:45:00,136.432,2015-10-02 11:30:00,134.145,2015-09-07 00:45:00,132.72
20,2015-09-14 11:30:00,136.29,2015-10-05 00:00:00,134.628,2015-09-07 03:15:00,132.836
21,2015-09-15 09:15:00,135.457,2015-10-06 16:30:00,135.094,2015-09-07 08:45:00,132.981
22,2015-09-18 03:30:00,136.641,2015-10-07 11:30:00,134.88,2015-09-07 22:15:00,133.271
23,2015-09-18 10:15:00,136.367,2015-10-08 13:15:00,135.384,2015-09-08 17:30:00,134.039
24,2015-09-21 02:00:00,135.5,2015-10-08 21:45:00,135.257,2015-09-09 11:30:00,134.951
25,2015-09-21 03:15:00,135.45,2015-10-12 01:15:00,136.668,2015-09-09 20:30:00,135.125
26,2015-09-21 04:30:00,135.519,2015-10-12 05:30:00,136.69,2015-09-10 05:15:00,134.953
27,2015-09-22 10:00:00,134.232,2015-10-12 09:15:00,136.586,2015-09-10 15:15:00,135.244
28,2015-09-23 15:45:00,133.799,2015-10-12 14:45:00,136.668,2015-09-11 18:30:00,136.689
29,2015-09-23 18:15:00,134.125,2015-10-14 11:45:00,136.255,2015-09-14 05:00:00,136.724
30,2015-09-24 13:45:00,134.328,2015-10-19 13:15:00,135.108,2015-09-14 08:15:00,136.567
31,2015-09-28 03:00:00,134.764,2015-10-20 10:00:00,135.821,2015-09-14 10:30:00,136.406
32,2015-09-28 04:30:00,134.644,2015-10-20 15:45:00,136.071,2015-09-14 20:30:00,135.89
33,2015-09-28 08:00:00,134.371,2015-10-21 12:30:00,136.258,2015-09-15 13:30:00,135.282
34,2015-09-28 13:30:00,134.205,2015-10-22 18:15:00,134.347,2015-09-17 01:15:00,136.144
35,2015-10-06 09:15:00,134.472,2015-10-28 16:45:00,133.372,2015-09-18 04:45:00,136.903
36,2015-10-08 14:30:00,135.182,2015-10-28 20:45:00,132.169,2015-09-18 13:30:00,136.27
37,2015-10-12 00:00:00,136.556,2015-10-29 16:00:00,132.695,2015-09-21 01:00:00,135.413
38,2015-10-12 02:15:00,136.585,2015-10-30 17:45:00,133.291,2015-09-21 02:45:00,135.5
39,2015-10-12 02:45:00,136.624,2015-11-02 00:00:00,132.932,2015-09-21 04:00:00,135.545
40,2015-10-13 03:45:00,136.121,2015-11-02 11:00:00,133.037,2015-09-21 08:00:00,135.593
41,2015-10-13 11:15:00,136.322,2015-11-03 17:15:00,132.622,2015-09-21 13:15:00,135.674
42,2015-10-15 10:45:00,135.389,2015-11-04 19:00:00,132.104,2015-09-21 16:45:00,135.341
43,2015-10-19 00:00:00,135.61,2015-11-05 09:30:00,131.977,2015-09-22 22:15:00,133.678
44,2015-10-21 20:45:00,135.914,2015-11-06 17:45:00,132.301,2015-09-23 17:15:00,134.589
45,2015-10-22 07:30:00,135.626,2015-11-09 00:00:00,132.329,2015-09-23 22:30:00,134.563
46,2015-10-26 00:00:00,133.666,2015-11-09 02:15:00,132.367,2015-09-24 19:00:00,134.584
47,2015-10-26 09:00:00,133.604,2015-11-10 14:30:00,132.162,2015-09-25 14:15:00,134.927
48,2015-10-27 04:15:00,133.388,2015-11-10 16:45:00,131.838,2015-09-28 02:00:00,134.897
49,2015-10-27 09:30:00,133.269,2015-11-11 11:15:00,132.204,2015-09-28 03:45:00,134.836
50,2015-11-02 01:15:00,132.85,2015-11-11 13:00:00,132.166,2015-09-28 06:00:00,134.733
51,2015-11-02 01:45:00,132.821,2015-11-12 03:30:00,132.405,2015-09-28 10:00:00,134.464
52,2015-11-13 05:30:00,132.309,2015-11-13 19:00:00,131.804,2015-09-29 00:45:00,134.807
53,2015-11-16 00:00:00,131.438,2015-11-16 19:15:00,131.815,2015-09-30 15:30:00,134.504
54,2015-11-20 10:30:00,131.141,2015-11-17 16:45:00,131.577,2015-10-02 15:30:00,134.629
55,2015-11-20 13:30:00,131.251,2015-11-18 21:30:00,131.596,2015-10-05 01:15:00,134.424
56,2015-11-23 13:30:00,130.806,2015-11-23 00:00:00,130.749,2015-10-06 11:15:00,134.866
57,2015-11-23 17:30:00,130.638,2015-11-23 01:00:00,130.748,2015-10-07 01:45:00,135.446
58,2015-11-24 14:45:00,130.457,2015-11-25 14:30:00,129.934,2015-10-07 16:15:00,134.936
59,2015-11-27 08:30:00,129.978,2015-11-30 00:00:00,130.078,2015-10-08 14:15:00,135.311
60,2015-11-30 02:30:00,129.925,2015-11-30 09:30:00,130.046,2015-10-08 18:00:00,135.169
61,2015-11-30 03:30:00,129.827,2015-11-30 10:30:00,130.065,2015-10-09 01:00:00,135.254
62,2015-12-01 17:45:00,130.331,2015-11-30 11:15:00,130.155,2015-10-12 01:00:00,136.629
63,2015-12-02 16:30:00,130.618,2015-11-30 13:00:00,130.07,2015-10-12 01:30:00,136.649
64,2015-12-07 11:00:00,133.522,2015-11-30 14:45:00,130.201,2015-10-12 02:30:00,136.643
65,2015-12-07 15:00:00,133.402,2015-12-03 15:30:00,133.846,2015-10-12 04:45:00,136.59
66,2015-12-07 17:15:00,133.505,2015-12-04 15:00:00,134.068,2015-10-12 06:45:00,136.669
67,2015-12-08 05:00:00,133.612,2015-12-04 16:45:00,134.52,2015-10-12 13:45:00,136.559
68,2015-12-09 20:45:00,133.563,2015-12-07 00:00:00,133.947,2015-10-12 16:30:00,136.577
69,2015-12-10 14:00:00,132.85,2015-12-07 00:45:00,133.981,2015-10-13 09:00:00,136.26
70,2015-12-11 19:15:00,132.749,2015-12-07 04:45:00,133.904,2015-10-13 18:00:00,136.319
71,2015-12-14 10:45:00,132.743,2015-12-07 06:30:00,133.92,2015-10-14 21:15:00,136.254
72,2015-12-16 14:45:00,132.93,2015-12-07 07:15:00,133.953,2015-10-15 18:00:00,135.062
73,2015-12-17 18:00:00,132.767,2015-12-07 08:30:00,133.96,2015-10-19 05:15:00,135.662
74,2015-12-18 06:15:00,132.521,2015-12-09 17:30:00,133.964,2015-10-19 19:00:00,135.258
75,2015-12-21 17:45:00,132.233,2015-12-14 00:00:00,132.907,2015-10-20 11:15:00,135.808
76,2015-12-22 13:45:00,132.38,2015-12-15 16:15:00,132.937,2015-10-20 19:30:00,136.011
77,2015-12-24 07:45:00,131.815,2015-12-18 05:45:00,133.314,2015-10-21 12:45:00,136.189
78,2015-12-24 10:30:00,131.815,2015-12-21 00:00:00,131.75,2015-10-21 21:30:00,136.037
79,2015-12-28 00:00:00,131.844,2015-12-21 06:00:00,131.791,2015-10-22 09:30:00,135.672
80,2015-12-28 16:45:00,132.209,2015-12-28 10:00:00,132.245,2015-10-23 00:30:00,133.867
81,2015-12-29 12:45:00,132.089,2015-12-30 16:30:00,131.716,2015-10-26 05:15:00,133.732
82,2015-12-31 16:45:00,130.902,2016-01-04 00:00:00,130.644,2015-10-26 11:00:00,133.405
83,2016-01-04 03:15:00,130.458,2016-01-11 10:00:00,128.006,2015-10-27 08:30:00,133.461
84,2016-01-05 10:30:00,128.767,2016-01-18 01:30:00,127.757,2015-10-27 21:45:00,132.948
85,2016-01-05 17:15:00,127.595,2016-01-18 10:00:00,127.573,2015-10-28 20:15:00,132.087
86,2016-01-06 10:15:00,127.171,2016-01-19 08:00:00,128.143,2015-10-29 01:45:00,132.042
87,2016-01-07 03:30:00,127.379,2016-01-21 18:45:00,127.404,2015-10-30 00:15:00,132.899
88,2016-01-08 17:45:00,128.374,2016-01-22 17:00:00,128.145,2015-10-30 22:15:00,132.703
89,2016-01-11 00:00:00,127.795,2016-01-25 04:00:00,128.293,2015-11-02 01:00:00,132.934
90,2016-01-11 01:15:00,128.022,2016-01-26 17:15:00,128.413,2015-11-02 01:30:00,132.821
91,2016-01-12 13:30:00,127.726,2016-01-28 11:45:00,129.569,2015-11-02 08:00:00,132.849
92,2016-01-13 23:30:00,128.036,2016-01-28 15:45:00,129.834,2015-11-02 15:45:00,133.169
93,2016-01-15 10:45:00,127.927,2016-01-29 05:30:00,131.902,2015-11-04 06:30:00,132.667
94,2016-01-18 00:00:00,127.595,2016-02-01 00:00:00,131.301,2015-11-04 19:15:00,131.981
95,2016-01-25 00:00:00,128.134,2016-02-01 03:00:00,131.363,2015-11-06 02:15:00,132.451
96,2016-01-25 10:00:00,128.129,2016-02-01 10:45:00,131.582,2015-11-06 19:15:00,132.253
97,2016-01-26 08:30:00,127.946,2016-02-01 12:30:00,131.74,2015-11-09 01:45:00,132.177
98,2016-01-27 17:00:00,128.824,2016-02-01 17:00:00,131.745,2015-11-09 16:30:00,132.46
99,2016-01-27 22:00:00,129.343,2016-02-08 00:00:00,130.324,2015-11-10 14:45:00,131.862
100,2016-02-03 17:15:00,130.188,2016-02-10 14:30:00,129.526,2015-11-10 17:45:00,131.791
101,2016-02-04 16:00:00,130.989,2016-02-12 20:15:00,127.509,2015-11-11 11:30:00,132.394
102,2016-02-05 18:15:00,130.289,2016-02-15 00:00:00,127.463,2015-11-11 18:00:00,131.809
103,2016-02-08 12:45:00,130.259,2016-02-15 03:30:00,127.521,2015-11-12 06:15:00,132.222
104,2016-02-09 15:45:00,129.115,2016-02-16 10:30:00,127.797,2015-11-13 08:30:00,132.257
105,2016-02-10 18:30:00,128.046,2016-02-18 13:15:00,126.668,2015-11-13 20:30:00,131.833
106,2016-02-16 11:45:00,127.302,2016-02-25 14:00:00,124.133,2015-11-16 08:45:00,131.309
107,2016-02-19 02:45:00,125.523,2016-03-01 09:30:00,122.903,2015-11-17 00:00:00,131.606
108,2016-02-22 00:00:00,125.226,2016-03-01 17:15:00,123.32,2015-11-17 20:15:00,131.281
109,2016-02-22 09:00:00,125.313,2016-03-02 14:30:00,124.139,2015-11-19 05:15:00,131.842
110,2016-02-23 03:45:00,123.807,2016-03-03 07:15:00,123.947,2015-11-20 12:00:00,131.288
111,2016-02-24 12:30:00,122.747,2016-03-03 22:30:00,124.584,2015-11-21 03:45:00,130.703
112,2016-02-29 00:00:00,124.436,2016-03-04 17:45:00,125.271,2015-11-23 00:30:00,130.705
113,2016-03-07 00:00:00,125.122,2016-03-09 17:30:00,124.397,2015-11-23 09:00:00,130.767
114,2016-03-07 01:15:00,125.091,2016-03-10 16:45:00,125.991,2015-11-23 14:15:00,130.962
115,2016-03-07 09:00:00,124.789,2016-03-11 10:00:00,126.733,2015-11-24 01:45:00,130.767
116,2016-03-08 16:30:00,124.469,2016-03-11 17:45:00,126.655,2015-11-24 21:45:00,130.461
117,2016-03-14 00:00:00,127.009,2016-03-16 20:30:00,126.233,2015-11-26 01:45:00,130.319
118,2016-03-14 08:15:00,127.0,2016-03-16 21:45:00,126.415,2015-11-27 14:30:00,129.709
119,2016-03-14 10:00:00,126.603,2016-03-22 08:00:00,126.249,2015-11-30 02:15:00,129.912
120,2016-03-15 06:00:00,126.025,2016-03-24 18:00:00,125.891,2015-11-30 02:45:00,129.859
121,2016-03-16 15:00:00,125.668,2016-03-29 19:15:00,127.191,2015-11-30 07:15:00,129.961
122,2016-03-17 06:45:00,125.686,2016-04-04 14:30:00,126.935,2015-11-30 10:15:00,130.067
123,2016-03-21 00:00:00,125.662,2016-04-08 10:30:00,124.104,2015-11-30 10:45:00,130.027
124,2016-03-22 10:00:00,125.343,2016-04-11 01:45:00,123.46,2015-11-30 12:00:00,130.122
125,2016-03-23 17:30:00,125.904,2016-04-11 02:15:00,123.489,2015-11-30 13:45:00,130.131
126,2016-03-28 00:00:00,126.3,2016-04-11 11:00:00,123.182,2015-12-01 04:15:00,130.039
127,2016-03-31 05:45:00,127.153,2016-04-12 11:30:00,123.875,2015-12-01 19:00:00,130.486
128,2016-04-01 05:00:00,127.535,2016-04-13 12:15:00,123.701,2015-12-03 05:45:00,130.659
129,2016-04-01 13:30:00,128.005,2016-04-15 05:45:00,123.54,2015-12-04 02:15:00,134.013
130,2016-04-04 00:00:00,127.18,2016-04-18 18:30:00,123.188,2015-12-04 15:45:00,134.259
131,2016-04-04 00:45:00,127.143,2016-04-19 17:00:00,124.396,2015-12-04 18:45:00,133.975
132,2016-04-04 04:15:00,127.119,2016-04-20 19:30:00,124.246,2015-12-07 00:15:00,133.979
133,2016-04-04 06:30:00,126.971,2016-04-21 14:45:00,124.274,2015-12-07 03:15:00,133.902
134,2016-04-04 11:45:00,126.855,2016-04-22 08:45:00,124.632,2015-12-07 05:00:00,133.883
135,2016-04-05 08:15:00,126.132,2016-04-25 00:00:00,125.487,2015-12-07 07:00:00,133.923
136,2016-04-06 13:45:00,125.188,2016-04-26 11:45:00,125.167,2015-12-07 07:45:00,133.889
137,2016-04-07 09:45:00,124.54,2016-05-02 04:00:00,122.14,2015-12-07 10:45:00,133.488
138,2016-04-11 00:00:00,123.251,2016-05-02 13:45:00,122.399,2015-12-07 12:15:00,133.395
139,2016-04-11 03:15:00,123.171,2016-05-09 00:00:00,122.096,2015-12-07 15:30:00,133.521
140,2016-04-11 09:15:00,123.091,2016-05-09 07:45:00,122.548,2015-12-07 21:15:00,133.716
141,2016-04-11 10:00:00,122.884,2016-05-09 11:15:00,122.719,2015-12-08 18:30:00,133.698
142,2016-04-14 04:45:00,123.233,2016-05-10 11:30:00,124.091,2015-12-09 18:30:00,133.811
143,2016-04-14 17:00:00,122.84,2016-05-12 09:00:00,124.472,2015-12-09 22:15:00,133.764
144,2016-04-18 00:00:00,122.355,2016-05-12 12:30:00,124.546,2015-12-10 16:15:00,132.989
145,2016-04-25 02:15:00,125.225,2016-05-16 00:00:00,122.783,2015-12-11 21:15:00,132.695
146,2016-04-28 06:00:00,123.77,2016-05-16 17:45:00,123.308,2015-12-14 05:00:00,132.746
147,2016-04-29 10:15:00,121.926,2016-05-18 14:00:00,123.37,2015-12-14 20:45:00,132.966
148,2016-05-02 00:00:00,121.819,2016-05-24 10:45:00,122.485,2015-12-15 17:00:00,132.915
149,2016-05-03 13:00:00,122.536,2016-05-25 13:45:00,122.813,2015-12-16 15:15:00,133.204
150,2016-05-06 10:00:00,122.105,2016-05-30 00:00:00,122.675,2015-12-17 20:00:00,132.701
151,2016-05-06 15:30:00,121.631,2016-05-31 04:15:00,123.775,2015-12-18 06:00:00,132.864
152,2016-05-11 10:30:00,123.695,2016-06-07 07:00:00,122.41,2015-12-18 22:30:00,131.748
153,2016-05-13 09:15:00,123.247,2016-06-15 09:00:00,119.222,2015-12-21 03:15:00,131.737
154,2016-05-13 20:30:00,122.829,2016-06-17 21:00:00,117.538,2015-12-21 09:30:00,131.857
155,2016-05-16 02:30:00,122.874,2016-06-20 00:00:00,118.624,2015-12-21 23:30:00,132.301
156,2016-05-20 19:00:00,123.827,2016-06-21 08:30:00,118.32,2015-12-22 23:15:00,132.621
157,2016-05-23 00:00:00,123.605,2016-06-22 16:45:00,118.337,2015-12-24 09:30:00,131.896
158,2016-05-23 10:00:00,123.019,2016-06-23 00:00:00,118.32,2015-12-24 13:15:00,131.794
159,2016-05-23 12:45:00,122.659,2016-06-23 12:15:00,119.259,2015-12-28 02:45:00,132.101
160,2016-05-26 19:15:00,122.652,2016-06-24 00:00:00,121.839,2015-12-28 12:00:00,132.283
161,2016-05-27 15:30:00,122.266,2016-06-28 15:30:00,113.499,2015-12-29 00:00:00,132.049
162,2016-05-31 11:00:00,123.442,2016-06-29 13:15:00,113.901,2015-12-29 20:45:00,131.648
163,2016-05-31 17:30:00,123.812,2016-07-04 00:00:00,114.223,2015-12-30 20:15:00,131.555
164,2016-06-02 16:30:00,121.257,2016-07-04 04:45:00,114.281,2016-01-01 03:30:00,130.575
165,2016-06-03 15:30:00,121.459,2016-07-04 18:15:00,114.278,2016-01-04 02:45:00,130.543
166,2016-06-06 00:00:00,120.907,2016-07-07 13:15:00,112.137,2016-01-04 12:15:00,129.881
167,2016-06-06 01:45:00,121.154,2016-07-11 03:00:00,111.239,2016-01-05 16:15:00,128.006
168,2016-06-08 17:45:00,121.469,2016-07-12 10:15:00,115.097,2016-01-05 21:15:00,127.778
169,2016-06-09 04:45:00,121.602,2016-07-14 09:15:00,117.54,2016-01-06 15:30:00,127.44
170,2016-06-09 10:15:00,121.323,2016-07-15 05:30:00,118.313,2016-01-07 16:00:00,128.003
171,2016-06-10 16:30:00,120.716,2016-07-18 00:00:00,116.436,2016-01-09 06:15:00,128.073
172,2016-06-13 00:00:00,120.177,2016-07-18 18:00:00,117.517,2016-01-11 01:00:00,128.215
173,2016-06-16 05:30:00,118.768,2016-07-20 12:15:00,117.201,2016-01-11 02:00:00,128.07
174,2016-06-22 20:00:00,117.912,2016-07-21 00:00:00,118.005,2016-01-11 17:00:00,127.974
175,2016-06-24 04:00:00,116.812,2016-07-25 00:00:00,116.392,2016-01-12 20:00:00,127.58
176,2016-06-27 00:00:00,112.144,2016-07-27 05:45:00,115.997,2016-01-14 07:45:00,127.97
177,2016-06-30 18:00:00,114.038,2016-08-03 13:00:00,113.466,2016-01-16 01:30:00,127.67
178,2016-07-05 03:00:00,114.05,2016-08-05 20:15:00,112.928,2016-01-18 01:15:00,127.697
179,2016-07-06 04:45:00,111.381,2016-08-08 00:00:00,112.97,2016-01-18 08:00:00,127.655
180,2016-07-07 19:45:00,111.37,2016-08-08 13:15:00,113.476,2016-01-18 15:00:00,127.771
181,2016-07-11 00:00:00,111.14,2016-08-11 21:00:00,113.628,2016-01-19 14:00:00,128.222
182,2016-07-11 01:45:00,111.213,2016-08-15 04:00:00,113.112,2016-01-22 03:00:00,127.543
183,2016-07-11 05:00:00,111.161,2016-08-18 11:30:00,113.32,2016-01-22 23:15:00,128.305
184,2016-07-13 18:00:00,115.767,2016-08-22 00:00:00,113.87,2016-01-25 03:30:00,128.188
185,2016-07-15 19:00:00,116.753,2016-08-22 03:00:00,113.715,2016-01-25 09:00:00,128.289
186,2016-07-19 19:00:00,116.788,2016-08-22 04:45:00,113.679,2016-01-25 14:45:00,128.269
187,2016-07-22 12:30:00,116.992,2016-08-22 10:45:00,113.687,2016-01-26 11:30:00,128.063
188,2016-07-26 01:45:00,116.276,2016-08-23 11:15:00,113.603,2016-01-27 01:00:00,128.633
189,2016-07-29 04:45:00,115.248,2016-08-23 19:30:00,113.41,2016-01-27 17:45:00,129.071
190,2016-07-29 06:30:00,114.495,2016-08-24 12:15:00,113.035,2016-01-28 02:45:00,129.224
191,2016-08-01 00:00:00,113.932,2016-08-26 10:00:00,113.425,2016-01-28 13:30:00,129.636
192,2016-08-02 10:45:00,113.859,2016-08-26 18:15:00,113.516,2016-01-28 22:30:00,130.006
193,2016-08-04 14:00:00,112.769,2016-08-29 00:00:00,114.026,2016-01-29 12:30:00,131.72
194,2016-08-05 16:00:00,112.414,2016-08-29 01:15:00,114.086,2016-02-01 02:45:00,131.293
195,2016-08-09 02:45:00,113.38,2016-08-29 04:30:00,114.198,2016-02-01 08:30:00,131.528
196,2016-08-09 13:00:00,113.283,2016-08-30 13:15:00,114.277,2016-02-01 11:45:00,131.557
197,2016-08-10 15:30:00,113.04,2016-08-31 11:15:00,115.03,2016-02-01 16:45:00,131.654
198,2016-08-11 10:45:00,112.874,2016-09-01 11:00:00,115.338,2016-02-02 01:45:00,131.677
199,2016-08-12 16:15:00,113.136,2016-09-02 15:45:00,115.938,2016-02-03 22:00:00,130.65
200,2016-08-15 00:00:00,112.97,2016-09-05 00:00:00,116.059,2016-02-05 02:15:00,130.98
201,2016-08-15 10:30:00,112.827,2016-09-08 18:45:00,115.127,2016-02-05 21:45:00,130.266
202,2016-08-16 05:30:00,112.575,2016-09-09 13:45:00,115.628,2016-02-08 10:30:00,130.593
203,2016-08-19 15:00:00,113.517,2016-09-14 09:15:00,115.928,2016-02-08 23:00:00,129.558
204,2016-08-25 14:00:00,113.339,2016-09-19 01:15:00,114.057,2016-02-09 16:30:00,129.556
205,2016-09-05 08:30:00,115.506,2016-09-19 09:45:00,113.99,2016-02-10 15:30:00,129.141
206,2016-09-05 12:45:00,115.198,2016-09-21 07:45:00,114.212,2016-02-11 15:30:00,127.547
207,2016-09-06 17:00:00,114.881,2016-09-22 16:30:00,113.16,2016-02-13 02:30:00,127.359
208,2016-09-08 16:45:00,114.651,2016-09-26 00:00:00,113.325,2016-02-15 02:45:00,127.246
209,2016-09-12 00:00:00,115.189,2016-09-26 05:30:00,113.342,2016-02-15 09:45:00,127.531
210,2016-09-12 04:45:00,115.178,2016-09-27 09:00:00,113.548,2016-02-16 11:00:00,127.501
211,2016-09-12 10:00:00,115.118,2016-09-28 21:45:00,112.977,2016-02-16 23:45:00,127.079
212,2016-09-13 16:00:00,114.926,2016-09-29 02:00:00,113.228,2016-02-18 16:15:00,126.118
213,2016-09-15 15:15:00,115.042,2016-10-05 12:15:00,115.718,2016-02-19 07:00:00,125.68
214,2016-09-16 10:15:00,114.531,2016-10-05 16:15:00,115.525,2016-02-22 05:15:00,125.518
215,2016-09-19 00:00:00,113.992,2016-10-10 00:00:00,115.46,2016-02-22 17:30:00,124.739
216,2016-09-19 19:30:00,113.733,2016-10-10 13:45:00,115.461,2016-02-23 15:30:00,123.41
217,2016-09-20 11:15:00,113.833,2016-10-14 12:00:00,114.811,2016-02-24 15:45:00,122.939
218,2016-09-21 14:45:00,112.542,2016-10-18 03:30:00,114.292,2016-02-25 17:00:00,124.121
219,2016-09-23 11:15:00,113.033,2016-10-18 08:30:00,114.539,2016-02-29 09:45:00,123.799
220,2016-09-26 09:30:00,113.285,2016-10-24 00:00:00,112.961,2016-03-01 15:15:00,122.912
221,2016-10-03 00:00:00,113.856,2016-10-24 00:30:00,112.96,2016-03-02 01:45:00,123.894
222,2016-10-03 09:30:00,113.736,2016-10-24 10:15:00,112.967,2016-03-02 16:45:00,123.453
223,2016-10-06 15:15:00,116.037,2016-10-24 16:45:00,113.387,2016-03-03 10:15:00,123.836
224,2016-10-07 02:00:00,115.766,2016-10-26 17:15:00,113.883,2016-03-04 02:15:00,124.352
225,2016-10-10 06:15:00,115.106,2016-10-27 13:30:00,114.356,2016-03-05 01:45:00,125.214
226,2016-10-11 10:00:00,115.38,2016-10-31 17:45:00,115.17,2016-03-07 00:45:00,125.145
227,2016-10-11 17:15:00,114.785,2016-11-01 10:00:00,115.434,2016-03-07 06:30:00,125.038
228,2016-10-13 05:00:00,114.498,2016-11-03 12:00:00,114.372,2016-03-07 16:45:00,124.381
229,2016-10-17 00:00:00,114.4,2016-11-04 16:00:00,114.422,2016-03-08 23:00:00,123.964
230,2016-10-17 04:00:00,114.288,2016-11-07 00:00:00,115.099,2016-03-10 01:30:00,124.454
231,2016-10-17 08:00:00,114.411,2016-11-08 10:00:00,115.543,2016-03-10 18:30:00,126.218
232,2016-10-17 13:45:00,114.346,2016-11-08 18:00:00,115.894,2016-03-11 15:15:00,126.198
233,2016-10-17 17:00:00,114.376,2016-11-10 16:15:00,116.368,2016-03-12 03:15:00,126.864
234,2016-10-19 09:30:00,113.697,2016-11-14 01:45:00,115.67,2016-03-14 05:00:00,127.041
235,2016-10-19 12:45:00,113.661,2016-11-14 12:45:00,116.103,2016-03-14 09:15:00,126.933
236,2016-10-19 19:00:00,113.25,2016-11-15 21:30:00,117.073,2016-03-15 00:15:00,126.372
237,2016-10-21 13:45:00,112.942,2016-11-21 00:00:00,117.464,2016-03-15 20:30:00,125.568
238,2016-10-24 04:00:00,112.941,2016-11-21 02:30:00,117.562,2016-03-16 15:15:00,125.858
239,2016-10-25 16:45:00,113.801,2016-11-21 05:00:00,117.692,2016-03-16 20:45:00,126.232
240,2016-10-28 12:15:00,114.805,2016-11-21 15:15:00,117.885,2016-03-17 05:30:00,126.325
241,2016-10-28 20:15:00,114.942,2016-11-23 15:15:00,118.205,2016-03-17 12:15:00,126.097
242,2016-10-31 00:00:00,114.942,2016-11-29 11:45:00,119.316,2016-03-21 11:30:00,125.592
243,2016-11-01 16:30:00,115.402,2016-11-30 15:45:00,120.53,2016-03-22 09:15:00,125.849
244,2016-11-01 18:00:00,115.395,2016-12-01 15:45:00,121.502,2016-03-22 19:15:00,125.926
245,2016-11-03 04:45:00,114.421,2016-12-02 20:45:00,121.178,2016-03-24 02:45:00,125.795
246,2016-11-09 04:00:00,114.493,2016-12-05 10:00:00,121.182,2016-03-25 00:45:00,126.062
247,2016-11-14 00:00:00,115.743,2016-12-08 14:45:00,122.602,2016-03-29 03:00:00,126.976
248,2016-11-15 10:30:00,116.655,2016-12-09 12:45:00,121.607,2016-03-29 21:30:00,127.348
249,2016-11-17 01:15:00,116.35,2016-12-12 00:00:00,121.689,2016-03-31 09:45:00,127.288
250,2016-11-18 15:00:00,116.936,2016-12-12 06:15:00,121.925,2016-04-01 09:00:00,127.752
251,2016-11-21 11:00:00,117.722,2016-12-13 11:15:00,122.486,2016-04-02 03:15:00,127.106
252,2016-11-23 11:00:00,117.764,2016-12-14 20:30:00,122.744,2016-04-04 00:30:00,127.23
253,2016-11-25 10:00:00,119.551,2016-12-16 20:45:00,123.115,2016-04-04 01:00:00,127.179
254,2016-11-28 00:00:00,119.733,2016-12-27 20:45:00,122.762,2016-04-04 05:45:00,127.127
255,2016-11-29 01:45:00,118.578,2016-12-28 02:45:00,123.039,2016-04-04 10:45:00,126.916
256,2016-12-05 00:00:00,119.682,2016-12-30 05:15:00,122.808,2016-04-04 12:15:00,126.836
257,2016-12-07 11:45:00,122.14,2016-12-30 09:45:00,123.045,2016-04-04 17:45:00,126.609
258,2016-12-19 00:00:00,123.165,2017-01-02 03:15:00,122.886,2016-04-05 21:45:00,125.807
259,2016-12-19 13:15:00,122.336,2017-01-02 09:00:00,123.019,2016-04-06 19:15:00,125.343
260,2016-12-21 10:45:00,122.395,2017-01-03 09:30:00,123.264,2016-04-07 20:30:00,123.168
261,2016-12-21 14:15:00,122.201,2017-01-03 11:15:00,123.093,2016-04-08 12:15:00,123.671
262,2016-12-22 16:30:00,122.902,2017-01-13 18:15:00,122.274,2016-04-11 01:15:00,123.346
263,2016-12-26 06:00:00,122.505,2017-01-17 13:45:00,121.054,2016-04-11 02:00:00,123.457
264,2016-12-27 13:45:00,122.578,2017-01-18 22:15:00,121.563,2016-04-11 03:00:00,123.299
265,2016-12-28 20:45:00,121.875,2017-01-24 17:45:00,121.827,2016-04-11 06:00:00,123.197
266,2017-01-02 00:00:00,122.769,2017-01-25 18:00:00,122.145,2016-04-11 09:45:00,123.117
267,2017-01-05 02:30:00,122.716,2017-01-26 11:15:00,122.099,2016-04-11 10:45:00,122.945
268,2017-01-09 00:00:00,123.272,2017-01-26 17:45:00,122.432,2016-04-11 18:45:00,123.196
269,2017-01-09 01:45:00,123.347,2017-01-30 00:00:00,123.083,2016-04-12 15:15:00,123.44
270,2017-01-09 07:00:00,123.656,2017-02-01 09:45:00,122.439,2016-04-13 15:15:00,123.509
271,2017-01-11 19:30:00,121.831,2017-02-07 19:00:00,119.882,2016-04-14 12:15:00,122.943
272,2017-01-12 02:00:00,121.811,2017-02-09 10:00:00,120.101,2016-04-14 17:45:00,122.982
273,2017-01-12 17:45:00,121.476,2017-02-13 00:00:00,120.782,2016-04-15 09:00:00,123.309
274,2017-01-16 00:00:00,121.59,2017-02-20 00:00:00,119.853,2016-04-18 10:30:00,122.197
275,2017-01-23 00:00:00,122.421,2017-02-21 17:45:00,119.739,2016-04-19 07:30:00,123.482
276,2017-01-24 14:45:00,121.785,2017-02-21 23:00:00,119.819,2016-04-19 19:00:00,124.103
277,2017-01-30 01:30:00,122.82,2017-02-23 18:30:00,119.285,2016-04-20 22:30:00,123.931
278,2017-01-30 02:15:00,122.897,2017-02-27 00:00:00,118.499,2016-04-21 16:30:00,124.146
279,2017-01-30 10:45:00,122.802,2017-02-27 20:15:00,119.368,2016-04-23 03:45:00,125.415
280,2017-01-31 16:45:00,121.228,2017-03-02 14:45:00,120.315,2016-04-25 01:00:00,125.322
281,2017-02-02 12:00:00,121.475,2017-03-08 15:15:00,120.791,2016-04-25 09:30:00,125.038
282,2017-02-03 16:30:00,121.286,2017-03-09 15:30:00,121.025,2016-04-26 23:45:00,125.723
283,2017-02-06 00:00:00,121.406,2017-03-09 20:00:00,121.525,2016-04-28 16:30:00,123.19
284,2017-02-06 02:00:00,121.323,2017-03-13 08:30:00,122.681,2016-04-29 15:00:00,122.337
285,2017-02-06 10:15:00,121.06,2017-03-13 13:30:00,122.332,2016-05-02 02:15:00,121.897
286,2017-02-06 13:15:00,120.723,2017-03-15 08:00:00,121.87,2016-05-02 08:30:00,122.096
287,2017-02-07 11:00:00,119.575,2017-03-20 10:00:00,121.377,2016-05-02 19:30:00,122.646
288,2017-02-14 11:30:00,120.504,2017-03-21 11:30:00,121.603,2016-05-03 23:00:00,122.499
289,2017-02-15 19:15:00,120.867,2017-03-27 00:00:00,120.225,2016-05-06 11:15:00,122.097
290,2017-02-16 03:45:00,120.865,2017-03-28 10:45:00,120.184,2016-05-06 21:15:00,122.012
291,2017-02-16 18:00:00,120.794,2017-03-30 03:00:00,119.625,2016-05-09 04:45:00,122.319
292,2017-02-17 11:00:00,120.318,2017-03-30 16:00:00,119.493,2016-05-09 10:00:00,122.584
293,2017-02-22 11:30:00,118.868,2017-04-05 11:30:00,118.21,2016-05-09 20:00:00,123.456
294,2017-02-24 15:15:00,119.018,2017-04-10 00:00:00,117.554,2016-05-10 23:30:00,124.24
295,2017-02-27 01:15:00,118.572,2017-04-17 22:15:00,116.01,2016-05-11 14:15:00,123.931
296,2017-02-28 18:00:00,118.883,2017-04-18 13:45:00,116.044,2016-05-12 10:00:00,124.139
297,2017-03-03 11:30:00,120.255,2017-04-20 17:00:00,117.703,2016-05-12 17:30:00,124.009
298,2017-03-06 00:00:00,120.891,2017-04-24 00:00:00,120.327,2016-05-13 13:00:00,123.536
299,2017-03-07 09:30:00,120.625,2017-04-25 12:15:00,120.427,2016-05-14 07:00:00,122.721
300,2017-03-08 09:30:00,120.208,2017-04-26 17:45:00,121.375,2016-05-16 02:15:00,122.894
301,2017-03-08 13:15:00,120.398,2017-04-27 10:00:00,121.473,2016-05-16 02:45:00,122.968
302,2017-03-13 00:00:00,122.609,2017-04-28 10:15:00,121.094,2016-05-17 15:30:00,123.658
303,2017-03-14 08:00:00,122.355,2017-05-02 12:00:00,122.47,2016-05-19 03:15:00,123.642
304,2017-03-16 02:45:00,121.57,2017-05-03 16:00:00,122.653,2016-05-21 01:15:00,123.512
305,2017-03-17 16:00:00,121.32,2017-05-04 11:45:00,123.203,2016-05-23 07:30:00,123.41
306,2017-03-20 00:00:00,120.983,2017-05-05 17:00:00,123.741,2016-05-23 11:15:00,122.836
307,2017-03-20 01:00:00,121.061,2017-05-08 00:00:00,124.277,2016-05-23 23:45:00,122.542
308,2017-03-20 18:15:00,121.018,2017-05-09 03:30:00,123.823,2016-05-25 00:45:00,122.52
309,2017-03-22 11:00:00,119.902,2017-05-09 10:30:00,124.112,2016-05-25 23:45:00,122.917
310,2017-03-24 17:15:00,119.945,2017-05-10 10:15:00,124.284,2016-05-26 23:00:00,122.828
311,2017-03-24 19:00:00,119.804,2017-05-10 22:00:00,124.187,2016-05-27 16:30:00,122.323
312,2017-03-28 14:15:00,119.882,2017-05-15 09:15:00,124.135,2016-05-30 11:45:00,123.728
313,2017-03-29 03:00:00,120.216,2017-05-16 11:15:00,125.309,2016-05-31 09:45:00,123.732
314,2017-04-03 00:00:00,118.734,2017-05-18 17:00:00,123.591,2016-05-31 12:00:00,123.591
315,2017-04-03 01:45:00,118.805,2017-05-19 10:45:00,124.161,2016-06-01 04:30:00,123.169
316,2017-04-03 11:30:00,118.818,2017-05-19 16:45:00,124.719,2016-06-02 20:45:00,121.39
317,2017-04-07 04:00:00,117.535,2017-05-23 18:30:00,125.228,2016-06-04 04:45:00,121.07
318,2017-04-11 01:30:00,117.3,2017-05-25 11:15:00,125.683,2016-06-06 01:30:00,121.228
319,2017-04-11 18:00:00,116.56,2017-05-29 03:30:00,124.35,2016-06-06 05:45:00,121.415
320,2017-04-12 03:45:00,116.061,2017-05-29 11:00:00,124.497,2016-06-07 15:30:00,122.141
321,2017-04-13 20:00:00,115.728,2017-05-31 18:45:00,124.401,2016-06-08 22:30:00,121.933
322,2017-04-14 08:45:00,115.518,2017-06-01 15:15:00,124.789,2016-06-09 08:15:00,121.743
323,2017-04-17 00:00:00,115.425,2017-06-05 05:15:00,124.657,2016-06-09 15:30:00,120.748
324,2017-04-21 13:15:00,116.609,2017-06-05 08:00:00,124.67,2016-06-11 04:15:00,120.279
325,2017-05-01 00:00:00,121.4,2017-06-05 09:15:00,124.615,2016-06-13 11:00:00,119.734
326,2017-05-05 07:00:00,123.23,2017-06-05 11:45:00,124.542,2016-06-15 15:30:00,119.235
327,2017-05-08 13:00:00,123.051,2017-06-07 16:15:00,123.002,2016-06-16 19:15:00,116.754
328,2017-05-08 15:00:00,123.098,2017-06-07 20:30:00,123.308,2016-06-18 05:45:00,117.329
329,2017-05-11 14:00:00,123.959,2017-06-13 13:15:00,123.409,2016-06-20 12:30:00,118.352
330,2017-05-12 15:45:00,123.627,2017-06-14 09:30:00,123.529,2016-06-21 15:30:00,118.0
331,2017-05-15 00:00:00,123.741,2017-06-15 14:00:00,122.64,2016-06-22 17:45:00,118.101
332,2017-05-16 12:15:00,125.314,2017-06-19 00:00:00,124.243,2016-06-22 21:00:00,118.038
333,2017-05-16 17:15:00,125.433,2017-06-19 02:30:00,124.241,2016-06-23 07:30:00,118.628
334,2017-05-17 01:30:00,125.135,2017-06-19 06:15:00,124.319,2016-06-23 17:15:00,120.047
335,2017-05-17 16:15:00,124.068,2017-06-19 09:30:00,124.466,2016-06-24 01:45:00,120.639
336,2017-05-22 00:00:00,124.526,2017-06-19 14:15:00,124.435,2016-06-24 11:15:00,114.809
337,2017-05-22 03:30:00,124.696,2017-06-20 10:00:00,124.585,2016-06-27 09:15:00,112.58
338,2017-05-22 09:00:00,124.678,2017-06-21 14:30:00,124.108,2016-06-28 18:30:00,113.425
339,2017-05-22 18:00:00,124.746,2017-06-23 10:00:00,124.382,2016-06-29 20:15:00,113.881
340,2017-05-23 02:30:00,124.685,2017-06-26 00:00:00,124.478,2016-06-30 22:15:00,114.49
341,2017-05-23 09:30:00,124.626,2017-06-27 04:30:00,125.343,2016-07-04 02:45:00,114.036
342,2017-05-24 22:00:00,125.108,2017-06-27 14:15:00,125.967,2016-07-04 09:00:00,114.274
343,2017-05-26 03:00:00,125.212,2017-06-28 16:30:00,127.344,2016-07-04 18:45:00,114.232
344,2017-05-29 00:00:00,124.292,2017-06-30 19:00:00,128.257,2016-07-05 23:30:00,112.635
345,2017-05-29 01:00:00,124.279,2017-07-03 10:15:00,128.494,2016-07-06 09:15:00,111.774
346,2017-05-30 02:45:00,123.739,2017-07-03 18:00:00,128.861,2016-07-07 16:30:00,111.995
347,2017-05-31 11:30:00,123.845,2017-07-05 10:30:00,129.013,2016-07-07 23:15:00,111.562
348,2017-06-02 15:30:00,124.884,2017-07-06 12:45:00,128.901,2016-07-11 01:30:00,111.234
349,2017-06-05 00:00:00,124.487,2017-07-06 18:30:00,129.287,2016-07-11 02:00:00,111.191
350,2017-06-05 02:15:00,124.569,2017-07-07 04:15:00,129.641,2016-07-11 04:00:00,111.259
351,2017-06-05 03:45:00,124.51,2017-07-10 00:00:00,129.831,2016-07-12 01:00:00,113.606
352,2017-06-06 05:00:00,123.848,2017-07-11 09:00:00,130.325,2016-07-13 01:15:00,115.883
353,2017-06-09 00:00:00,123.164,2017-07-13 09:45:00,129.489,2016-07-14 04:30:00,115.816
354,2017-06-12 00:00:00,123.607,2017-07-13 14:45:00,129.123,2016-07-14 19:30:00,117.101
355,2017-06-12 00:45:00,123.702,2017-07-14 17:30:00,128.925,2016-07-15 08:00:00,117.46
356,2017-06-12 01:45:00,123.66,2017-07-17 04:00:00,129.093,2016-07-16 05:45:00,115.564
357,2017-06-12 09:45:00,123.566,2017-07-17 04:45:00,129.058,2016-07-18 07:00:00,116.699
358,2017-06-14 15:45:00,123.196,2017-07-24 01:00:00,129.666,2016-07-19 00:45:00,117.497
359,2017-07-03 00:00:00,128.093,2017-07-24 08:15:00,129.64,2016-07-19 23:45:00,116.931
360,2017-07-04 08:30:00,128.176,2017-07-24 17:45:00,129.344,2016-07-20 16:30:00,117.155
361,2017-07-11 19:15:00,130.411,2017-07-25 14:15:00,129.903,2016-07-21 05:00:00,118.127
362,2017-07-14 15:30:00,128.731,2017-07-26 17:30:00,130.215,2016-07-22 18:00:00,116.697
363,2017-07-17 00:00:00,129.001,2017-07-27 13:00:00,130.424,2016-07-25 06:30:00,116.62
364,2017-07-17 02:45:00,128.978,2017-07-31 17:45:00,130.272,2016-07-26 12:00:00,115.015
365,2017-07-17 10:15:00,128.856,2017-08-01 11:45:00,130.466,2016-07-27 10:30:00,115.956
366,2017-07-18 11:30:00,129.448,2017-08-02 07:00:00,131.033,2016-07-29 05:30:00,115.819
367,2017-07-19 15:45:00,128.656,2017-08-07 00:00:00,130.331,2016-07-29 11:00:00,115.182
368,2017-07-20 14:15:00,129.013,2017-08-07 12:15:00,130.743,2016-08-01 10:30:00,114.313
369,2017-07-20 17:30:00,129.972,2017-08-11 23:15:00,129.053,2016-08-02 12:15:00,113.915
370,2017-07-21 15:00:00,129.711,2017-08-14 03:15:00,129.279,2016-08-03 15:00:00,113.156
371,2017-07-21 15:45:00,129.595,2017-08-15 03:15:00,129.775,2016-08-05 01:15:00,112.584
372,2017-07-24 00:00:00,129.59,2017-08-16 11:30:00,130.122,2016-08-05 16:30:00,112.557
373,2017-07-24 10:00:00,129.226,2017-08-22 04:00:00,129.053,2016-08-05 22:00:00,112.832
374,2017-07-27 20:15:00,129.662,2017-08-24 11:45:00,128.903,2016-08-08 07:30:00,113.215
375,2017-07-31 00:00:00,130.008,2017-08-25 13:45:00,129.581,2016-08-08 15:15:00,113.527
376,2017-07-31 01:45:00,129.984,2017-08-28 00:00:00,130.42,2016-08-09 10:15:00,113.473
377,2017-07-31 12:30:00,129.684,2017-08-28 15:00:00,130.329,2016-08-09 18:45:00,113.273
378,2017-08-03 14:00:00,130.889,2017-08-29 21:15:00,131.24,2016-08-11 02:00:00,113.208
379,2017-08-04 18:45:00,130.177,2017-09-01 15:45:00,130.948,2016-08-11 13:00:00,113.015
380,2017-08-07 17:15:00,130.552,2017-09-06 13:30:00,129.865,2016-08-12 01:15:00,113.458
381,2017-08-08 12:30:00,130.529,2017-09-11 00:00:00,129.999,2016-08-13 00:30:00,113.076
382,2017-08-10 17:00:00,128.274,2017-09-12 11:15:00,131.199,2016-08-15 03:00:00,113.088
383,2017-08-14 00:00:00,129.002,2017-09-14 14:00:00,131.451,2016-08-15 06:45:00,112.986
384,2017-08-14 01:45:00,129.017,2017-09-15 11:45:00,132.082,2016-08-15 19:30:00,113.279
385,2017-08-16 21:00:00,129.722,2017-09-18 00:00:00,132.474,2016-08-16 11:15:00,113.03
386,2017-08-17 20:00:00,128.877,2017-09-19 08:15:00,134.08,2016-08-18 18:30:00,113.464
387,2017-08-18 17:00:00,127.704,2017-09-20 11:30:00,133.772,2016-08-19 21:30:00,113.451
388,2017-08-21 00:00:00,128.492,2017-09-20 17:15:00,133.661,2016-08-22 02:15:00,113.584
389,2017-08-21 03:00:00,128.44,2017-09-21 17:45:00,134.062,2016-08-22 04:15:00,113.534
390,2017-08-21 04:15:00,128.488,2017-09-25 00:00:00,133.572,2016-08-22 10:00:00,113.636
391,2017-08-21 09:00:00,128.23,2017-09-26 19:30:00,132.224,2016-08-22 13:30:00,113.565
392,2017-08-22 13:15:00,128.408,2017-09-27 13:45:00,132.615,2016-08-23 14:30:00,113.524
393,2017-08-23 11:15:00,128.927,2017-09-28 17:45:00,132.852,2016-08-24 04:00:00,113.423
394,2017-08-29 01:00:00,129.996,2017-10-04 17:30:00,132.533,2016-08-24 22:15:00,113.097
395,2017-08-31 16:45:00,130.833,2017-10-09 00:00:00,132.11,2016-08-25 16:15:00,113.506
396,2017-09-04 00:15:00,130.204,2017-10-09 06:00:00,132.251,2016-08-26 10:45:00,113.344
397,2017-09-05 05:15:00,130.124,2017-10-10 23:00:00,132.853,2016-08-27 05:45:00,113.854
398,2017-09-07 18:15:00,130.067,2017-10-11 20:45:00,133.283,2016-08-29 00:45:00,113.994
399,2017-09-08 08:15:00,130.219,2017-10-16 00:00:00,132.112,2016-08-29 03:45:00,114.104
400,2017-09-14 12:00:00,131.396,2017-10-16 03:00:00,132.231,2016-08-29 10:30:00,114.36
401,2017-09-18 18:45:00,133.096,2017-10-17 11:00:00,132.06,2016-08-31 01:00:00,114.705
402,2017-09-22 16:45:00,133.995,2017-10-18 13:00:00,132.402,2016-08-31 16:15:00,115.103
403,2017-09-22 23:30:00,133.835,2017-10-20 10:30:00,133.736,2016-09-01 18:45:00,115.542
404,2017-09-25 17:45:00,132.686,2017-10-23 00:00:00,133.957,2016-09-02 23:45:00,115.711
405,2017-09-28 11:00:00,132.644,2017-10-25 11:45:00,134.295,2016-09-05 03:00:00,115.841
406,2017-09-29 11:30:00,132.706,2017-10-30 00:00:00,132.049,2016-09-05 11:15:00,115.586
407,2017-10-02 00:00:00,132.796,2017-10-30 09:15:00,132.001,2016-09-05 13:45:00,115.332
408,2017-10-02 11:00:00,132.614,2017-10-31 15:45:00,131.964,2016-09-07 10:30:00,114.152
409,2017-10-05 10:00:00,132.607,2017-11-03 17:15:00,132.805,2016-09-08 18:00:00,114.808
410,2017-10-06 17:45:00,132.343,2017-11-07 05:45:00,132.259,2016-09-09 01:45:00,115.328
411,2017-10-11 12:15:00,132.631,2017-11-10 14:00:00,132.09,2016-09-09 16:45:00,115.4
412,2017-10-12 14:00:00,133.138,2017-11-14 19:45:00,133.614,2016-09-12 03:15:00,115.283
413,2017-10-16 09:15:00,131.835,2017-11-16 11:45:00,133.319,2016-09-12 05:00:00,115.228
414,2017-10-16 15:30:00,131.965,2017-11-20 00:00:00,132.181,2016-09-12 16:45:00,114.505
415,2017-10-16 18:00:00,131.863,2017-11-20 10:30:00,132.26,2016-09-13 20:00:00,115.033
416,2017-10-17 13:45:00,131.925,2017-11-20 17:45:00,132.049,2016-09-14 11:45:00,115.505
417,2017-10-19 11:30:00,132.785,2017-11-24 09:15:00,132.03,2016-09-15 15:30:00,115.267
418,2017-10-23 22:45:00,133.154,2017-11-24 16:00:00,132.699,2016-09-17 06:00:00,114.062
419,2017-10-24 17:45:00,134.02,2017-11-28 20:00:00,132.159,2016-09-19 00:45:00,114.005
420,2017-10-26 12:15:00,134.206,2017-11-28 21:15:00,131.827,2016-09-19 05:15:00,113.965
421,2017-10-27 10:45:00,132.749,2017-11-30 19:45:00,133.792,2016-09-19 11:00:00,113.527
422,2017-10-27 17:15:00,132.016,2017-12-04 00:00:00,133.673,2016-09-19 23:45:00,113.885
423,2017-10-30 00:45:00,131.943,2017-12-04 13:15:00,133.919,2016-09-20 19:15:00,113.635
424,2017-10-30 05:00:00,131.89,2017-12-07 11:00:00,132.891,2016-09-21 10:15:00,113.741
425,2017-10-30 06:00:00,131.877,2017-12-07 16:45:00,132.889,2016-09-21 22:30:00,112.365
426,2017-10-30 10:00:00,131.938,2017-12-11 08:30:00,133.789,2016-09-22 22:00:00,112.97
427,2017-11-02 14:15:00,132.936,2017-12-12 14:45:00,133.604,2016-09-23 18:30:00,113.399
428,2017-11-02 15:00:00,133.118,2017-12-14 11:15:00,133.362,2016-09-26 03:00:00,113.31
429,2017-11-06 00:00:00,132.491,2017-12-18 00:00:00,132.384,2016-09-26 08:30:00,113.246
430,2017-11-08 09:30:00,131.963,2017-12-18 00:45:00,132.283,2016-09-26 16:00:00,113.165
431,2017-11-13 00:00:00,132.367,2017-12-18 15:30:00,132.721,2016-09-27 10:30:00,113.104
432,2017-11-15 04:00:00,133.356,2017-12-19 17:30:00,133.503,2016-09-28 22:15:00,112.847
433,2017-11-15 11:45:00,133.556,2017-12-19 18:30:00,133.523,2016-09-29 11:30:00,113.847
434,2017-11-17 12:45:00,132.852,2017-12-20 15:00:00,134.155,2016-10-03 05:30:00,113.991
435,2017-11-22 09:15:00,131.797,2017-12-26 06:00:00,134.46,2016-10-03 18:00:00,113.94
436,2017-11-22 14:45:00,131.622,2017-12-27 11:15:00,134.447,2016-10-05 14:45:00,115.59
437,2017-11-22 17:30:00,131.654,2017-12-29 10:30:00,134.731,2016-10-06 02:30:00,115.983
438,2017-11-27 00:00:00,133.032,2017-12-29 14:15:00,134.889,2016-10-06 16:30:00,116.211
439,2017-11-27 02:00:00,133.058,2017-12-29 17:45:00,135.278,2016-10-07 08:15:00,115.448
440,2017-11-27 18:00:00,132.289,2018-01-02 00:00:00,135.24,2016-10-10 04:15:00,115.25
441,2017-11-28 15:00:00,132.239,2018-01-02 19:15:00,135.26,2016-10-10 07:30:00,115.173
442,2017-12-01 18:00:00,133.38,2018-01-04 14:00:00,135.822,2016-10-10 14:45:00,115.388
443,2017-12-05 10:15:00,133.488,2018-01-05 07:45:00,136.413,2016-10-11 15:45:00,115.017
444,2017-12-06 09:30:00,132.452,2018-01-12 10:45:00,134.703,2016-10-12 01:30:00,114.397
445,2017-12-11 00:00:00,133.537,2018-01-15 00:00:00,135.462,2016-10-13 11:45:00,114.447
446,2017-12-11 10:15:00,133.699,2018-01-15 12:15:00,135.847,2016-10-14 15:30:00,114.782
447,2017-12-11 14:00:00,133.684,2018-01-16 02:30:00,135.874,2016-10-17 03:30:00,114.315
448,2017-12-12 12:00:00,133.591,2018-01-17 17:45:00,135.544,2016-10-17 05:45:00,114.414
449,2017-12-12 19:15:00,133.093,2018-01-22 00:00:00,135.636,2016-10-17 08:45:00,114.484
450,2017-12-14 20:00:00,132.285,2018-01-22 09:30:00,135.531,2016-10-17 16:15:00,114.455
451,2017-12-15 13:45:00,132.38,2018-01-24 13:45:00,135.172,2016-10-17 18:15:00,114.308
452,2017-12-22 18:00:00,134.109,2018-01-24 23:45:00,135.515,2016-10-18 06:45:00,114.409
453,2017-12-22 22:30:00,134.316,2018-01-29 00:00:00,134.996,2016-10-18 19:00:00,114.063
454,2017-12-26 15:00:00,134.286,2018-01-29 02:30:00,135.059,2016-10-19 11:15:00,113.761
455,2018-01-02 12:30:00,135.47,2018-01-29 08:15:00,135.081,2016-10-19 15:45:00,113.451
456,2018-01-02 16:00:00,135.077,2018-01-29 09:00:00,135.224,2016-10-19 22:00:00,113.436
457,2018-01-03 16:30:00,134.898,2018-01-31 17:15:00,135.773,2016-10-21 17:30:00,112.961
458,2018-01-08 00:00:00,136.022,2018-02-01 10:15:00,136.122,2016-10-24 00:15:00,112.953
459,2018-01-08 11:15:00,135.732,2018-02-08 14:00:00,134.228,2016-10-24 03:00:00,113.043
460,2018-01-09 03:30:00,134.786,2018-02-12 05:30:00,133.574,2016-10-24 07:30:00,112.979
461,2018-01-09 14:45:00,134.377,2018-02-12 10:30:00,133.48,2016-10-24 15:45:00,113.186
462,2018-01-10 08:30:00,133.675,2018-02-19 05:30:00,132.088,2016-10-24 18:15:00,113.427
463,2018-01-11 13:45:00,133.311,2018-02-19 08:00:00,132.187,2016-10-25 19:45:00,113.525
464,2018-01-15 10:30:00,135.173,2018-02-19 11:30:00,132.259,2016-10-27 03:45:00,113.998
465,2018-01-19 13:15:00,135.727,2018-02-20 11:00:00,132.39,2016-10-27 15:45:00,114.404
466,2018-01-25 20:15:00,135.635,2018-02-23 10:45:00,131.584,2016-10-28 14:45:00,115.055
467,2018-01-26 17:00:00,135.209,2018-02-26 00:00:00,131.529,2016-10-28 23:45:00,114.808
468,2018-01-29 00:45:00,134.886,2018-02-26 10:00:00,131.44,2016-10-31 06:45:00,114.959
469,2018-01-29 02:00:00,134.85,2018-03-05 17:30:00,130.472,2016-11-01 02:00:00,114.9
470,2018-01-29 11:15:00,135.038,2018-03-09 16:45:00,131.599,2016-11-01 11:30:00,115.391
471,2018-01-29 11:45:00,135.024,2018-03-12 00:00:00,131.577,2016-11-01 17:15:00,115.507
472,2018-01-30 06:00:00,134.616,2018-03-13 06:30:00,131.574,2016-11-02 07:15:00,114.934
473,2018-02-02 22:00:00,137.284,2018-03-19 00:00:00,130.296,2016-11-03 10:00:00,114.224
474,2018-02-05 00:00:00,137.146,2018-03-19 02:00:00,130.235,2016-11-03 19:45:00,114.465
475,2018-02-05 09:45:00,136.729,2018-03-19 11:45:00,130.194,2016-11-04 21:30:00,114.68
476,2018-02-05 13:30:00,136.66,2018-03-21 11:30:00,130.527,2016-11-07 08:15:00,115.594
477,2018-02-09 14:30:00,133.126,2018-03-21 16:45:00,130.564,2016-11-08 14:45:00,115.619
478,2018-02-12 00:00:00,133.295,2018-04-01 23:00:00,130.87,2016-11-08 22:45:00,115.769
479,2018-02-12 02:00:00,133.27,,,2016-11-09 09:45:00,114.881
480,2018-02-12 03:30:00,133.333,,,2016-11-11 02:30:00,116.225
481,2018-02-12 15:30:00,133.003,,,2016-11-14 00:45:00,115.735
482,2018-02-12 17:00:00,133.074,,,2016-11-14 09:00:00,116.031
483,2018-02-13 09:00:00,133.103,,,2016-11-14 14:15:00,116.01
484,2018-02-14 05:45:00,132.405,,,2016-11-15 15:30:00,116.675
485,2018-02-14 15:30:00,131.803,,,2016-11-16 01:45:00,116.883
486,2018-02-16 12:30:00,132.477,,,2016-11-17 06:15:00,116.542
487,2018-02-16 15:00:00,132.322,,,2016-11-18 16:45:00,116.973
488,2018-02-19 00:00:00,131.951,,,2016-11-21 01:45:00,117.409
489,2018-02-19 16:30:00,131.984,,,2016-11-21 03:30:00,117.463
490,2018-02-22 03:15:00,131.58,,,2016-11-21 09:45:00,117.912
491,2018-02-26 03:30:00,131.186,,,2016-11-21 11:45:00,117.806
492,2018-02-27 16:15:00,131.591,,,2016-11-21 23:00:00,117.625
493,2018-02-28 08:00:00,130.861,,,2016-11-23 13:00:00,118.063
494,2018-02-28 12:30:00,130.876,,,2016-11-24 00:30:00,118.599
495,2018-03-01 20:30:00,130.042,,,2016-11-25 11:15:00,119.824
496,2018-03-05 00:00:00,130.481,,,2016-11-28 11:00:00,119.459
497,2018-03-05 09:00:00,129.555,,,2016-11-29 03:00:00,118.918
498,2018-03-08 17:30:00,130.903,,,2016-11-29 20:00:00,119.747
499,2018-03-12 03:45:00,131.271,,,2016-12-01 05:00:00,121.143
500,2018-03-12 13:15:00,131.054,,,2016-12-01 18:00:00,121.529
501,2018-03-14 17:00:00,131.38,,,2016-12-03 00:00:00,120.834
502,2018-03-15 02:45:00,131.079,,,2016-12-05 02:00:00,120.352
503,2018-03-15 11:30:00,130.878,,,2016-12-05 18:15:00,122.501
504,2018-03-16 03:15:00,130.33,,,2016-12-07 20:30:00,122.425
505,2018-03-19 02:45:00,129.969,,,2016-12-08 15:45:00,121.78
506,2018-03-22 14:30:00,129.89,,,2016-12-09 20:30:00,121.52
507,2018-03-23 00:15:00,129.353,,,2016-12-12 03:30:00,121.725
508,2018-03-30 08:15:00,129.364,,,2016-12-12 17:15:00,122.352
509,,,,,2016-12-13 15:15:00,122.285
510,,,,,2016-12-15 10:30:00,123.473
511,,,,,2016-12-17 09:00:00,123.382
512,,,,,2016-12-19 10:45:00,122.91
513,,,,,2016-12-19 20:30:00,122.174
514,,,,,2016-12-21 13:00:00,122.294
515,,,,,2016-12-21 16:30:00,122.503
516,,,,,2016-12-23 06:45:00,122.686
517,,,,,2016-12-26 14:00:00,122.36
518,,,,,2016-12-27 16:00:00,122.729
519,,,,,2016-12-27 22:45:00,122.795
520,,,,,2016-12-28 09:00:00,123.009
521,,,,,2016-12-29 05:15:00,121.931
522,,,,,2016-12-30 08:15:00,122.937
523,,,,,2016-12-30 18:00:00,123.25
524,,,,,2017-01-02 02:30:00,122.828
525,,,,,2017-01-02 05:45:00,122.818
526,,,,,2017-01-02 12:15:00,123.047
527,,,,,2017-01-03 10:45:00,123.191
528,,,,,2017-01-03 15:30:00,122.717
529,,,,,2017-01-05 11:30:00,122.448
530,,,,,2017-01-09 01:00:00,123.401
531,,,,,2017-01-09 02:45:00,123.443
532,,,,,2017-01-10 01:15:00,122.831
533,,,,,2017-01-11 21:00:00,122.008
534,,,,,2017-01-12 09:00:00,121.715
535,,,,,2017-01-12 21:45:00,121.845
536,,,,,2017-01-13 19:15:00,122.025
537,,,,,2017-01-16 10:45:00,120.875
538,,,,,2017-01-18 00:30:00,120.738
539,,,,,2017-01-19 14:45:00,122.225
540,,,,,2017-01-23 09:00:00,121.736
541,,,,,2017-01-24 15:00:00,121.824
542,,,,,2017-01-25 03:15:00,121.875
543,,,,,2017-01-25 22:15:00,121.782
544,,,,,2017-01-26 14:15:00,122.611
545,,,,,2017-01-26 20:00:00,122.327
546,,,,,2017-01-30 01:15:00,122.889
547,,,,,2017-01-30 02:00:00,122.975
548,,,,,2017-01-30 09:15:00,122.894
549,,,,,2017-01-31 01:15:00,121.813
550,,,,,2017-01-31 17:45:00,121.698
551,,,,,2017-02-01 20:15:00,121.874
552,,,,,2017-02-02 19:45:00,121.628
553,,,,,2017-02-03 19:30:00,121.368
554,,,,,2017-02-06 01:30:00,121.41
555,,,,,2017-02-06 06:45:00,121.26
556,,,,,2017-02-06 11:15:00,120.961
557,,,,,2017-02-07 03:15:00,119.942
558,,,,,2017-02-07 13:45:00,120.003
559,,,,,2017-02-08 03:15:00,119.932
560,,,,,2017-02-09 23:15:00,120.658
561,,,,,2017-02-13 07:45:00,120.85
562,,,,,2017-02-14 16:45:00,120.582
563,,,,,2017-02-15 21:30:00,121.023
564,,,,,2017-02-16 07:15:00,120.912
565,,,,,2017-02-17 01:00:00,120.939
566,,,,,2017-02-17 19:45:00,119.77
567,,,,,2017-02-20 18:15:00,120.085
568,,,,,2017-02-21 20:15:00,119.701
569,,,,,2017-02-22 04:00:00,119.674
570,,,,,2017-02-22 16:30:00,118.925
571,,,,,2017-02-24 05:30:00,119.317
572,,,,,2017-02-25 04:15:00,118.172
573,,,,,2017-02-27 01:00:00,118.561
574,,,,,2017-02-27 05:30:00,118.487
575,,,,,2017-02-28 02:45:00,119.158
576,,,,,2017-02-28 22:00:00,118.916
577,,,,,2017-03-02 18:00:00,120.254
578,,,,,2017-03-03 14:00:00,120.719
579,,,,,2017-03-06 14:45:00,120.494
580,,,,,2017-03-07 15:15:00,120.584
581,,,,,2017-03-08 11:15:00,120.374
582,,,,,2017-03-08 14:30:00,120.402
583,,,,,2017-03-08 18:30:00,120.854
584,,,,,2017-03-09 17:15:00,121.509
585,,,,,2017-03-10 00:00:00,121.525
586,,,,,2017-03-13 06:45:00,122.713
587,,,,,2017-03-13 12:00:00,122.272
588,,,,,2017-03-14 00:00:00,122.382
589,,,,,2017-03-14 19:45:00,121.786
590,,,,,2017-03-15 11:30:00,121.841
591,,,,,2017-03-16 08:45:00,121.532
592,,,,,2017-03-17 20:00:00,121.056
593,,,,,2017-03-20 00:30:00,121.12
594,,,,,2017-03-20 07:45:00,121.219
595,,,,,2017-03-20 13:45:00,121.33
596,,,,,2017-03-21 01:15:00,120.724
597,,,,,2017-03-21 16:15:00,121.273
598,,,,,2017-03-22 17:30:00,120.212
599,,,,,2017-03-24 18:15:00,120.005
600,,,,,2017-03-24 21:30:00,119.981
601,,,,,2017-03-27 07:30:00,119.725
602,,,,,2017-03-28 12:30:00,120.189
603,,,,,2017-03-28 22:00:00,120.12
604,,,,,2017-03-29 05:15:00,120.435
605,,,,,2017-03-30 08:00:00,119.54
606,,,,,2017-03-31 08:15:00,119.521
607,,,,,2017-04-03 01:30:00,118.793
608,,,,,2017-04-03 05:45:00,118.909
609,,,,,2017-04-04 12:45:00,117.727
610,,,,,2017-04-05 21:30:00,118.443
611,,,,,2017-04-07 06:45:00,117.629
612,,,,,2017-04-10 10:00:00,117.775
613,,,,,2017-04-11 11:15:00,117.237
614,,,,,2017-04-12 02:00:00,116.313
615,,,,,2017-04-12 08:45:00,116.18
616,,,,,2017-04-14 01:00:00,115.853
617,,,,,2017-04-14 15:15:00,115.543
618,,,,,2017-04-17 09:15:00,115.145
619,,,,,2017-04-18 05:00:00,116.038
620,,,,,2017-04-19 04:30:00,116.298
621,,,,,2017-04-20 22:45:00,117.17
622,,,,,2017-04-21 16:30:00,116.811
623,,,,,2017-04-24 07:00:00,119.307
624,,,,,2017-04-26 01:30:00,121.33
625,,,,,2017-04-26 20:45:00,121.282
626,,,,,2017-04-27 16:00:00,121.086
627,,,,,2017-04-28 17:00:00,121.519
628,,,,,2017-05-01 04:45:00,121.681
629,,,,,2017-05-02 16:45:00,122.278
630,,,,,2017-05-03 17:30:00,122.672
631,,,,,2017-05-04 18:00:00,123.327
632,,,,,2017-05-05 09:30:00,123.196
633,,,,,2017-05-06 03:00:00,123.674
634,,,,,2017-05-08 02:15:00,123.918
635,,,,,2017-05-08 14:30:00,123.372
636,,,,,2017-05-08 15:45:00,123.385
637,,,,,2017-05-09 05:45:00,123.688
638,,,,,2017-05-09 22:30:00,123.8
639,,,,,2017-05-10 11:30:00,123.881
640,,,,,2017-05-11 01:15:00,124.205
641,,,,,2017-05-11 20:30:00,123.841
642,,,,,2017-05-12 21:30:00,123.855
643,,,,,2017-05-15 03:45:00,123.87
644,,,,,2017-05-15 14:45:00,124.455
645,,,,,2017-05-16 11:45:00,125.447
646,,,,,2017-05-16 13:00:00,125.492
647,,,,,2017-05-16 20:15:00,125.532
648,,,,,2017-05-17 11:00:00,124.826
649,,,,,2017-05-18 02:30:00,123.921
650,,,,,2017-05-18 18:30:00,123.379
651,,,,,2017-05-19 16:00:00,124.314
652,,,,,2017-05-19 20:00:00,124.666
653,,,,,2017-05-22 03:00:00,124.798
654,,,,,2017-05-22 04:15:00,124.764
655,,,,,2017-05-22 12:45:00,124.747
656,,,,,2017-05-22 19:15:00,124.857
657,,,,,2017-05-23 05:00:00,125.021
658,,,,,2017-05-23 10:00:00,125.078
659,,,,,2017-05-24 03:15:00,125.071
660,,,,,2017-05-25 01:00:00,125.173
661,,,,,2017-05-25 11:45:00,125.67
662,,,,,2017-05-26 20:30:00,124.386
663,,,,,2017-05-29 00:45:00,124.362
664,,,,,2017-05-29 01:30:00,124.36
665,,,,,2017-05-29 09:45:00,124.274
666,,,,,2017-05-29 16:15:00,124.406
667,,,,,2017-05-30 10:00:00,123.494
668,,,,,2017-05-31 12:45:00,123.972
669,,,,,2017-05-31 20:15:00,124.23
670,,,,,2017-06-01 21:45:00,124.823
671,,,,,2017-06-03 02:15:00,124.419
672,,,,,2017-06-05 01:00:00,124.598
673,,,,,2017-06-05 03:30:00,124.55
674,,,,,2017-06-05 04:30:00,124.561
675,,,,,2017-06-05 05:30:00,124.592
676,,,,,2017-06-05 09:00:00,124.549
677,,,,,2017-06-05 09:30:00,124.567
678,,,,,2017-06-05 20:00:00,124.313
679,,,,,2017-06-06 21:30:00,123.421
680,,,,,2017-06-07 19:15:00,123.101
681,,,,,2017-06-08 05:45:00,123.664
682,,,,,2017-06-09 04:45:00,123.477
683,,,,,2017-06-12 00:30:00,123.706
684,,,,,2017-06-12 01:30:00,123.663
685,,,,,2017-06-12 05:00:00,123.522
686,,,,,2017-06-12 23:00:00,123.162
687,,,,,2017-06-14 01:15:00,123.354
688,,,,,2017-06-14 11:45:00,123.478
689,,,,,2017-06-14 22:15:00,122.966
690,,,,,2017-06-16 07:15:00,123.928
691,,,,,2017-06-19 01:00:00,124.17
692,,,,,2017-06-19 04:45:00,124.256
693,,,,,2017-06-19 07:45:00,124.222
694,,,,,2017-06-19 13:15:00,124.21
695,,,,,2017-06-19 15:00:00,124.251
696,,,,,2017-06-21 01:15:00,124.098
697,,,,,2017-06-21 18:00:00,124.181
698,,,,,2017-06-23 15:15:00,124.329
699,,,,,2017-06-26 12:30:00,124.873
700,,,,,2017-06-27 05:15:00,125.156
701,,,,,2017-06-28 03:15:00,127.157
702,,,,,2017-06-29 03:45:00,127.794
703,,,,,2017-07-01 05:00:00,128.348
704,,,,,2017-07-03 05:45:00,128.32
705,,,,,2017-07-03 11:30:00,128.521
706,,,,,2017-07-04 00:15:00,128.853
707,,,,,2017-07-04 09:15:00,128.35
708,,,,,2017-07-05 16:30:00,128.464
709,,,,,2017-07-06 15:00:00,128.97
710,,,,,2017-07-06 22:30:00,129.243
711,,,,,2017-07-07 10:45:00,129.828
712,,,,,2017-07-10 11:00:00,130.23
713,,,,,2017-07-11 15:45:00,130.316
714,,,,,2017-07-12 11:30:00,129.971
715,,,,,2017-07-13 11:00:00,128.911
716,,,,,2017-07-13 19:00:00,128.993
717,,,,,2017-07-14 16:45:00,128.722
718,,,,,2017-07-15 04:00:00,129.012
719,,,,,2017-07-17 01:30:00,129.064
720,,,,,2017-07-17 03:15:00,128.97
721,,,,,2017-07-17 04:15:00,129.055
722,,,,,2017-07-17 06:15:00,129.055
723,,,,,2017-07-17 17:30:00,129.258
724,,,,,2017-07-18 19:15:00,129.603
725,,,,,2017-07-19 22:00:00,128.823
726,,,,,2017-07-20 15:30:00,129.392
727,,,,,2017-07-20 21:15:00,130.117
728,,,,,2017-07-21 15:30:00,129.777
729,,,,,2017-07-21 23:45:00,129.588
730,,,,,2017-07-24 00:45:00,129.666
731,,,,,2017-07-24 05:00:00,129.478
732,,,,,2017-07-24 09:15:00,129.506
733,,,,,2017-07-24 11:15:00,129.117
734,,,,,2017-07-24 23:15:00,129.339
735,,,,,2017-07-26 02:00:00,130.27
736,,,,,2017-07-26 21:00:00,130.505
737,,,,,2017-07-27 16:45:00,130.26
738,,,,,2017-07-28 00:30:00,129.963
739,,,,,2017-07-31 01:30:00,130.06
740,,,,,2017-07-31 09:00:00,129.772
741,,,,,2017-07-31 13:45:00,129.707
742,,,,,2017-07-31 21:45:00,130.405
743,,,,,2017-08-01 14:15:00,130.497
744,,,,,2017-08-02 14:45:00,130.968
745,,,,,2017-08-04 02:30:00,130.63
746,,,,,2017-08-05 00:30:00,130.262
747,,,,,2017-08-07 04:15:00,130.513
748,,,,,2017-08-07 15:15:00,130.727
749,,,,,2017-08-07 22:15:00,130.607
750,,,,,2017-08-09 08:30:00,129.232
751,,,,,2017-08-11 06:45:00,128.319
752,,,,,2017-08-12 07:00:00,129.07
753,,,,,2017-08-14 01:00:00,129.079
754,,,,,2017-08-14 02:45:00,129.198
755,,,,,2017-08-14 11:45:00,129.503
756,,,,,2017-08-15 10:30:00,129.608
757,,,,,2017-08-16 14:00:00,129.661
758,,,,,2017-08-17 06:15:00,129.456
759,,,,,2017-08-18 05:45:00,128.359
760,,,,,2017-08-18 18:45:00,128.406
761,,,,,2017-08-21 01:30:00,128.537
762,,,,,2017-08-21 03:30:00,128.484
763,,,,,2017-08-21 06:45:00,128.417
764,,,,,2017-08-21 13:15:00,128.182
765,,,,,2017-08-22 07:30:00,128.968
766,,,,,2017-08-22 14:30:00,128.695
767,,,,,2017-08-24 00:00:00,128.75
768,,,,,2017-08-24 16:30:00,128.92
769,,,,,2017-08-25 17:00:00,129.662
770,,,,,2017-08-28 03:30:00,130.176
771,,,,,2017-08-28 18:30:00,130.683
772,,,,,2017-08-29 02:15:00,130.145
773,,,,,2017-08-30 08:30:00,131.403
774,,,,,2017-08-31 20:45:00,130.908
775,,,,,2017-09-02 01:45:00,130.79
776,,,,,2017-09-04 13:30:00,130.664
777,,,,,2017-09-05 10:00:00,130.236
778,,,,,2017-09-07 01:45:00,130.193
779,,,,,2017-09-07 21:15:00,130.435
780,,,,,2017-09-08 12:15:00,129.872
781,,,,,2017-09-11 07:45:00,130.135
782,,,,,2017-09-13 03:00:00,131.849
783,,,,,2017-09-14 13:00:00,131.409
784,,,,,2017-09-14 23:30:00,131.355
785,,,,,2017-09-15 19:15:00,132.581
786,,,,,2017-09-18 10:15:00,132.733
787,,,,,2017-09-18 23:15:00,133.358
788,,,,,2017-09-19 09:15:00,133.972
789,,,,,2017-09-20 12:15:00,133.653
790,,,,,2017-09-21 07:15:00,133.627
791,,,,,2017-09-22 03:30:00,134.163
792,,,,,2017-09-22 19:15:00,134.013
793,,,,,2017-09-23 05:45:00,133.777
794,,,,,2017-09-25 10:45:00,133.672
795,,,,,2017-09-26 01:15:00,132.49
796,,,,,2017-09-27 05:30:00,132.451
797,,,,,2017-09-27 17:15:00,132.501
798,,,,,2017-09-28 13:15:00,132.705
799,,,,,2017-09-28 19:30:00,132.543
800,,,,,2017-09-29 17:45:00,133.06
801,,,,,2017-10-02 05:15:00,132.839
802,,,,,2017-10-02 22:45:00,132.298
803,,,,,2017-10-04 20:00:00,132.637
804,,,,,2017-10-05 22:45:00,132.088
805,,,,,2017-10-07 00:00:00,132.164
806,,,,,2017-10-09 03:00:00,132.168
807,,,,,2017-10-09 17:45:00,132.264
808,,,,,2017-10-11 00:30:00,132.708
809,,,,,2017-10-11 15:45:00,132.821
810,,,,,2017-10-12 08:30:00,133.308
811,,,,,2017-10-12 18:45:00,133.065
812,,,,,2017-10-16 01:45:00,132.155
813,,,,,2017-10-16 07:30:00,132.142
814,,,,,2017-10-16 10:15:00,131.699
815,,,,,2017-10-16 16:30:00,131.966
816,,,,,2017-10-16 19:30:00,131.971
817,,,,,2017-10-17 12:00:00,131.947
818,,,,,2017-10-17 23:30:00,132.013
819,,,,,2017-10-19 05:45:00,133.315
820,,,,,2017-10-19 17:15:00,133.245
821,,,,,2017-10-21 01:45:00,133.695
822,,,,,2017-10-23 05:45:00,133.843
823,,,,,2017-10-24 04:30:00,133.318
824,,,,,2017-10-24 23:00:00,133.963
825,,,,,2017-10-25 17:15:00,134.291
826,,,,,2017-10-26 20:30:00,132.993
827,,,,,2017-10-27 14:30:00,132.595
828,,,,,2017-10-27 19:00:00,131.921
829,,,,,2017-10-30 00:30:00,131.959
830,,,,,2017-10-30 04:00:00,131.941
831,,,,,2017-10-30 05:30:00,131.914
832,,,,,2017-10-30 07:15:00,131.943
833,,,,,2017-10-30 09:45:00,132.036
834,,,,,2017-10-30 12:15:00,132.134
835,,,,,2017-11-01 06:00:00,132.44
836,,,,,2017-11-02 14:45:00,133.039
837,,,,,2017-11-03 03:30:00,132.897
838,,,,,2017-11-03 19:30:00,132.599
839,,,,,2017-11-06 06:15:00,132.654
840,,,,,2017-11-07 12:45:00,132.044
841,,,,,2017-11-08 19:30:00,131.8
842,,,,,2017-11-10 23:30:00,132.394
843,,,,,2017-11-13 16:30:00,132.241
844,,,,,2017-11-14 22:15:00,133.716
845,,,,,2017-11-15 05:30:00,133.558
846,,,,,2017-11-15 16:15:00,133.335
847,,,,,2017-11-16 15:30:00,133.118
848,,,,,2017-11-17 23:45:00,132.142
849,,,,,2017-11-20 07:30:00,131.508
850,,,,,2017-11-20 14:45:00,132.136
851,,,,,2017-11-21 00:45:00,132.1
852,,,,,2017-11-22 14:30:00,131.701
853,,,,,2017-11-22 15:45:00,131.607
854,,,,,2017-11-23 00:15:00,131.46
855,,,,,2017-11-24 15:15:00,132.268
856,,,,,2017-11-24 23:30:00,133.064
857,,,,,2017-11-27 01:30:00,133.176
858,,,,,2017-11-27 10:45:00,132.828
859,,,,,2017-11-28 01:15:00,132.221
860,,,,,2017-11-28 19:30:00,132.012
861,,,,,2017-11-28 20:15:00,131.957
862,,,,,2017-11-29 04:45:00,132.07
863,,,,,2017-12-01 03:45:00,133.85
864,,,,,2017-12-02 01:45:00,133.386
865,,,,,2017-12-04 08:00:00,133.884
866,,,,,2017-12-04 17:15:00,133.627
867,,,,,2017-12-05 14:15:00,133.495
868,,,,,2017-12-06 16:00:00,132.479
869,,,,,2017-12-07 13:45:00,132.905
870,,,,,2017-12-08 08:45:00,133.326
871,,,,,2017-12-11 07:00:00,133.754
872,,,,,2017-12-11 09:15:00,133.684
873,,,,,2017-12-11 13:00:00,133.782
874,,,,,2017-12-11 22:45:00,133.67
875,,,,,2017-12-12 12:45:00,133.605
876,,,,,2017-12-12 15:45:00,133.361
877,,,,,2017-12-12 23:15:00,133.376
878,,,,,2017-12-14 12:15:00,133.299
879,,,,,2017-12-14 23:15:00,132.374
880,,,,,2017-12-15 20:45:00,132.499
881,,,,,2017-12-18 00:15:00,132.241
882,,,,,2017-12-18 12:15:00,132.761
883,,,,,2017-12-18 17:45:00,132.726
884,,,,,2017-12-19 18:15:00,133.457
885,,,,,2017-12-20 07:45:00,133.808
886,,,,,2017-12-20 19:30:00,134.53
887,,,,,2017-12-22 18:15:00,134.168
888,,,,,2017-12-23 05:30:00,134.4
889,,,,,2017-12-26 11:15:00,134.444
890,,,,,2017-12-26 17:30:00,134.392
891,,,,,2017-12-27 17:45:00,134.755
892,,,,,2017-12-29 12:15:00,134.827
893,,,,,2017-12-29 17:00:00,134.971
894,,,,,2017-12-29 22:15:00,135.244
895,,,,,2018-01-02 10:30:00,135.381
896,,,,,2018-01-02 13:45:00,135.35
897,,,,,2018-01-02 17:15:00,135.031
898,,,,,2018-01-03 00:15:00,135.36
899,,,,,2018-01-03 21:30:00,135.212
900,,,,,2018-01-04 23:00:00,136.058
901,,,,,2018-01-05 11:15:00,136.398
902,,,,,2018-01-08 06:00:00,136.118
903,,,,,2018-01-08 17:15:00,135.232
904,,,,,2018-01-09 07:45:00,134.844
905,,,,,2018-01-09 19:15:00,134.294
906,,,,,2018-01-10 23:15:00,133.168
907,,,,,2018-01-11 14:30:00,133.939
908,,,,,2018-01-13 01:30:00,135.499
909,,,,,2018-01-15 08:00:00,135.357
910,,,,,2018-01-15 11:30:00,135.419
911,,,,,2018-01-15 13:00:00,135.671
912,,,,,2018-01-16 07:45:00,135.936
913,,,,,2018-01-18 02:45:00,135.622
914,,,,,2018-01-19 21:00:00,135.357
915,,,,,2018-01-22 06:00:00,135.356
916,,,,,2018-01-23 04:15:00,135.936
917,,,,,2018-01-24 19:30:00,135.219
918,,,,,2018-01-25 04:00:00,135.444
919,,,,,2018-01-26 01:00:00,135.735
920,,,,,2018-01-27 04:00:00,134.946
921,,,,,2018-01-29 00:30:00,134.995
922,,,,,2018-01-29 01:30:00,134.989
923,,,,,2018-01-29 02:15:00,134.99
924,,,,,2018-01-29 04:15:00,134.981
925,,,,,2018-01-29 08:45:00,135.041
926,,,,,2018-01-29 10:30:00,135.011
927,,,,,2018-01-29 11:30:00,135.083
928,,,,,2018-01-29 17:15:00,134.651
929,,,,,2018-01-30 11:45:00,134.7
930,,,,,2018-01-31 21:45:00,135.404
931,,,,,2018-02-01 15:30:00,136.334
932,,,,,2018-02-03 06:45:00,137.219
933,,,,,2018-02-05 06:30:00,137.058
934,,,,,2018-02-05 10:30:00,136.823
935,,,,,2018-02-06 07:30:00,134.834
936,,,,,2018-02-08 18:00:00,133.681
937,,,,,2018-02-09 22:15:00,132.903
938,,,,,2018-02-12 01:30:00,133.27
939,,,,,2018-02-12 03:00:00,133.389
940,,,,,2018-02-12 04:30:00,133.484
941,,,,,2018-02-12 08:30:00,133.481
942,,,,,2018-02-12 10:45:00,133.316
943,,,,,2018-02-12 16:30:00,133.228
944,,,,,2018-02-12 18:45:00,133.367
945,,,,,2018-02-13 12:45:00,132.887
946,,,,,2018-02-14 09:30:00,132.868
947,,,,,2018-02-14 17:00:00,132.541
948,,,,,2018-02-16 13:15:00,132.537
949,,,,,2018-02-16 19:00:00,132.067
950,,,,,2018-02-19 04:00:00,131.974
951,,,,,2018-02-19 07:30:00,132.065
952,,,,,2018-02-19 10:30:00,132.189
953,,,,,2018-02-19 14:00:00,132.248
954,,,,,2018-02-19 18:15:00,132.148
955,,,,,2018-02-20 21:00:00,132.293
956,,,,,2018-02-22 07:00:00,131.874
957,,,,,2018-02-23 13:00:00,131.406
958,,,,,2018-02-26 02:30:00,131.382
959,,,,,2018-02-26 05:30:00,131.229
960,,,,,2018-02-26 15:45:00,131.48
961,,,,,2018-02-27 17:45:00,131.643
962,,,,,2018-02-28 10:45:00,130.878
963,,,,,2018-03-01 04:30:00,130.164
964,,,,,2018-03-02 02:30:00,130.375
965,,,,,2018-03-05 07:00:00,130.07
966,,,,,2018-03-05 10:30:00,129.951
967,,,,,2018-03-06 06:00:00,131.345
968,,,,,2018-03-08 23:00:00,130.847
969,,,,,2018-03-09 21:15:00,131.557
970,,,,,2018-03-12 03:15:00,131.438
971,,,,,2018-03-12 07:30:00,131.365
972,,,,,2018-03-12 13:45:00,131.063
973,,,,,2018-03-13 18:15:00,132.049
974,,,,,2018-03-14 19:30:00,131.55
975,,,,,2018-03-15 05:30:00,131.191
976,,,,,2018-03-15 15:00:00,130.896
977,,,,,2018-03-16 08:15:00,130.432
978,,,,,2018-03-19 01:45:00,130.129
979,,,,,2018-03-19 02:30:00,130.088
980,,,,,2018-03-19 09:45:00,129.912
981,,,,,2018-03-19 17:30:00,130.43
982,,,,,2018-03-21 13:30:00,130.37
983,,,,,2018-03-22 01:00:00,130.773
984,,,,,2018-03-22 18:15:00,130.193
985,,,,,2018-03-23 08:45:00,129.418
986,,,,,2018-03-30 16:45:00,130.846
987,,,,,2018-04-02 12:45:00,131.026
