0,2017-11-01 09:30:00,55.281366825220225,,,2017-11-01 11:30:00,54.583559999003036
1,2017-11-01 09:30:00,55.281366825220225,,,2017-11-01 11:30:00,54.583559999003036
2,2017-11-01 12:15:00,54.49415999857914,,,2017-11-01 12:25:00,54.595409471564615
3,2017-11-01 12:15:00,54.49415999857914,,,2017-11-01 12:25:00,54.595409471564615
4,2017-11-01 15:25:00,54.5487498,,,2017-11-01 17:40:00,54.29631267661992
5,2017-11-01 15:25:00,54.5487498,,,2017-11-01 17:40:00,54.29631267661992
6,2017-11-01 20:30:00,54.257769999999994,,,2017-11-01 20:50:00,54.51354466524918
7,2017-11-01 20:30:00,54.257769999999994,,,2017-11-01 20:50:00,54.51354466524918
8,2017-11-01 22:30:00,53.88470403215218,,,2017-11-01 23:20:00,53.500125
9,2017-11-01 22:30:00,53.88470403215218,,,2017-11-01 23:20:00,53.500125
10,2017-11-02 02:00:00,51.20369308067949,,,2017-11-02 02:15:00,51.86058488677897
11,2017-11-02 02:00:00,51.20369308067949,,,2017-11-02 02:15:00,51.86058488677897
12,2017-11-02 05:50:00,52.21163320253172,,,2017-11-02 07:50:00,51.4335485
13,2017-11-02 05:50:00,52.21163320253172,,,2017-11-02 07:50:00,51.4335485
14,2017-11-02 09:30:00,50.66818944,,,2017-11-02 09:55:00,50.64696000189279
15,2017-11-02 09:30:00,50.66818944,,,2017-11-02 09:55:00,50.64696000189279
16,2017-11-02 11:25:00,50.95293654906274,,,2017-11-02 11:35:00,52.00282635000001
17,2017-11-02 11:25:00,50.95293654906274,,,2017-11-02 11:35:00,52.00282635000001
18,2017-11-02 12:50:00,51.83917165,,,2017-11-02 14:15:00,51.69257856
19,2017-11-02 12:50:00,51.83917165,,,2017-11-02 14:15:00,51.69257856
20,2017-11-02 16:40:00,52.020563,,,2017-11-02 17:05:00,52.677157618238475
21,2017-11-02 16:40:00,52.020563,,,2017-11-02 17:05:00,52.677157618238475
22,2017-11-02 18:30:00,52.631960599923,,,2017-11-02 19:20:00,53.603159676735295
23,2017-11-02 18:30:00,52.631960599923,,,2017-11-02 19:20:00,53.603159676735295
24,2017-11-02 21:20:00,53.50568566500979,,,2017-11-02 23:15:00,53.67679776280141
25,2017-11-02 21:20:00,53.50568566500979,,,2017-11-02 23:15:00,53.67679776280141
26,2017-11-03 00:40:00,53.98513992370079,,,2017-11-03 01:35:00,54.68740210492944
27,2017-11-03 00:40:00,53.98513992370079,,,2017-11-03 01:35:00,54.68740210492944
28,2017-11-03 02:15:00,55.1117330589345,,,2017-11-03 02:50:00,55.65406466826057
29,2017-11-03 02:15:00,55.1117330589345,,,2017-11-03 02:50:00,55.65406466826057
30,2017-11-03 06:10:00,54.17022000007508,,,2017-11-03 06:30:00,54.355646998199994
31,2017-11-03 06:10:00,54.17022000007508,,,2017-11-03 06:30:00,54.355646998199994
32,2017-11-03 09:00:00,53.76415000021885,,,2017-11-03 09:20:00,54.074121478603786
33,2017-11-03 09:00:00,53.76415000021885,,,2017-11-03 09:20:00,54.074121478603786
34,2017-11-03 11:50:00,54.64976267642251,,,2017-11-03 12:35:00,54.90161758
35,2017-11-03 11:50:00,54.64976267642251,,,2017-11-03 12:35:00,54.90161758
36,2017-11-03 13:55:00,54.88851200555968,,,2017-11-03 14:15:00,55.13952149954336
37,2017-11-03 13:55:00,54.88851200555968,,,2017-11-03 14:15:00,55.13952149954336
38,2017-11-03 16:45:00,54.574516210190474,,,2017-11-03 17:45:00,54.65274000105421
39,2017-11-03 16:45:00,54.574516210190474,,,2017-11-03 17:45:00,54.65274000105421
40,2017-11-03 20:05:00,54.76549782226584,,,2017-11-03 20:35:00,54.58101323
41,2017-11-03 20:05:00,54.76549782226584,,,2017-11-03 20:35:00,54.58101323
42,2017-11-03 23:35:00,55.6331223016317,,,2017-11-04 02:10:00,54.7403302
43,2017-11-03 23:35:00,55.6331223016317,,,2017-11-04 02:10:00,54.7403302
44,2017-11-04 05:55:00,54.60599370869904,,,2017-11-04 07:00:00,54.40077709637392
45,2017-11-04 05:55:00,54.60599370869904,,,2017-11-04 07:00:00,54.40077709637392
46,2017-11-04 08:50:00,54.693617435,,,2017-11-04 10:30:00,54.46512686660993
47,2017-11-04 08:50:00,54.693617435,,,2017-11-04 10:30:00,54.46512686660993
48,2017-11-04 12:00:00,54.84606403366456,,,2017-11-04 12:30:00,55.344879861143035
49,2017-11-04 12:00:00,54.84606403366456,,,2017-11-04 12:30:00,55.344879861143035
50,2017-11-04 13:55:00,55.7116440018336,,,2017-11-04 17:15:00,55.4177311995473
51,2017-11-04 13:55:00,55.7116440018336,,,2017-11-04 17:15:00,55.4177311995473
52,2017-11-04 17:55:00,55.43533750301201,,,2017-11-04 18:05:00,55.32193169607542
53,2017-11-04 17:55:00,55.43533750301201,,,2017-11-04 18:05:00,55.32193169607542
54,2017-11-04 20:30:00,54.94450593,,,2017-11-04 22:20:00,54.46735059977857
55,2017-11-04 20:30:00,54.94450593,,,2017-11-04 22:20:00,54.46735059977857
56,2017-11-05 01:00:00,54.5874670001486,,,2017-11-05 01:15:00,54.78905277000001
57,2017-11-05 01:00:00,54.5874670001486,,,2017-11-05 01:15:00,54.78905277000001
58,2017-11-05 02:20:00,54.44077999933246,,,2017-11-05 02:50:00,54.67975802559393
59,2017-11-05 02:20:00,54.44077999933246,,,2017-11-05 02:50:00,54.67975802559393
60,2017-11-05 07:35:00,55.0853452446243,,,2017-11-05 08:05:00,54.7961757
61,2017-11-05 07:35:00,55.0853452446243,,,2017-11-05 08:05:00,54.7961757
62,2017-11-05 10:10:00,54.928988399999994,,,2017-11-05 10:50:00,54.95119851
63,2017-11-05 10:10:00,54.928988399999994,,,2017-11-05 10:50:00,54.95119851
64,2017-11-05 13:40:00,54.43534535401896,,,2017-11-05 14:10:00,54.4071459
65,2017-11-05 13:40:00,54.43534535401896,,,2017-11-05 14:10:00,54.4071459
66,2017-11-05 19:30:00,54.84589898471282,,,2017-11-05 21:15:00,54.815616000000006
67,2017-11-05 19:30:00,54.84589898471282,,,2017-11-05 21:15:00,54.815616000000006
68,2017-11-05 22:05:00,54.805354241651706,,,2017-11-05 23:45:00,54.44667446095515
69,2017-11-05 22:05:00,54.805354241651706,,,2017-11-05 23:45:00,54.44667446095515
70,2017-11-06 01:00:00,54.26005975668264,,,2017-11-06 01:35:00,54.2283134798524
71,2017-11-06 01:00:00,54.26005975668264,,,2017-11-06 01:35:00,54.2283134798524
72,2017-11-06 04:45:00,53.70317283832819,,,2017-11-06 04:50:00,53.815183971193036
73,2017-11-06 04:45:00,53.70317283832819,,,2017-11-06 04:50:00,53.815183971193036
74,2017-11-06 07:35:00,53.88530166264013,,,2017-11-06 08:00:00,53.981109
75,2017-11-06 07:35:00,53.88530166264013,,,2017-11-06 08:00:00,53.981109
76,2017-11-06 09:35:00,54.2516864,,,2017-11-06 09:55:00,54.4595731
77,2017-11-06 09:35:00,54.2516864,,,2017-11-06 09:55:00,54.4595731
78,2017-11-06 13:40:00,55.3998326175,,,2017-11-06 14:35:00,55.396472890531996
79,2017-11-06 13:40:00,55.3998326175,,,2017-11-06 14:35:00,55.396472890531996
80,2017-11-06 17:20:00,55.33246006,,,2017-11-06 18:05:00,55.273500000077846
81,2017-11-06 17:20:00,55.33246006,,,2017-11-06 18:05:00,55.273500000077846
82,2017-11-06 19:10:00,55.1705663097629,,,2017-11-06 21:45:00,55.032455250527846
83,2017-11-06 19:10:00,55.1705663097629,,,2017-11-06 21:45:00,55.032455250527846
84,2017-11-07 02:15:00,55.251766151999995,,,2017-11-07 02:35:00,55.23841808078374
85,2017-11-07 02:15:00,55.251766151999995,,,2017-11-07 02:35:00,55.23841808078374
86,2017-11-07 03:55:00,55.33077631819108,,,2017-11-07 06:50:00,55.15856103744811
87,2017-11-07 03:55:00,55.33077631819108,,,2017-11-07 06:50:00,55.15856103744811
88,2017-11-07 08:05:00,55.175631285460156,,,2017-11-07 09:10:00,55.23217173454301
89,2017-11-07 08:05:00,55.175631285460156,,,2017-11-07 09:10:00,55.23217173454301
90,2017-11-07 10:10:00,55.32067776,,,2017-11-07 11:20:00,55.26040172
91,2017-11-07 10:10:00,55.32067776,,,2017-11-07 11:20:00,55.26040172
92,2017-11-07 18:45:00,60.77137943001893,,,2017-11-07 19:10:00,61.00971535008596
93,2017-11-07 18:45:00,60.77137943001893,,,2017-11-07 19:10:00,61.00971535008596
94,2017-11-07 20:05:00,60.62613984446793,,,2017-11-07 20:30:00,62.394651879022035
95,2017-11-07 20:05:00,60.62613984446793,,,2017-11-07 20:30:00,62.394651879022035
96,2017-11-08 02:25:00,60.33743544432672,,,2017-11-08 03:10:00,60.91035377767648
97,2017-11-08 02:25:00,60.33743544432672,,,2017-11-08 03:10:00,60.91035377767648
98,2017-11-08 06:15:00,60.65454376037211,,,2017-11-08 06:40:00,60.57362161
99,2017-11-08 06:15:00,60.65454376037211,,,2017-11-08 06:40:00,60.57362161
100,2017-11-08 10:10:00,61.42235347199999,,,2017-11-08 10:30:00,61.53077822616792
101,2017-11-08 10:10:00,61.42235347199999,,,2017-11-08 10:30:00,61.53077822616792
102,2017-11-08 12:20:00,62.47629635,,,2017-11-08 14:15:00,61.789571821444
103,2017-11-08 12:20:00,62.47629635,,,2017-11-08 14:15:00,61.789571821444
104,2017-11-08 15:55:00,61.75125000000001,,,2017-11-08 16:35:00,61.691464500622
105,2017-11-08 15:55:00,61.75125000000001,,,2017-11-08 16:35:00,61.691464500622
106,2017-11-08 18:05:00,61.51931610000001,,,2017-11-08 18:15:00,62.028825600000005
107,2017-11-08 18:05:00,61.51931610000001,,,2017-11-08 18:15:00,62.028825600000005
108,2017-11-08 19:30:00,62.09556324991523,,,2017-11-08 22:25:00,61.74674475755253
109,2017-11-08 19:30:00,62.09556324991523,,,2017-11-08 22:25:00,61.74674475755253
110,2017-11-09 01:20:00,62.552869661278436,,,2017-11-09 02:30:00,63.202046576361
111,2017-11-09 01:20:00,62.552869661278436,,,2017-11-09 02:30:00,63.202046576361
112,2017-11-09 04:15:00,63.2123084454314,,,2017-11-09 04:40:00,63.524258102265605
113,2017-11-09 04:15:00,63.2123084454314,,,2017-11-09 04:40:00,63.524258102265605
114,2017-11-09 07:00:00,63.19506433611066,,,2017-11-09 07:20:00,63.4045
115,2017-11-09 07:00:00,63.19506433611066,,,2017-11-09 07:20:00,63.4045
116,2017-11-09 09:20:00,61.88482091581182,,,2017-11-09 09:55:00,62.21023280982784
117,2017-11-09 09:20:00,61.88482091581182,,,2017-11-09 09:55:00,62.21023280982784
118,2017-11-09 14:25:00,62.29653121999999,,,2017-11-09 14:45:00,62.470091827
119,2017-11-09 14:25:00,62.29653121999999,,,2017-11-09 14:45:00,62.470091827
120,2017-11-09 16:00:00,62.88530172106046,,,2017-11-09 16:25:00,63.47290737947114
121,2017-11-09 16:00:00,62.88530172106046,,,2017-11-09 16:25:00,63.47290737947114
122,2017-11-09 17:35:00,63.51804195,,,2017-11-09 17:55:00,64.19591519240376
123,2017-11-09 17:35:00,63.51804195,,,2017-11-09 17:55:00,64.19591519240376
124,2017-11-09 19:40:00,65.44238744225348,,,2017-11-09 20:20:00,65.91609941425929
125,2017-11-09 19:40:00,65.44238744225348,,,2017-11-09 20:20:00,65.91609941425929
126,2017-11-09 22:15:00,64.017147,,,2017-11-09 22:40:00,64.00986568900396
127,2017-11-09 22:15:00,64.017147,,,2017-11-09 22:40:00,64.00986568900396
128,2017-11-10 00:00:00,63.42924839999999,,,2017-11-10 00:10:00,64.10645663332322
129,2017-11-10 00:00:00,63.42924839999999,,,2017-11-10 00:10:00,64.10645663332322
130,2017-11-10 01:40:00,64.70568,,,2017-11-10 04:00:00,64.13558985788622
131,2017-11-10 01:40:00,64.70568,,,2017-11-10 04:00:00,64.13558985788622
132,2017-11-10 06:10:00,63.87611473951922,,,2017-11-10 06:30:00,64.4850716518
133,2017-11-10 06:10:00,63.87611473951922,,,2017-11-10 06:30:00,64.4850716518
134,2017-11-10 08:05:00,64.1915818,,,2017-11-10 09:10:00,64.71814507419536
135,2017-11-10 08:05:00,64.1915818,,,2017-11-10 09:10:00,64.71814507419536
136,2017-11-10 10:25:00,65.04229742883122,,,2017-11-10 10:55:00,65.053200004508
137,2017-11-10 10:25:00,65.04229742883122,,,2017-11-10 10:55:00,65.053200004508
138,2017-11-10 15:15:00,60.37395783565651,,,2017-11-10 15:55:00,60.9803658
139,2017-11-10 15:15:00,60.37395783565651,,,2017-11-10 15:55:00,60.9803658
140,2017-11-10 17:55:00,59.104689355821,,,2017-11-10 19:05:00,57.89414200053049
141,2017-11-10 17:55:00,59.104689355821,,,2017-11-10 19:05:00,57.89414200053049
142,2017-11-10 20:40:00,56.8607362402676,,,2017-11-10 21:15:00,57.783634004374846
143,2017-11-10 20:40:00,56.8607362402676,,,2017-11-10 21:15:00,57.783634004374846
144,2017-11-11 02:50:00,60.00395828,,,2017-11-11 04:00:00,59.428966491062354
145,2017-11-11 02:50:00,60.00395828,,,2017-11-11 04:00:00,59.428966491062354
146,2017-11-11 09:40:00,60.76321344048986,,,2017-11-11 10:00:00,60.88439215
147,2017-11-11 09:40:00,60.76321344048986,,,2017-11-11 10:00:00,60.88439215
148,2017-11-11 11:40:00,59.747207881672715,,,2017-11-11 12:30:00,59.112105196017026
149,2017-11-11 11:40:00,59.747207881672715,,,2017-11-11 12:30:00,59.112105196017026
150,2017-11-11 15:10:00,59.96443959952739,,,2017-11-11 16:10:00,60.428786002654974
151,2017-11-11 15:10:00,59.96443959952739,,,2017-11-11 16:10:00,60.428786002654974
152,2017-11-11 19:10:00,62.78513100000001,,,2017-11-11 20:05:00,62.82866999940258
153,2017-11-11 19:10:00,62.78513100000001,,,2017-11-11 20:05:00,62.82866999940258
154,2017-11-11 21:50:00,62.61337090000001,,,2017-11-11 23:20:00,61.74048912537106
155,2017-11-11 21:50:00,62.61337090000001,,,2017-11-11 23:20:00,61.74048912537106
156,2017-11-12 00:35:00,61.632982110366726,,,2017-11-12 01:30:00,61.790949486606614
157,2017-11-12 00:35:00,61.632982110366726,,,2017-11-12 01:30:00,61.790949486606614
158,2017-11-12 02:45:00,60.273554400393955,,,2017-11-12 04:00:00,60.078220611075814
159,2017-11-12 02:45:00,60.273554400393955,,,2017-11-12 04:00:00,60.078220611075814
160,2017-11-12 07:00:00,58.38151824000001,,,2017-11-12 07:10:00,58.41012597
161,2017-11-12 07:00:00,58.38151824000001,,,2017-11-12 07:10:00,58.41012597
162,2017-11-12 12:25:00,58.839199998044904,,,2017-11-12 14:00:00,58.27010804971782
163,2017-11-12 12:25:00,58.839199998044904,,,2017-11-12 14:00:00,58.27010804971782
164,2017-11-12 16:50:00,58.644811540577834,,,2017-11-12 18:50:00,59.94473977636391
165,2017-11-12 16:50:00,58.644811540577834,,,2017-11-12 18:50:00,59.94473977636391
166,2017-11-12 20:05:00,59.24985596084999,,,2017-11-12 23:00:00,57.46787072116938
167,2017-11-12 20:05:00,59.24985596084999,,,2017-11-12 23:00:00,57.46787072116938
168,2017-11-13 04:20:00,59.258411100395705,,,2017-11-13 05:35:00,59.0554331571
169,2017-11-13 04:20:00,59.258411100395705,,,2017-11-13 05:35:00,59.0554331571
170,2017-11-13 07:45:00,59.050509140286806,,,2017-11-13 08:05:00,59.016340877393986
171,2017-11-13 07:45:00,59.050509140286806,,,2017-11-13 08:05:00,59.016340877393986
172,2017-11-13 11:05:00,60.00882166115525,,,2017-11-13 11:45:00,60.83217
173,2017-11-13 11:05:00,60.00882166115525,,,2017-11-13 11:45:00,60.83217
174,2017-11-13 14:00:00,60.222518250153406,,,2017-11-13 14:45:00,59.94
175,2017-11-13 14:00:00,60.222518250153406,,,2017-11-13 14:45:00,59.94
176,2017-11-13 17:10:00,59.942339386753005,,,2017-11-13 19:05:00,59.6185913782164
177,2017-11-13 17:10:00,59.942339386753005,,,2017-11-13 19:05:00,59.6185913782164
178,2017-11-13 21:00:00,59.914574820093,,,2017-11-13 21:20:00,60.051737474056985
179,2017-11-13 21:00:00,59.914574820093,,,2017-11-13 21:20:00,60.051737474056985
180,2017-11-14 04:40:00,60.2785069,,,2017-11-14 05:25:00,60.405472442987936
181,2017-11-14 04:40:00,60.2785069,,,2017-11-14 05:25:00,60.405472442987936
182,2017-11-14 07:20:00,60.7922325324944,,,2017-11-14 09:50:00,60.94108796848499
183,2017-11-14 07:20:00,60.7922325324944,,,2017-11-14 09:50:00,60.94108796848499
184,2017-11-14 11:10:00,60.86991091356179,,,2017-11-14 12:50:00,60.318278301031725
185,2017-11-14 11:10:00,60.86991091356179,,,2017-11-14 12:50:00,60.318278301031725
186,2017-11-14 16:10:00,60.935473199810765,,,2017-11-14 16:30:00,61.4725634999047
187,2017-11-14 16:10:00,60.935473199810765,,,2017-11-14 16:30:00,61.4725634999047
188,2017-11-14 19:00:00,62.023800277647936,,,2017-11-14 19:10:00,62.09115519
189,2017-11-14 19:00:00,62.023800277647936,,,2017-11-14 19:10:00,62.09115519
190,2017-11-14 21:40:00,63.11565199065665,,,2017-11-14 23:40:00,61.80474648438872
191,2017-11-14 21:40:00,63.11565199065665,,,2017-11-14 23:40:00,61.80474648438872
192,2017-11-15 01:20:00,62.23924494,,,2017-11-15 02:05:00,62.350622039167185
193,2017-11-15 01:20:00,62.23924494,,,2017-11-15 02:05:00,62.350622039167185
194,2017-11-15 03:45:00,62.25045984000001,,,2017-11-15 04:05:00,62.297879532081424
195,2017-11-15 03:45:00,62.25045984000001,,,2017-11-15 04:05:00,62.297879532081424
196,2017-11-15 07:50:00,62.876535,,,2017-11-15 08:55:00,63.3067752
197,2017-11-15 07:50:00,62.876535,,,2017-11-15 08:55:00,63.3067752
198,2017-11-15 11:00:00,64.26439197,,,2017-11-15 13:45:00,63.188787599107506
199,2017-11-15 11:00:00,64.26439197,,,2017-11-15 13:45:00,63.188787599107506
200,2017-11-15 15:25:00,63.162521977016496,,,2017-11-15 16:50:00,62.92356500035275
201,2017-11-15 15:25:00,63.162521977016496,,,2017-11-15 16:50:00,62.92356500035275
202,2017-11-15 22:00:00,62.88055163,,,2017-11-15 23:00:00,62.63343659939138
203,2017-11-15 22:00:00,62.88055163,,,2017-11-15 23:00:00,62.63343659939138
204,2017-11-16 02:05:00,63.31653900000001,,,2017-11-16 03:15:00,63.01471157992923
205,2017-11-16 02:05:00,63.31653900000001,,,2017-11-16 03:15:00,63.01471157992923
206,2017-11-16 04:45:00,63.7910897308952,,,2017-11-16 06:25:00,64.50578370949847
207,2017-11-16 04:45:00,63.7910897308952,,,2017-11-16 06:25:00,64.50578370949847
208,2017-11-16 08:35:00,63.3126019,,,2017-11-16 09:30:00,62.71020900371316
209,2017-11-16 08:35:00,63.3126019,,,2017-11-16 09:30:00,62.71020900371316
210,2017-11-16 13:35:00,63.107244768474494,,,2017-11-16 14:40:00,63.44199552617106
211,2017-11-16 13:35:00,63.107244768474494,,,2017-11-16 14:40:00,63.44199552617106
212,2017-11-16 15:55:00,63.79921170048489,,,2017-11-16 17:00:00,63.992274882542326
213,2017-11-16 15:55:00,63.79921170048489,,,2017-11-16 17:00:00,63.992274882542326
214,2017-11-16 18:30:00,63.49174145713226,,,2017-11-16 19:00:00,63.709427418935576
215,2017-11-16 18:30:00,63.49174145713226,,,2017-11-16 19:00:00,63.709427418935576
216,2017-11-16 21:30:00,63.903522723504466,,,2017-11-16 21:45:00,64.06807572325059
217,2017-11-16 21:30:00,63.903522723504466,,,2017-11-16 21:45:00,64.06807572325059
218,2017-11-17 00:45:00,69.89709599531156,,,2017-11-17 04:00:00,67.77641441254715
219,2017-11-17 00:45:00,69.89709599531156,,,2017-11-17 04:00:00,67.77641441254715
220,2017-11-17 08:00:00,65.40292080008649,,,2017-11-17 08:10:00,66.13152589049999
221,2017-11-17 08:00:00,65.40292080008649,,,2017-11-17 08:10:00,66.13152589049999
222,2017-11-17 10:10:00,66.75457840111544,,,2017-11-17 10:20:00,67.42490105553377
223,2017-11-17 10:10:00,66.75457840111544,,,2017-11-17 10:20:00,67.42490105553377
224,2017-11-17 12:05:00,68.194834602801,,,2017-11-17 17:20:00,67.32283683155238
225,2017-11-17 12:05:00,68.194834602801,,,2017-11-17 17:20:00,67.32283683155238
226,2017-11-17 17:45:00,67.15267146707356,,,2017-11-17 17:50:00,67.24355348991422
227,2017-11-17 17:45:00,67.15267146707356,,,2017-11-17 17:50:00,67.24355348991422
228,2017-11-17 23:35:00,67.55621854539163,,,2017-11-18 01:10:00,66.67500435000001
229,2017-11-17 23:35:00,67.55621854539163,,,2017-11-18 01:10:00,66.67500435000001
230,2017-11-18 02:30:00,65.59890761049776,,,2017-11-18 03:15:00,65.70267396
231,2017-11-18 02:30:00,65.59890761049776,,,2017-11-18 03:15:00,65.70267396
232,2017-11-18 06:00:00,66.47369328629937,,,2017-11-18 06:45:00,66.39709930156639
233,2017-11-18 06:00:00,66.47369328629937,,,2017-11-18 06:45:00,66.39709930156639
234,2017-11-18 09:25:00,67.4958412783491,,,2017-11-18 09:50:00,67.25152044973997
235,2017-11-18 09:25:00,67.4958412783491,,,2017-11-18 09:50:00,67.25152044973997
236,2017-11-18 17:00:00,67.317246,,,2017-11-18 17:20:00,67.33555919789984
237,2017-11-18 17:00:00,67.317246,,,2017-11-18 17:20:00,67.33555919789984
238,2017-11-18 20:00:00,68.21955470866935,,,2017-11-18 20:50:00,68.30836442991176
239,2017-11-18 20:00:00,68.21955470866935,,,2017-11-18 20:50:00,68.30836442991176
240,2017-11-18 23:25:00,69.20439975000001,,,2017-11-18 23:35:00,69.28600254068789
241,2017-11-18 23:25:00,69.20439975000001,,,2017-11-18 23:35:00,69.28600254068789
242,2017-11-19 01:05:00,68.7642563138289,,,2017-11-19 01:50:00,68.94998853139074
243,2017-11-19 01:05:00,68.7642563138289,,,2017-11-19 01:50:00,68.94998853139074
244,2017-11-19 03:00:00,68.72659900126276,,,2017-11-19 03:25:00,68.830436103158
245,2017-11-19 03:00:00,68.72659900126276,,,2017-11-19 03:25:00,68.830436103158
246,2017-11-19 05:35:00,68.84979096927681,,,2017-11-19 06:25:00,68.78346567462961
247,2017-11-19 05:35:00,68.84979096927681,,,2017-11-19 06:25:00,68.78346567462961
248,2017-11-19 10:25:00,70.81154692,,,2017-11-19 10:35:00,71.43510856372289
249,2017-11-19 10:25:00,70.81154692,,,2017-11-19 10:35:00,71.43510856372289
250,2017-11-19 12:05:00,70.5163993687417,,,2017-11-19 13:05:00,70.0714665
251,2017-11-19 12:05:00,70.5163993687417,,,2017-11-19 13:05:00,70.0714665
252,2017-11-19 18:35:00,70.29818965,,,2017-11-19 19:00:00,71.29394800026819
253,2017-11-19 18:35:00,70.29818965,,,2017-11-19 19:00:00,71.29394800026819
254,2017-11-19 20:30:00,70.7847047544343,,,2017-11-19 21:00:00,71.10889560035379
255,2017-11-19 20:30:00,70.7847047544343,,,2017-11-19 21:00:00,71.10889560035379
256,2017-11-19 22:15:00,71.36028018,,,2017-11-19 22:40:00,71.65502400071512
257,2017-11-19 22:15:00,71.36028018,,,2017-11-19 22:40:00,71.65502400071512
258,2017-11-20 00:40:00,71.77911224035707,,,2017-11-20 01:05:00,72.35233524574458
259,2017-11-20 00:40:00,71.77911224035707,,,2017-11-20 01:05:00,72.35233524574458
260,2017-11-20 02:15:00,72.61267588,,,2017-11-20 02:40:00,72.58498730208876
261,2017-11-20 02:15:00,72.61267588,,,2017-11-20 02:40:00,72.58498730208876
262,2017-11-20 10:05:00,71.2483621307636,,,2017-11-20 10:35:00,71.09617085
263,2017-11-20 10:05:00,71.2483621307636,,,2017-11-20 10:35:00,71.09617085
264,2017-11-20 12:05:00,71.78254439676469,,,2017-11-20 13:15:00,71.60534779999998
265,2017-11-20 12:05:00,71.78254439676469,,,2017-11-20 13:15:00,71.60534779999998
266,2017-11-20 16:00:00,71.9710603190042,,,2017-11-20 18:45:00,72.36590877947269
267,2017-11-20 16:00:00,71.9710603190042,,,2017-11-20 18:45:00,72.36590877947269
268,2017-11-20 20:25:00,72.14581353,,,2017-11-20 20:45:00,72.54529265453152
269,2017-11-20 20:25:00,72.14581353,,,2017-11-20 20:45:00,72.54529265453152
270,2017-11-20 22:20:00,72.98008559973556,,,2017-11-21 00:40:00,72.63901400017619
271,2017-11-20 22:20:00,72.98008559973556,,,2017-11-21 00:40:00,72.63901400017619
272,2017-11-21 04:05:00,69.41595396587445,,,2017-11-21 04:30:00,68.64155637861576
273,2017-11-21 04:05:00,69.41595396587445,,,2017-11-21 04:30:00,68.64155637861576
274,2017-11-21 07:15:00,70.08154574818643,,,2017-11-21 07:55:00,70.579
275,2017-11-21 07:15:00,70.08154574818643,,,2017-11-21 07:55:00,70.579
276,2017-11-21 09:50:00,70.77420000207144,,,2017-11-21 10:10:00,70.69248
277,2017-11-21 09:50:00,70.77420000207144,,,2017-11-21 10:10:00,70.69248
278,2017-11-21 13:50:00,71.07436229974091,,,2017-11-21 14:30:00,71.306036797
279,2017-11-21 13:50:00,71.07436229974091,,,2017-11-21 14:30:00,71.306036797
280,2017-11-21 19:15:00,71.1807525,,,2017-11-21 20:50:00,70.40541199870609
281,2017-11-21 19:15:00,71.1807525,,,2017-11-21 20:50:00,70.40541199870609
282,2017-11-21 23:00:00,69.59659296,,,2017-11-21 23:20:00,69.929359301382
283,2017-11-21 23:00:00,69.59659296,,,2017-11-21 23:20:00,69.929359301382
284,2017-11-22 03:55:00,70.40156249870627,,,2017-11-22 05:00:00,70.67712180010483
285,2017-11-22 03:55:00,70.40156249870627,,,2017-11-22 05:00:00,70.67712180010483
286,2017-11-22 06:10:00,70.33240799956921,,,2017-11-22 07:05:00,70.63695799038133
287,2017-11-22 06:10:00,70.33240799956921,,,2017-11-22 07:05:00,70.63695799038133
288,2017-11-22 09:20:00,71.19785175000001,,,2017-11-22 09:30:00,71.48297999732533
289,2017-11-22 09:20:00,71.19785175000001,,,2017-11-22 09:30:00,71.48297999732533
290,2017-11-22 10:55:00,71.48199239285964,,,2017-11-22 12:55:00,71.0392648
291,2017-11-22 10:55:00,71.48199239285964,,,2017-11-22 12:55:00,71.0392648
292,2017-11-22 14:20:00,70.43158104308627,,,2017-11-22 14:35:00,70.74230643784249
293,2017-11-22 14:20:00,70.43158104308627,,,2017-11-22 14:35:00,70.74230643784249
294,2017-11-22 16:55:00,70.91315350034486,,,2017-11-22 19:05:00,70.80759160317791
295,2017-11-22 16:55:00,70.91315350034486,,,2017-11-22 19:05:00,70.80759160317791
296,2017-11-22 20:35:00,71.22995999999998,,,2017-11-22 21:05:00,71.3040963
297,2017-11-22 20:35:00,71.22995999999998,,,2017-11-22 21:05:00,71.3040963
298,2017-11-22 23:45:00,71.79102390388313,,,2017-11-23 00:20:00,72.10206539799302
299,2017-11-22 23:45:00,71.79102390388313,,,2017-11-23 00:20:00,72.10206539799302
300,2017-11-23 02:15:00,71.84164999380525,,,2017-11-23 02:40:00,71.73745200950917
301,2017-11-23 02:15:00,71.84164999380525,,,2017-11-23 02:40:00,71.73745200950917
302,2017-11-23 04:10:00,71.28869999747266,,,2017-11-23 04:45:00,71.47379205500035
303,2017-11-23 04:10:00,71.28869999747266,,,2017-11-23 04:45:00,71.47379205500035
304,2017-11-23 06:35:00,71.75746148608663,,,2017-11-23 08:45:00,71.33566004739909
305,2017-11-23 06:35:00,71.75746148608663,,,2017-11-23 08:45:00,71.33566004739909
306,2017-11-23 11:10:00,71.82838704796521,,,2017-11-23 11:20:00,71.9488143
307,2017-11-23 11:10:00,71.82838704796521,,,2017-11-23 11:20:00,71.9488143
308,2017-11-23 14:00:00,73.99890733599308,,,2017-11-23 14:50:00,75.13790625247557
309,2017-11-23 14:00:00,73.99890733599308,,,2017-11-23 14:50:00,75.13790625247557
310,2017-11-23 16:35:00,75.66532719528247,,,2017-11-23 17:15:00,75.8708062990491
311,2017-11-23 16:35:00,75.66532719528247,,,2017-11-23 17:15:00,75.8708062990491
312,2017-11-23 19:20:00,76.0934501381054,,,2017-11-23 20:40:00,75.87232288622721
313,2017-11-23 19:20:00,76.0934501381054,,,2017-11-23 20:40:00,75.87232288622721
314,2017-11-23 22:45:00,74.4901750200993,,,2017-11-24 00:25:00,73.41212720350674
315,2017-11-23 22:45:00,74.4901750200993,,,2017-11-24 00:25:00,73.41212720350674
316,2017-11-24 04:35:00,73.52389908378323,,,2017-11-24 05:00:00,73.63615999753328
317,2017-11-24 04:35:00,73.52389908378323,,,2017-11-24 05:00:00,73.63615999753328
318,2017-11-24 07:40:00,73.38356999999999,,,2017-11-24 08:00:00,73.52653806000002
319,2017-11-24 07:40:00,73.38356999999999,,,2017-11-24 08:00:00,73.52653806000002
320,2017-11-24 16:15:00,75.622713895655,,,2017-11-24 17:10:00,75.87861840999999
321,2017-11-24 16:15:00,75.622713895655,,,2017-11-24 17:10:00,75.87861840999999
322,2017-11-25 04:40:00,78.66415799990406,,,2017-11-25 05:15:00,79.18906964983151
323,2017-11-25 04:40:00,78.66415799990406,,,2017-11-25 05:15:00,79.18906964983151
324,2017-11-25 07:40:00,78.98968900076135,,,2017-11-25 09:10:00,78.4669331325
325,2017-11-25 07:40:00,78.98968900076135,,,2017-11-25 09:10:00,78.4669331325
326,2017-11-25 13:15:00,82.35975816,,,2017-11-25 13:30:00,83.60891304058251
327,2017-11-25 13:15:00,82.35975816,,,2017-11-25 13:30:00,83.60891304058251
328,2017-11-25 15:50:00,83.93667585153837,,,2017-11-25 16:30:00,84.20812310290249
329,2017-11-25 15:50:00,83.93667585153837,,,2017-11-25 16:30:00,84.20812310290249
330,2017-11-25 23:40:00,88.26047390143049,,,2017-11-26 01:45:00,86.44389620000001
331,2017-11-25 23:40:00,88.26047390143049,,,2017-11-26 01:45:00,86.44389620000001
332,2017-11-26 04:25:00,85.79400925594003,,,2017-11-26 05:40:00,84.79715555348041
333,2017-11-26 04:25:00,85.79400925594003,,,2017-11-26 05:40:00,84.79715555348041
334,2017-11-26 07:10:00,83.06846999944379,,,2017-11-26 07:45:00,83.79013299482835
335,2017-11-26 07:10:00,83.06846999944379,,,2017-11-26 07:45:00,83.79013299482835
336,2017-11-26 10:05:00,84.75220000009621,,,2017-11-26 10:45:00,85.87430400202946
337,2017-11-26 10:05:00,84.75220000009621,,,2017-11-26 10:45:00,85.87430400202946
338,2017-11-26 13:05:00,85.99365582174194,,,2017-11-26 14:10:00,85.57153350181449
339,2017-11-26 13:05:00,85.99365582174194,,,2017-11-26 14:10:00,85.57153350181449
340,2017-11-26 15:35:00,85.08544792000002,,,2017-11-26 16:00:00,85.11407349999998
341,2017-11-26 15:35:00,85.08544792000002,,,2017-11-26 16:00:00,85.11407349999998
342,2017-11-26 23:10:00,84.5470276120639,,,2017-11-26 23:55:00,85.23076693353704
343,2017-11-26 23:10:00,84.5470276120639,,,2017-11-26 23:55:00,85.23076693353704
344,2017-11-27 02:15:00,86.64283440479936,,,2017-11-27 03:25:00,86.71162135680449
345,2017-11-27 02:15:00,86.64283440479936,,,2017-11-27 03:25:00,86.71162135680449
346,2017-11-27 08:20:00,91.13731747915315,,,2017-11-27 10:25:00,87.62056213390946
347,2017-11-27 08:20:00,91.13731747915315,,,2017-11-27 10:25:00,87.62056213390946
348,2017-11-27 11:55:00,89.80987763971926,,,2017-11-27 14:00:00,89.99092452836241
349,2017-11-27 11:55:00,89.80987763971926,,,2017-11-27 14:00:00,89.99092452836241
350,2017-11-27 17:30:00,87.70795416,,,2017-11-27 17:55:00,89.0069941955315
351,2017-11-27 17:30:00,87.70795416,,,2017-11-27 17:55:00,89.0069941955315
352,2017-11-27 19:20:00,88.28849431493207,,,2017-11-27 20:20:00,88.27235281919062
353,2017-11-27 19:20:00,88.28849431493207,,,2017-11-27 20:20:00,88.27235281919062
354,2017-11-27 22:35:00,89.8939871501268,,,2017-11-27 23:05:00,89.8314114905585
355,2017-11-27 22:35:00,89.8939871501268,,,2017-11-27 23:05:00,89.8314114905585
356,2017-11-28 01:20:00,90.06382100083565,,,2017-11-28 02:20:00,89.93263167617924
357,2017-11-28 01:20:00,90.06382100083565,,,2017-11-28 02:20:00,89.93263167617924
358,2017-11-28 06:10:00,92.03470375,,,2017-11-28 06:45:00,92.1880304
359,2017-11-28 06:10:00,92.03470375,,,2017-11-28 06:45:00,92.1880304
360,2017-11-28 08:50:00,91.35987006316059,,,2017-11-28 09:10:00,91.45744135139992
361,2017-11-28 08:50:00,91.35987006316059,,,2017-11-28 09:10:00,91.45744135139992
362,2017-11-28 10:35:00,91.8807726144,,,2017-11-28 11:40:00,92.11606683928561
363,2017-11-28 10:35:00,91.8807726144,,,2017-11-28 11:40:00,92.11606683928561
364,2017-11-28 13:25:00,90.28850775,,,2017-11-28 13:50:00,90.12982230251998
365,2017-11-28 13:25:00,90.28850775,,,2017-11-28 13:50:00,90.12982230251998
366,2017-11-28 15:45:00,91.2701,,,2017-11-28 17:00:00,92.080634587736
367,2017-11-28 15:45:00,91.2701,,,2017-11-28 17:00:00,92.080634587736
368,2017-11-28 20:45:00,93.3133460499455,,,2017-11-28 21:45:00,93.33748350207871
369,2017-11-28 20:45:00,93.3133460499455,,,2017-11-28 21:45:00,93.33748350207871
370,2017-11-29 01:15:00,94.72272021619028,,,2017-11-29 01:25:00,95.15288240009545
371,2017-11-29 01:15:00,94.72272021619028,,,2017-11-29 01:25:00,95.15288240009545
372,2017-11-29 03:55:00,97.09779127974251,,,2017-11-29 04:30:00,97.89647780630285
373,2017-11-29 03:55:00,97.09779127974251,,,2017-11-29 04:30:00,97.89647780630285
374,2017-11-29 06:15:00,95.36243219835659,,,2017-11-29 06:40:00,93.88748699735656
375,2017-11-29 06:15:00,95.36243219835659,,,2017-11-29 06:40:00,93.88748699735656
376,2017-11-29 09:40:00,97.53811102690055,,,2017-11-29 10:50:00,97.59972928045252
377,2017-11-29 09:40:00,97.53811102690055,,,2017-11-29 10:50:00,97.59972928045252
378,2017-11-29 12:30:00,100.15263475593856,,,2017-11-29 12:50:00,100.8957544704538
379,2017-11-29 12:30:00,100.15263475593856,,,2017-11-29 12:50:00,100.8957544704538
380,2017-11-29 13:45:00,102.14289173368476,,,2017-11-29 16:15:00,98.36013205198445
381,2017-11-29 13:45:00,102.14289173368476,,,2017-11-29 16:15:00,98.36013205198445
382,2017-11-29 20:00:00,86.13157606,,,2017-11-29 20:15:00,89.06435999973539
383,2017-11-29 20:00:00,86.13157606,,,2017-11-29 20:15:00,89.06435999973539
384,2017-11-30 03:00:00,89.2559766,,,2017-11-30 04:05:00,89.8664184
385,2017-11-30 03:00:00,89.2559766,,,2017-11-30 04:05:00,89.8664184
386,2017-11-30 06:20:00,86.0501,,,2017-11-30 06:55:00,85.810662
387,2017-11-30 06:20:00,86.0501,,,2017-11-30 06:55:00,85.810662
388,2017-11-30 09:30:00,86.27063373475441,,,2017-11-30 11:35:00,82.4289486776942
389,2017-11-30 09:30:00,86.27063373475441,,,2017-11-30 11:35:00,82.4289486776942
390,2017-11-30 14:15:00,77.69329510161586,,,2017-11-30 14:35:00,77.88990593358349
391,2017-11-30 14:15:00,77.69329510161586,,,2017-11-30 14:35:00,77.88990593358349
392,2017-11-30 16:05:00,77.60584,,,2017-11-30 16:50:00,78.53474914042958
393,2017-11-30 16:05:00,77.60584,,,2017-11-30 16:50:00,78.53474914042958
394,2017-11-30 19:20:00,81.6457659931024,,,2017-11-30 19:50:00,82.93583466257176
395,2017-11-30 19:20:00,81.6457659931024,,,2017-11-30 19:50:00,82.93583466257176
396,2017-11-30 20:50:00,81.7950000028413,,,2017-11-30 21:40:00,83.29919999843814
397,2017-11-30 20:50:00,81.7950000028413,,,2017-11-30 21:40:00,83.29919999843814
398,2017-12-01 01:40:00,83.90462249753199,,,2017-12-01 01:50:00,84.25917451519791
399,2017-12-01 01:40:00,83.90462249753199,,,2017-12-01 01:50:00,84.25917451519791
400,2017-12-01 04:00:00,83.50217753694727,,,2017-12-01 04:15:00,84.3892925809698
401,2017-12-01 04:00:00,83.50217753694727,,,2017-12-01 04:15:00,84.3892925809698
402,2017-12-01 07:40:00,81.9569984482158,,,2017-12-01 08:00:00,82.65448918205414
403,2017-12-01 07:40:00,81.9569984482158,,,2017-12-01 08:00:00,82.65448918205414
404,2017-12-01 18:00:00,93.4230000000894,,,2017-12-01 18:35:00,93.77050452008946
405,2017-12-01 18:00:00,93.4230000000894,,,2017-12-01 18:35:00,93.77050452008946
406,2017-12-01 21:20:00,97.87991672045841,,,2017-12-02 00:00:00,96.2618515992975
407,2017-12-01 21:20:00,97.87991672045841,,,2017-12-02 00:00:00,96.2618515992975
408,2017-12-02 04:55:00,98.48734255433226,,,2017-12-02 05:10:00,98.03539289476198
409,2017-12-02 04:55:00,98.48734255433226,,,2017-12-02 05:10:00,98.03539289476198
410,2017-12-02 07:45:00,102.06732565684437,,,2017-12-02 12:05:00,99.0194604491871
411,2017-12-02 07:45:00,102.06732565684437,,,2017-12-02 12:05:00,99.0194604491871
412,2017-12-02 20:00:00,99.97020000110163,,,2017-12-02 20:45:00,99.52658765
413,2017-12-02 20:00:00,99.97020000110163,,,2017-12-02 20:45:00,99.52658765
414,2017-12-02 22:35:00,99.364461,,,2017-12-02 23:15:00,99.19417424438757
415,2017-12-02 22:35:00,99.364461,,,2017-12-02 23:15:00,99.19417424438757
416,2017-12-03 03:10:00,97.96279250497447,,,2017-12-03 03:50:00,98.18618238613051
417,2017-12-03 03:10:00,97.96279250497447,,,2017-12-03 03:50:00,98.18618238613051
418,2017-12-03 05:50:00,99.65242668,,,2017-12-03 06:10:00,99.66855224047356
419,2017-12-03 05:50:00,99.65242668,,,2017-12-03 06:10:00,99.66855224047356
420,2017-12-03 08:15:00,99.96516878396123,,,2017-12-03 08:40:00,99.9211218
421,2017-12-03 08:15:00,99.96516878396123,,,2017-12-03 08:40:00,99.9211218
422,2017-12-03 09:50:00,99.52771928247743,,,2017-12-03 10:30:00,99.66392884677782
423,2017-12-03 09:50:00,99.52771928247743,,,2017-12-03 10:30:00,99.66392884677782
424,2017-12-03 13:10:00,103.50252900000001,,,2017-12-03 15:00:00,103.41182265696628
425,2017-12-03 13:10:00,103.50252900000001,,,2017-12-03 15:00:00,103.41182265696628
426,2017-12-03 17:25:00,103.45224016175702,,,2017-12-03 18:45:00,103.05359999991192
427,2017-12-03 17:25:00,103.45224016175702,,,2017-12-03 18:45:00,103.05359999991192
428,2017-12-03 22:10:00,97.7400000013575,,,2017-12-03 22:25:00,99.29528273856823
429,2017-12-03 22:10:00,97.7400000013575,,,2017-12-03 22:25:00,99.29528273856823
430,2017-12-04 01:10:00,100.71615,,,2017-12-04 03:10:00,99.77890866425804
431,2017-12-04 01:10:00,100.71615,,,2017-12-04 03:10:00,99.77890866425804
432,2017-12-04 05:50:00,100.0318198993023,,,2017-12-04 06:15:00,99.49013088
433,2017-12-04 05:50:00,100.0318198993023,,,2017-12-04 06:15:00,99.49013088
434,2017-12-04 10:40:00,98.95557299441549,,,2017-12-04 11:00:00,98.9364126716437
435,2017-12-04 10:40:00,98.95557299441549,,,2017-12-04 11:00:00,98.9364126716437
436,2017-12-04 12:25:00,97.46451539643999,,,2017-12-04 12:55:00,96.55262870604969
437,2017-12-04 12:25:00,97.46451539643999,,,2017-12-04 12:55:00,96.55262870604969
438,2017-12-04 18:50:00,97.19071200026268,,,2017-12-04 19:05:00,97.50589035315355
439,2017-12-04 18:50:00,97.19071200026268,,,2017-12-04 19:05:00,97.50589035315355
440,2017-12-04 21:55:00,101.66230620382456,,,2017-12-04 23:15:00,102.75862181044558
441,2017-12-04 21:55:00,101.66230620382456,,,2017-12-04 23:15:00,102.75862181044558
442,2017-12-05 09:00:00,102.74814101261606,,,2017-12-05 11:05:00,101.1779656753435
443,2017-12-05 09:00:00,102.74814101261606,,,2017-12-05 11:05:00,101.1779656753435
444,2017-12-05 13:00:00,101.25513776,,,2017-12-05 13:35:00,101.80367939
445,2017-12-05 13:00:00,101.25513776,,,2017-12-05 13:35:00,101.80367939
446,2017-12-05 14:20:00,101.66308726928727,,,2017-12-05 15:45:00,101.32553152
447,2017-12-05 14:20:00,101.66308726928727,,,2017-12-05 15:45:00,101.32553152
448,2017-12-05 17:05:00,99.77298375897078,,,2017-12-05 17:35:00,100.74253519879557
449,2017-12-05 17:05:00,99.77298375897078,,,2017-12-05 17:35:00,100.74253519879557
450,2017-12-05 23:20:00,100.43151299879824,,,2017-12-06 00:05:00,100.74850529999999
451,2017-12-05 23:20:00,100.43151299879824,,,2017-12-06 00:05:00,100.74850529999999
452,2017-12-06 01:45:00,100.82855082440877,,,2017-12-06 02:20:00,102.1844819975408
453,2017-12-06 01:45:00,100.82855082440877,,,2017-12-06 02:20:00,102.1844819975408
454,2017-12-06 07:25:00,100.95669560081154,,,2017-12-06 07:55:00,101.4918431264702
455,2017-12-06 07:25:00,100.95669560081154,,,2017-12-06 07:55:00,101.4918431264702
456,2017-12-06 11:45:00,99.5171514504728,,,2017-12-06 12:05:00,98.59521119866722
457,2017-12-06 11:45:00,99.5171514504728,,,2017-12-06 12:05:00,98.59521119866722
458,2017-12-06 13:45:00,97.94918085,,,2017-12-06 14:00:00,98.7530133603912
459,2017-12-06 13:45:00,97.94918085,,,2017-12-06 14:00:00,98.7530133603912
460,2017-12-06 15:55:00,98.25310079999998,,,2017-12-06 16:30:00,97.94484719999998
461,2017-12-06 15:55:00,98.25310079999998,,,2017-12-06 16:30:00,97.94484719999998
462,2017-12-06 19:10:00,99.93523499999999,,,2017-12-06 20:50:00,96.37903500022185
463,2017-12-06 19:10:00,99.93523499999999,,,2017-12-06 20:50:00,96.37903500022185
464,2017-12-06 23:15:00,94.5133080714258,,,2017-12-06 23:30:00,96.7128212268674
465,2017-12-06 23:15:00,94.5133080714258,,,2017-12-06 23:30:00,96.7128212268674
466,2017-12-07 00:40:00,95.48388810247472,,,2017-12-07 01:55:00,95.36006280000001
467,2017-12-07 00:40:00,95.48388810247472,,,2017-12-07 01:55:00,95.36006280000001
468,2017-12-07 03:00:00,95.19930875364584,,,2017-12-07 03:45:00,96.41257346611219
469,2017-12-07 03:00:00,95.19930875364584,,,2017-12-07 03:45:00,96.41257346611219
470,2017-12-07 06:15:00,96.24551999823278,,,2017-12-07 08:00:00,95.15222927979872
471,2017-12-07 06:15:00,96.24551999823278,,,2017-12-07 08:00:00,95.15222927979872
472,2017-12-07 09:25:00,94.24779759999998,,,2017-12-07 11:10:00,91.17927100069531
473,2017-12-07 09:25:00,94.24779759999998,,,2017-12-07 11:10:00,91.17927100069531
474,2017-12-07 13:50:00,93.7033345912349,,,2017-12-07 16:10:00,88.34148738720259
475,2017-12-07 13:50:00,93.7033345912349,,,2017-12-07 16:10:00,88.34148738720259
476,2017-12-07 21:50:00,93.43519990005925,,,2017-12-07 23:45:00,93.03500903909632
477,2017-12-07 21:50:00,93.43519990005925,,,2017-12-07 23:45:00,93.03500903909632
478,2017-12-08 01:30:00,92.1329540829848,,,2017-12-08 01:55:00,91.76136527249815
479,2017-12-08 01:30:00,92.1329540829848,,,2017-12-08 01:55:00,91.76136527249815
480,2017-12-08 03:55:00,93.67202499954027,,,2017-12-08 04:25:00,93.17024999786214
481,2017-12-08 03:55:00,93.67202499954027,,,2017-12-08 04:25:00,93.17024999786214
482,2017-12-08 05:55:00,91.1441,,,2017-12-08 06:20:00,91.17757749339556
483,2017-12-08 05:55:00,91.1441,,,2017-12-08 06:20:00,91.17757749339556
484,2017-12-08 07:50:00,92.93953275,,,2017-12-08 08:10:00,94.10909170958858
485,2017-12-08 07:50:00,92.93953275,,,2017-12-08 08:10:00,94.10909170958858
486,2017-12-08 09:40:00,93.75831021596441,,,2017-12-08 10:00:00,95.30912342510487
487,2017-12-08 09:40:00,93.75831021596441,,,2017-12-08 10:00:00,95.30912342510487
488,2017-12-08 12:30:00,97.29520420769741,,,2017-12-08 13:40:00,99.89408962747407
489,2017-12-08 12:30:00,97.29520420769741,,,2017-12-08 13:40:00,99.89408962747407
490,2017-12-08 15:00:00,101.5010088,,,2017-12-08 15:20:00,108.61620659999998
491,2017-12-08 15:00:00,101.5010088,,,2017-12-08 15:20:00,108.61620659999998
492,2017-12-08 18:10:00,122.23280750008287,,,2017-12-08 18:45:00,119.77522246724371
493,2017-12-08 18:10:00,122.23280750008287,,,2017-12-08 18:45:00,119.77522246724371
494,2017-12-08 22:05:00,121.3203984600765,,,2017-12-08 22:40:00,121.524
495,2017-12-08 22:05:00,121.3203984600765,,,2017-12-08 22:40:00,121.524
496,2017-12-09 00:15:00,121.85416880022595,,,2017-12-09 00:40:00,122.76757499915163
497,2017-12-09 00:15:00,121.85416880022595,,,2017-12-09 00:40:00,122.76757499915163
498,2017-12-09 02:15:00,137.49318,,,2017-12-09 04:20:00,140.71030375590001
499,2017-12-09 02:15:00,137.49318,,,2017-12-09 04:20:00,140.71030375590001
500,2017-12-09 06:25:00,142.85884926,,,2017-12-09 07:15:00,143.1837317001866
501,2017-12-09 06:25:00,142.85884926,,,2017-12-09 07:15:00,143.1837317001866
502,2017-12-09 10:00:00,148.284565,,,2017-12-09 10:25:00,147.0515575397031
503,2017-12-09 10:00:00,148.284565,,,2017-12-09 10:25:00,147.0515575397031
504,2017-12-09 11:25:00,143.75637750989256,,,2017-12-09 11:45:00,142.54147880029132
505,2017-12-09 11:25:00,143.75637750989256,,,2017-12-09 11:45:00,142.54147880029132
506,2017-12-09 13:35:00,147.05032253251753,,,2017-12-09 13:45:00,150.043108841916
507,2017-12-09 13:35:00,147.05032253251753,,,2017-12-09 13:45:00,150.043108841916
508,2017-12-09 15:40:00,149.63975,,,2017-12-09 16:05:00,149.34999999845502
509,2017-12-09 15:40:00,149.63975,,,2017-12-09 16:05:00,149.34999999845502
510,2017-12-09 20:00:00,139.72128648049986,,,2017-12-09 20:20:00,141.6094434
511,2017-12-09 20:00:00,139.72128648049986,,,2017-12-09 20:20:00,141.6094434
512,2017-12-09 21:55:00,147.11348709262032,,,2017-12-09 22:20:00,148.09021648207795
513,2017-12-09 21:55:00,147.11348709262032,,,2017-12-09 22:20:00,148.09021648207795
514,2017-12-09 23:45:00,148.37106801969514,,,2017-12-10 02:05:00,139.80766185030362
515,2017-12-09 23:45:00,148.37106801969514,,,2017-12-10 02:05:00,139.80766185030362
516,2017-12-10 06:00:00,133.32814427087098,,,2017-12-10 06:45:00,136.18638
517,2017-12-10 06:00:00,133.32814427087098,,,2017-12-10 06:45:00,136.18638
518,2017-12-10 08:05:00,133.0679904,,,2017-12-10 09:05:00,130.3699829569911
519,2017-12-10 08:05:00,133.0679904,,,2017-12-10 09:05:00,130.3699829569911
520,2017-12-10 11:30:00,133.758213573,,,2017-12-10 12:30:00,133.02757724436523
521,2017-12-10 11:30:00,133.758213573,,,2017-12-10 12:30:00,133.02757724436523
522,2017-12-10 20:20:00,150.282594,,,2017-12-10 22:20:00,144.19758399999995
523,2017-12-10 20:20:00,150.282594,,,2017-12-10 22:20:00,144.19758399999995
524,2017-12-11 00:40:00,144.68914444436106,,,2017-12-11 00:55:00,146.641221999904
525,2017-12-11 00:40:00,144.68914444436106,,,2017-12-11 00:55:00,146.641221999904
526,2017-12-11 02:50:00,146.8319999956224,,,2017-12-11 03:20:00,149.74609999999996
527,2017-12-11 02:50:00,146.8319999956224,,,2017-12-11 03:20:00,149.74609999999996
528,2017-12-11 04:25:00,149.5788659307645,,,2017-12-11 05:10:00,150.67709484999997
529,2017-12-11 04:25:00,149.5788659307645,,,2017-12-11 05:10:00,150.67709484999997
530,2017-12-11 09:55:00,159.59167504048764,,,2017-12-11 10:15:00,162.3714106125038
531,2017-12-11 09:55:00,159.59167504048764,,,2017-12-11 10:15:00,162.3714106125038
532,2017-12-11 11:40:00,158.57571000048927,,,2017-12-11 12:10:00,160.210412650197
533,2017-12-11 11:40:00,158.57571000048927,,,2017-12-11 12:10:00,160.210412650197
534,2017-12-11 18:55:00,194.01200000106468,,,2017-12-11 20:35:00,191.652569328
535,2017-12-11 18:55:00,194.01200000106468,,,2017-12-11 20:35:00,191.652569328
536,2017-12-11 22:05:00,201.30226350011824,,,2017-12-11 22:20:00,208.54628718
537,2017-12-11 22:05:00,201.30226350011824,,,2017-12-11 22:20:00,208.54628718
538,2017-12-12 03:35:00,225.95256189000003,,,2017-12-12 04:20:00,235.5743975
539,2017-12-12 03:35:00,225.95256189000003,,,2017-12-12 04:20:00,235.5743975
540,2017-12-12 05:40:00,234.04699409313088,,,2017-12-12 07:40:00,228.63446572149817
541,2017-12-12 05:40:00,234.04699409313088,,,2017-12-12 07:40:00,228.63446572149817
542,2017-12-12 10:25:00,237.4010702997624,,,2017-12-12 11:00:00,239.2248907671133
543,2017-12-12 10:25:00,237.4010702997624,,,2017-12-12 11:00:00,239.2248907671133
544,2017-12-12 13:35:00,277.3870498033195,,,2017-12-12 14:00:00,301.615
545,2017-12-12 13:35:00,277.3870498033195,,,2017-12-12 14:00:00,301.615
546,2017-12-12 15:40:00,288.4410000005342,,,2017-12-12 16:20:00,296.13508781835066
547,2017-12-12 15:40:00,288.4410000005342,,,2017-12-12 16:20:00,296.13508781835066
548,2017-12-12 17:35:00,300.0834889996318,,,2017-12-12 17:50:00,311.330488987967
549,2017-12-12 17:35:00,300.0834889996318,,,2017-12-12 17:50:00,311.330488987967
550,2017-12-12 19:05:00,304.6080000031008,,,2017-12-12 19:55:00,310.48210000466753
551,2017-12-12 19:05:00,304.6080000031008,,,2017-12-12 19:55:00,310.48210000466753
552,2017-12-12 21:45:00,298.7049160782305,,,2017-12-12 23:00:00,283.01527482095315
553,2017-12-12 21:45:00,298.7049160782305,,,2017-12-12 23:00:00,283.01527482095315
554,2017-12-13 03:10:00,285.39631824,,,2017-12-13 03:30:00,283.505633391525
555,2017-12-13 03:10:00,285.39631824,,,2017-12-13 03:30:00,283.505633391525
556,2017-12-13 07:10:00,291.30612622847286,,,2017-12-13 07:55:00,292.62239640054383
557,2017-12-13 07:10:00,291.30612622847286,,,2017-12-13 07:55:00,292.62239640054383
558,2017-12-13 09:35:00,288.4488434766535,,,2017-12-13 09:45:00,287.161543796415
559,2017-12-13 09:35:00,288.4488434766535,,,2017-12-13 09:45:00,287.161543796415
560,2017-12-13 11:05:00,284.86265973882536,,,2017-12-13 11:50:00,286.4017211384575
561,2017-12-13 11:05:00,284.86265973882536,,,2017-12-13 11:50:00,286.4017211384575
562,2017-12-13 17:00:00,294.11290289503614,,,2017-12-13 17:45:00,292.65060516000005
563,2017-12-13 17:00:00,294.11290289503614,,,2017-12-13 17:45:00,292.65060516000005
564,2017-12-13 19:00:00,286.87531250018367,,,2017-12-13 19:10:00,282.8676619939385
565,2017-12-13 19:00:00,286.87531250018367,,,2017-12-13 19:10:00,282.8676619939385
566,2017-12-13 21:00:00,285.85357999999997,,,2017-12-13 21:20:00,287.8233734493503
567,2017-12-13 21:00:00,285.85357999999997,,,2017-12-13 21:20:00,287.8233734493503
568,2017-12-14 00:25:00,290.3922465338245,,,2017-12-14 00:40:00,290.51687940018184
569,2017-12-14 00:25:00,290.3922465338245,,,2017-12-14 00:40:00,290.51687940018184
570,2017-12-14 02:10:00,299.4444886377441,,,2017-12-14 04:05:00,292.69335174771265
571,2017-12-14 02:10:00,299.4444886377441,,,2017-12-14 04:05:00,292.69335174771265
572,2017-12-14 06:05:00,286.05920983545036,,,2017-12-14 06:25:00,288.0824190301836
573,2017-12-14 06:05:00,286.05920983545036,,,2017-12-14 06:25:00,288.0824190301836
574,2017-12-14 10:10:00,288.5826489326883,,,2017-12-14 10:35:00,288.85708501528717
575,2017-12-14 10:10:00,288.5826489326883,,,2017-12-14 10:35:00,288.85708501528717
576,2017-12-14 13:40:00,289.2236601756584,,,2017-12-14 14:05:00,284.02278183909993
577,2017-12-14 13:40:00,289.2236601756584,,,2017-12-14 14:05:00,284.02278183909993
578,2017-12-14 15:20:00,263.0232894023044,,,2017-12-14 15:35:00,274.9323726322099
579,2017-12-14 15:20:00,263.0232894023044,,,2017-12-14 15:35:00,274.9323726322099
580,2017-12-14 17:10:00,278.7727695859054,,,2017-12-14 19:15:00,264.974583510162
581,2017-12-14 17:10:00,278.7727695859054,,,2017-12-14 19:15:00,264.974583510162
582,2017-12-14 23:35:00,268.386052429889,,,2017-12-14 23:55:00,275.3882325264692
583,2017-12-14 23:35:00,268.386052429889,,,2017-12-14 23:55:00,275.3882325264692
584,2017-12-15 12:25:00,267.5452710968094,,,2017-12-15 12:50:00,266.74191570881425
585,2017-12-15 12:25:00,267.5452710968094,,,2017-12-15 12:50:00,266.74191570881425
586,2017-12-15 14:55:00,293.12853192829175,,,2017-12-15 15:25:00,311.51254953963667
587,2017-12-15 14:55:00,293.12853192829175,,,2017-12-15 15:25:00,311.51254953963667
588,2017-12-15 16:40:00,309.95180410261224,,,2017-12-15 18:55:00,294.38819282232487
589,2017-12-15 16:40:00,309.95180410261224,,,2017-12-15 18:55:00,294.38819282232487
590,2017-12-15 21:15:00,305.28177657,,,2017-12-15 23:20:00,296.2335124001687
591,2017-12-15 21:15:00,305.28177657,,,2017-12-15 23:20:00,296.2335124001687
592,2017-12-16 00:40:00,294.47363307863134,,,2017-12-16 01:05:00,294.69704287843484
593,2017-12-16 00:40:00,294.47363307863134,,,2017-12-16 01:05:00,294.69704287843484
594,2017-12-16 02:35:00,301.47205199861395,,,2017-12-16 04:30:00,295.927930100507
595,2017-12-16 02:35:00,301.47205199861395,,,2017-12-16 04:30:00,295.927930100507
596,2017-12-16 09:55:00,297.171230603208,,,2017-12-16 11:15:00,299.75257718717734
597,2017-12-16 09:55:00,297.171230603208,,,2017-12-16 11:15:00,299.75257718717734
598,2017-12-16 14:10:00,298.05365709755563,,,2017-12-16 14:30:00,297.28807514839264
599,2017-12-16 14:10:00,298.05365709755563,,,2017-12-16 14:30:00,297.28807514839264
600,2017-12-16 16:30:00,296.5967402261221,,,2017-12-16 16:40:00,296.97032580015986
601,2017-12-16 16:30:00,296.5967402261221,,,2017-12-16 16:40:00,296.97032580015986
602,2017-12-16 19:10:00,292.9133374489143,,,2017-12-16 20:10:00,292.58302248
603,2017-12-16 19:10:00,292.9133374489143,,,2017-12-16 20:10:00,292.58302248
604,2017-12-16 22:35:00,295.42000447802286,,,2017-12-16 23:45:00,293.754426959088
605,2017-12-16 22:35:00,295.42000447802286,,,2017-12-16 23:45:00,293.754426959088
606,2017-12-17 04:55:00,313.9768715659352,,,2017-12-17 05:40:00,321.237885
607,2017-12-17 04:55:00,313.9768715659352,,,2017-12-17 05:40:00,321.237885
608,2017-12-17 07:05:00,329.84373609445174,,,2017-12-17 09:20:00,315.64669123306106
609,2017-12-17 07:05:00,329.84373609445174,,,2017-12-17 09:20:00,315.64669123306106
610,2017-12-17 12:00:00,321.549951500486,,,2017-12-17 13:50:00,317.502279
611,2017-12-17 12:00:00,321.549951500486,,,2017-12-17 13:50:00,317.502279
612,2017-12-17 17:10:00,315.97844400197283,,,2017-12-17 17:45:00,313.7596662022932
613,2017-12-17 17:10:00,315.97844400197283,,,2017-12-17 17:45:00,313.7596662022932
614,2017-12-17 20:00:00,319.7960187006687,,,2017-12-18 01:45:00,304.61
615,2017-12-17 20:00:00,319.7960187006687,,,2017-12-18 01:45:00,304.61
616,2017-12-18 03:10:00,306.7268959998333,,,2017-12-18 04:30:00,310.07999088115247
617,2017-12-18 03:10:00,306.7268959998333,,,2017-12-18 04:30:00,310.07999088115247
618,2017-12-18 05:40:00,307.78607662759987,,,2017-12-18 06:15:00,310.40734792500785
619,2017-12-18 05:40:00,307.78607662759987,,,2017-12-18 06:15:00,310.40734792500785
620,2017-12-18 08:05:00,310.01098135933813,,,2017-12-18 08:40:00,311.2775744
621,2017-12-18 08:05:00,310.01098135933813,,,2017-12-18 08:40:00,311.2775744
622,2017-12-18 09:55:00,313.1215303374828,,,2017-12-18 10:45:00,318.8674468005065
623,2017-12-18 09:55:00,313.1215303374828,,,2017-12-18 10:45:00,318.8674468005065
624,2017-12-18 14:35:00,311.8503905703637,,,2017-12-18 14:45:00,313.865584890169
625,2017-12-18 14:35:00,311.8503905703637,,,2017-12-18 14:45:00,313.865584890169
626,2017-12-18 18:45:00,317.568639995664,,,2017-12-18 19:05:00,324.1152901485996
627,2017-12-18 18:45:00,317.568639995664,,,2017-12-18 19:05:00,324.1152901485996
628,2017-12-18 22:10:00,339.72894000437765,,,2017-12-18 22:30:00,358.49035231218596
629,2017-12-18 22:10:00,339.72894000437765,,,2017-12-18 22:30:00,358.49035231218596
630,2017-12-18 23:40:00,356.14148979660104,,,2017-12-19 01:15:00,355.62865801799995
631,2017-12-18 23:40:00,356.14148979660104,,,2017-12-19 01:15:00,355.62865801799995
632,2017-12-19 02:25:00,349.1103141633926,,,2017-12-19 03:00:00,354.7969460507597
633,2017-12-19 02:25:00,349.1103141633926,,,2017-12-19 03:00:00,354.7969460507597
634,2017-12-19 05:45:00,367.379434800195,,,2017-12-19 08:45:00,358.75502650442564
635,2017-12-19 05:45:00,367.379434800195,,,2017-12-19 08:45:00,358.75502650442564
636,2017-12-19 18:25:00,349.0019999988366,,,2017-12-19 18:50:00,351.33797419970125
637,2017-12-19 18:25:00,349.0019999988366,,,2017-12-19 18:50:00,351.33797419970125
638,2017-12-19 20:45:00,344.171304,,,2017-12-19 22:10:00,333.601845166992
639,2017-12-19 20:45:00,344.171304,,,2017-12-19 22:10:00,333.601845166992
640,2017-12-20 01:00:00,312.3605871003835,,,2017-12-20 01:40:00,307.5652356011505
641,2017-12-20 01:00:00,312.3605871003835,,,2017-12-20 01:40:00,307.5652356011505
642,2017-12-20 04:40:00,320.5285886994197,,,2017-12-20 04:50:00,324.3972
643,2017-12-20 04:40:00,320.5285886994197,,,2017-12-20 04:50:00,324.3972
644,2017-12-20 06:45:00,313.0723774711716,,,2017-12-20 07:10:00,315.2439570001958
645,2017-12-20 06:45:00,313.0723774711716,,,2017-12-20 07:10:00,315.2439570001958
646,2017-12-20 08:35:00,319.68376145230224,,,2017-12-20 09:00:00,324.64490364902537
647,2017-12-20 08:35:00,319.68376145230224,,,2017-12-20 09:00:00,324.64490364902537
648,2017-12-20 10:10:00,320.79051,,,2017-12-20 10:40:00,330.551617288424
649,2017-12-20 10:10:00,320.79051,,,2017-12-20 10:40:00,330.551617288424
650,2017-12-20 11:50:00,325.58260235869295,,,2017-12-20 12:50:00,338.0976499984805
651,2017-12-20 11:50:00,325.58260235869295,,,2017-12-20 12:50:00,338.0976499984805
652,2017-12-20 16:20:00,308.2365440894673,,,2017-12-20 16:50:00,304.74950114560005
653,2017-12-20 16:20:00,308.2365440894673,,,2017-12-20 16:50:00,304.74950114560005
654,2017-12-20 18:55:00,318.578964306643,,,2017-12-20 22:35:00,300.7966103972115
655,2017-12-20 18:55:00,318.578964306643,,,2017-12-20 22:35:00,300.7966103972115
656,2017-12-21 00:25:00,309.49718547501976,,,2017-12-21 00:30:00,311.96019066351687
657,2017-12-21 00:25:00,309.49718547501976,,,2017-12-21 00:30:00,311.96019066351687
658,2017-12-21 01:55:00,307.4834,,,2017-12-21 03:50:00,315.77829055420113
659,2017-12-21 01:55:00,307.4834,,,2017-12-21 03:50:00,315.77829055420113
660,2017-12-21 05:40:00,316.5574561422588,,,2017-12-21 06:05:00,318.0023926329244
661,2017-12-21 05:40:00,316.5574561422588,,,2017-12-21 06:05:00,318.0023926329244
662,2017-12-21 10:50:00,312.0760621030241,,,2017-12-21 11:05:00,315.64170957749036
663,2017-12-21 10:50:00,312.0760621030241,,,2017-12-21 11:05:00,315.64170957749036
664,2017-12-21 14:10:00,307.187802,,,2017-12-21 14:30:00,308.26929884962163
665,2017-12-21 14:10:00,307.187802,,,2017-12-21 14:30:00,308.26929884962163
666,2017-12-21 16:05:00,283.725,,,2017-12-21 16:20:00,290.81694154658163
667,2017-12-21 16:05:00,283.725,,,2017-12-21 16:20:00,290.81694154658163
668,2017-12-21 18:15:00,285.93371847846964,,,2017-12-21 18:35:00,285.89542083961817
669,2017-12-21 18:15:00,285.93371847846964,,,2017-12-21 18:35:00,285.89542083961817
670,2017-12-21 21:20:00,290.82942762449403,,,2017-12-21 21:45:00,298.7181219068188
671,2017-12-21 21:20:00,290.82942762449403,,,2017-12-21 21:45:00,298.7181219068188
672,2017-12-22 02:25:00,275.91401859709265,,,2017-12-22 02:35:00,276.0741556270994
673,2017-12-22 02:25:00,275.91401859709265,,,2017-12-22 02:35:00,276.0741556270994
674,2017-12-22 03:35:00,260.6017286634405,,,2017-12-22 03:55:00,268.1333
675,2017-12-22 03:35:00,260.6017286634405,,,2017-12-22 03:55:00,268.1333
676,2017-12-22 05:35:00,267.6272625017266,,,2017-12-22 07:55:00,235.21089345
677,2017-12-22 05:35:00,267.6272625017266,,,2017-12-22 07:55:00,235.21089345
678,2017-12-22 10:25:00,264.470598,,,2017-12-22 12:30:00,245.328384802724
679,2017-12-22 10:25:00,264.470598,,,2017-12-22 12:30:00,245.328384802724
680,2017-12-22 16:50:00,238.080000001116,,,2017-12-22 19:00:00,249.25290613080003
681,2017-12-22 16:50:00,238.080000001116,,,2017-12-22 19:00:00,249.25290613080003
682,2017-12-22 20:15:00,254.56140000188563,,,2017-12-22 20:35:00,263.29501198
683,2017-12-22 20:15:00,254.56140000188563,,,2017-12-22 20:35:00,263.29501198
684,2017-12-22 22:35:00,268.0337467271162,,,2017-12-23 00:25:00,257.44935675786576
685,2017-12-22 22:35:00,268.0337467271162,,,2017-12-23 00:25:00,257.44935675786576
686,2017-12-23 05:30:00,265.5389430412128,,,2017-12-23 06:45:00,260.93550700266843
687,2017-12-23 05:30:00,265.5389430412128,,,2017-12-23 06:45:00,260.93550700266843
688,2017-12-23 09:50:00,267.86104335,,,2017-12-23 10:05:00,267.06425043896735
689,2017-12-23 09:50:00,267.86104335,,,2017-12-23 10:05:00,267.06425043896735
690,2017-12-23 13:10:00,280.54395768497056,,,2017-12-23 14:10:00,286.37995377015625
691,2017-12-23 13:10:00,280.54395768497056,,,2017-12-23 14:10:00,286.37995377015625
692,2017-12-23 16:20:00,281.4559758998046,,,2017-12-23 16:45:00,282.3791960816333
693,2017-12-23 16:20:00,281.4559758998046,,,2017-12-23 16:45:00,282.3791960816333
694,2017-12-23 18:10:00,280.6491656168809,,,2017-12-23 18:40:00,278.5060778098065
695,2017-12-23 18:10:00,280.6491656168809,,,2017-12-23 18:40:00,278.5060778098065
696,2017-12-24 00:00:00,267.182289,,,2017-12-24 00:40:00,263.86242837288205
697,2017-12-24 00:00:00,267.182289,,,2017-12-24 00:40:00,263.86242837288205
698,2017-12-24 02:20:00,252.84187532991112,,,2017-12-24 03:10:00,251.65600700153118
699,2017-12-24 02:20:00,252.84187532991112,,,2017-12-24 03:10:00,251.65600700153118
700,2017-12-24 08:20:00,256.6433642505778,,,2017-12-24 08:45:00,258.7636073398077
701,2017-12-24 08:20:00,256.6433642505778,,,2017-12-24 08:45:00,258.7636073398077
702,2017-12-24 10:35:00,244.0887614203953,,,2017-12-24 10:55:00,245.2606894492785
703,2017-12-24 10:35:00,244.0887614203953,,,2017-12-24 10:55:00,245.2606894492785
704,2017-12-24 16:05:00,250.37693005047655,,,2017-12-24 16:20:00,250.27256459990681
705,2017-12-24 16:05:00,250.37693005047655,,,2017-12-24 16:20:00,250.27256459990681
706,2017-12-24 18:30:00,244.22633489017102,,,2017-12-24 18:50:00,243.50548532995492
707,2017-12-24 18:30:00,244.22633489017102,,,2017-12-24 18:50:00,243.50548532995492
708,2017-12-25 00:30:00,264.20161501017657,,,2017-12-25 03:35:00,260.2983072003968
709,2017-12-25 00:30:00,264.20161501017657,,,2017-12-25 03:35:00,260.2983072003968
710,2017-12-25 07:30:00,267.45419437866155,,,2017-12-25 08:30:00,267.93881729941097
711,2017-12-25 07:30:00,267.45419437866155,,,2017-12-25 08:30:00,267.93881729941097
712,2017-12-25 10:10:00,269.11648296668864,,,2017-12-25 11:30:00,270.627522
713,2017-12-25 10:10:00,269.11648296668864,,,2017-12-25 11:30:00,270.627522
714,2017-12-25 14:25:00,260.79559914755646,,,2017-12-25 15:00:00,258.21224104750314
715,2017-12-25 14:25:00,260.79559914755646,,,2017-12-25 15:00:00,258.21224104750314
716,2017-12-25 18:00:00,262.06029749561793,,,2017-12-25 18:20:00,265.814834349019
717,2017-12-25 18:00:00,262.06029749561793,,,2017-12-25 18:20:00,265.814834349019
718,2017-12-25 20:05:00,265.07593749922887,,,2017-12-25 21:45:00,262.85653131298113
719,2017-12-25 20:05:00,265.07593749922887,,,2017-12-25 21:45:00,262.85653131298113
720,2017-12-26 05:30:00,274.403163,,,2017-12-26 06:20:00,274.91595
721,2017-12-26 05:30:00,274.403163,,,2017-12-26 06:20:00,274.91595
722,2017-12-26 07:45:00,274.2404793,,,2017-12-26 08:05:00,274.1434739687
723,2017-12-26 07:45:00,274.2404793,,,2017-12-26 08:05:00,274.1434739687
724,2017-12-26 09:30:00,271.92363579791567,,,2017-12-26 09:50:00,273.59851065126645
725,2017-12-26 09:30:00,271.92363579791567,,,2017-12-26 09:50:00,273.59851065126645
726,2017-12-26 11:30:00,271.10517839115465,,,2017-12-26 12:25:00,269.985199990983
727,2017-12-26 11:30:00,271.10517839115465,,,2017-12-26 12:25:00,269.985199990983
728,2017-12-26 14:15:00,275.670934,,,2017-12-26 14:35:00,278.25209478742124
729,2017-12-26 14:15:00,275.670934,,,2017-12-26 14:35:00,278.25209478742124
730,2017-12-26 15:55:00,275.43177630522314,,,2017-12-26 16:45:00,277.3905526797
731,2017-12-26 15:55:00,275.43177630522314,,,2017-12-26 16:45:00,277.3905526797
732,2017-12-26 18:05:00,278.65657600000003,,,2017-12-26 22:00:00,278.08151196708303
733,2017-12-26 18:05:00,278.65657600000003,,,2017-12-26 22:00:00,278.08151196708303
734,2017-12-26 22:35:00,277.4123999025184,,,2017-12-26 23:15:00,275.1628572
735,2017-12-26 22:35:00,277.4123999025184,,,2017-12-26 23:15:00,275.1628572
736,2017-12-27 03:55:00,278.3828974,,,2017-12-27 04:10:00,280.6667731993048
737,2017-12-27 03:55:00,278.3828974,,,2017-12-27 04:10:00,280.6667731993048
738,2017-12-27 07:00:00,280.48931595068416,,,2017-12-27 07:55:00,280.4069303710267
739,2017-12-27 07:00:00,280.48931595068416,,,2017-12-27 07:55:00,280.4069303710267
740,2017-12-27 10:15:00,275.7524854709057,,,2017-12-27 11:10:00,272.97824400157293
741,2017-12-27 10:15:00,275.7524854709057,,,2017-12-27 11:10:00,272.97824400157293
742,2017-12-27 13:50:00,276.1605876758028,,,2017-12-27 15:50:00,265.4667791730907
743,2017-12-27 13:50:00,276.1605876758028,,,2017-12-27 15:50:00,265.4667791730907
744,2017-12-27 17:20:00,257.3220300031488,,,2017-12-27 17:35:00,263.07463536
745,2017-12-27 17:20:00,257.3220300031488,,,2017-12-27 17:35:00,263.07463536
746,2017-12-27 19:10:00,266.0038,,,2017-12-27 21:10:00,261.2161490508682
747,2017-12-27 19:10:00,266.0038,,,2017-12-27 21:10:00,261.2161490508682
748,2017-12-27 23:40:00,263.5155600037645,,,2017-12-28 01:50:00,262.5592866
749,2017-12-27 23:40:00,263.5155600037645,,,2017-12-28 01:50:00,262.5592866
750,2017-12-28 03:20:00,248.14264970017223,,,2017-12-28 03:50:00,245.4424
751,2017-12-28 03:20:00,248.14264970017223,,,2017-12-28 03:50:00,245.4424
752,2017-12-28 05:50:00,239.51015543144155,,,2017-12-28 06:30:00,243.3127600329464
753,2017-12-28 05:50:00,239.51015543144155,,,2017-12-28 06:30:00,243.3127600329464
754,2017-12-28 08:55:00,244.7020799963586,,,2017-12-28 09:25:00,247.2463190599971
755,2017-12-28 08:55:00,244.7020799963586,,,2017-12-28 09:25:00,247.2463190599971
756,2017-12-28 11:25:00,235.8140877,,,2017-12-28 11:50:00,235.77387904
757,2017-12-28 11:25:00,235.8140877,,,2017-12-28 11:50:00,235.77387904
758,2017-12-28 14:35:00,242.54705209563224,,,2017-12-28 15:00:00,247.85246200000003
759,2017-12-28 14:35:00,242.54705209563224,,,2017-12-28 15:00:00,247.85246200000003
760,2017-12-28 16:30:00,244.65088920305126,,,2017-12-28 19:25:00,233.64869999982992
761,2017-12-28 16:30:00,244.65088920305126,,,2017-12-28 19:25:00,233.64869999982992
762,2017-12-28 21:50:00,236.94320469982998,,,2017-12-28 22:20:00,239.26300282396252
763,2017-12-28 21:50:00,236.94320469982998,,,2017-12-28 22:20:00,239.26300282396252
764,2017-12-29 01:30:00,244.8330649729596,,,2017-12-29 02:05:00,248.6224832
765,2017-12-29 01:30:00,244.8330649729596,,,2017-12-29 02:05:00,248.6224832
766,2017-12-29 04:05:00,253.81248545440215,,,2017-12-29 06:10:00,255.00225
767,2017-12-29 04:05:00,253.81248545440215,,,2017-12-29 06:10:00,255.00225
768,2017-12-29 11:10:00,239.19819229663182,,,2017-12-29 11:25:00,237.61521766501443
769,2017-12-29 11:10:00,239.19819229663182,,,2017-12-29 11:25:00,237.61521766501443
770,2017-12-29 15:35:00,245.230276022528,,,2017-12-29 15:55:00,248.0276294946644
771,2017-12-29 15:35:00,245.230276022528,,,2017-12-29 15:55:00,248.0276294946644
772,2017-12-29 17:35:00,250.016596738282,,,2017-12-29 19:35:00,246.36647439292443
773,2017-12-29 17:35:00,250.016596738282,,,2017-12-29 19:35:00,246.36647439292443
774,2017-12-29 21:10:00,241.10774720791719,,,2017-12-29 22:15:00,239.09982277942387
775,2017-12-29 21:10:00,241.10774720791719,,,2017-12-29 22:15:00,239.09982277942387
776,2017-12-30 02:40:00,216.03009300243286,,,2017-12-30 03:15:00,216.73599240049708
777,2017-12-30 02:40:00,216.03009300243286,,,2017-12-30 03:15:00,216.73599240049708
778,2017-12-30 05:20:00,219.80490000302018,,,2017-12-30 05:45:00,221.444479213331
779,2017-12-30 05:20:00,219.80490000302018,,,2017-12-30 05:45:00,221.444479213331
780,2017-12-30 07:20:00,221.76557036965642,,,2017-12-30 07:50:00,223.32874181529712
781,2017-12-30 07:20:00,221.76557036965642,,,2017-12-30 07:50:00,223.32874181529712
782,2017-12-30 08:45:00,221.50818465815559,,,2017-12-30 09:50:00,218.88095098435508
783,2017-12-30 08:45:00,221.50818465815559,,,2017-12-30 09:50:00,218.88095098435508
784,2017-12-30 10:50:00,215.15549923981183,,,2017-12-30 11:15:00,218.2369376338084
785,2017-12-30 10:50:00,215.15549923981183,,,2017-12-30 11:15:00,218.2369376338084
786,2017-12-30 13:25:00,203.3595327771372,,,2017-12-30 13:40:00,202.8115071737165
787,2017-12-30 13:25:00,203.3595327771372,,,2017-12-30 13:40:00,202.8115071737165
788,2017-12-30 19:00:00,211.99559996302062,,,2017-12-30 22:00:00,215.7516285
789,2017-12-30 19:00:00,211.99559996302062,,,2017-12-30 22:00:00,215.7516285
790,2017-12-31 02:40:00,216.015201,,,2017-12-31 02:55:00,218.73507948
791,2017-12-31 02:40:00,216.015201,,,2017-12-31 02:55:00,218.73507948
792,2017-12-31 04:45:00,214.62607200000002,,,2017-12-31 05:30:00,213.88087703977502
793,2017-12-31 04:45:00,214.62607200000002,,,2017-12-31 05:30:00,213.88087703977502
794,2017-12-31 06:35:00,209.20200525381742,,,2017-12-31 07:15:00,208.20939260189652
795,2017-12-31 06:35:00,209.20200525381742,,,2017-12-31 07:15:00,208.20939260189652
796,2017-12-31 08:45:00,210.9334853990128,,,2017-12-31 10:10:00,206.11202497066003
797,2017-12-31 08:45:00,210.9334853990128,,,2017-12-31 10:10:00,206.11202497066003
798,2017-12-31 12:30:00,217.5962002064617,,,2017-12-31 12:35:00,219.28651256718217
799,2017-12-31 12:30:00,217.5962002064617,,,2017-12-31 12:35:00,219.28651256718217
800,2017-12-31 13:50:00,215.5841047217025,,,2017-12-31 16:10:00,225.1573720216706
801,2017-12-31 13:50:00,215.5841047217025,,,2017-12-31 16:10:00,225.1573720216706
802,2017-12-31 17:55:00,230.6494782392473,,,2017-12-31 20:00:00,228.9896685
803,2017-12-31 17:55:00,230.6494782392473,,,2017-12-31 20:00:00,228.9896685
804,2017-12-31 22:05:00,230.02018128,,,2017-12-31 23:45:00,228.19686119999997
805,2017-12-31 22:05:00,230.02018128,,,2017-12-31 23:45:00,228.19686119999997
806,2018-01-01 00:45:00,223.05478650245112,,,2018-01-01 01:15:00,221.96510001193184
807,2018-01-01 00:45:00,223.05478650245112,,,2018-01-01 01:15:00,221.96510001193184
808,2018-01-01 02:00:00,217.847905977688,,,2018-01-01 02:45:00,217.31107334489815
809,2018-01-01 02:00:00,217.847905977688,,,2018-01-01 02:45:00,217.31107334489815
810,2018-01-01 04:25:00,223.24600878095748,,,2018-01-01 04:40:00,224.5270044554902
811,2018-01-01 04:25:00,223.24600878095748,,,2018-01-01 04:40:00,224.5270044554902
812,2018-01-01 05:45:00,224.88054418547057,,,2018-01-01 06:25:00,231.1541242435059
813,2018-01-01 05:45:00,224.88054418547057,,,2018-01-01 06:25:00,231.1541242435059
814,2018-01-01 11:55:00,224.5277657995009,,,2018-01-01 12:10:00,224.657619777268
815,2018-01-01 11:55:00,224.5277657995009,,,2018-01-01 12:10:00,224.657619777268
816,2018-01-01 14:30:00,217.72395673678002,,,2018-01-01 14:45:00,219.59300309972042
817,2018-01-01 14:30:00,217.72395673678002,,,2018-01-01 14:45:00,219.59300309972042
818,2018-01-01 16:50:00,221.6731900027056,,,2018-01-01 17:25:00,221.89700000000002
819,2018-01-01 16:50:00,221.6731900027056,,,2018-01-01 17:25:00,221.89700000000002
820,2018-01-01 19:35:00,220.13682301150448,,,2018-01-01 20:05:00,222.27933240000002
821,2018-01-01 19:35:00,220.13682301150448,,,2018-01-01 20:05:00,222.27933240000002
822,2018-01-01 22:45:00,227.33483573679283,,,2018-01-02 00:10:00,225.5975591989988
823,2018-01-01 22:45:00,227.33483573679283,,,2018-01-02 00:10:00,225.5975591989988
824,2018-01-02 05:05:00,236.09128640319557,,,2018-01-02 05:25:00,236.19428948617798
825,2018-01-02 05:05:00,236.09128640319557,,,2018-01-02 05:25:00,236.19428948617798
826,2018-01-02 07:50:00,240.27688245382083,,,2018-01-02 10:45:00,243.7036639596424
827,2018-01-02 07:50:00,240.27688245382083,,,2018-01-02 10:45:00,243.7036639596424
828,2018-01-02 12:00:00,241.79601503946603,,,2018-01-02 12:25:00,244.61864100054
829,2018-01-02 12:00:00,241.79601503946603,,,2018-01-02 12:25:00,244.61864100054
830,2018-01-02 15:35:00,252.096065826048,,,2018-01-02 16:10:00,254.482758520848
831,2018-01-02 15:35:00,252.096065826048,,,2018-01-02 16:10:00,254.482758520848
832,2018-01-02 21:05:00,250.52201922150604,,,2018-01-02 21:45:00,252.8737072306223
833,2018-01-02 21:05:00,250.52201922150604,,,2018-01-02 21:45:00,252.8737072306223
834,2018-01-02 22:55:00,250.73520278371484,,,2018-01-03 00:00:00,250.30063985922072
835,2018-01-02 22:55:00,250.73520278371484,,,2018-01-03 00:00:00,250.30063985922072
836,2018-01-03 04:20:00,250.8689065016656,,,2018-01-03 04:40:00,250.59691439999997
837,2018-01-03 04:20:00,250.8689065016656,,,2018-01-03 04:40:00,250.59691439999997
838,2018-01-03 06:30:00,252.23144099034363,,,2018-01-03 06:45:00,255.4244599156864
839,2018-01-03 06:30:00,252.23144099034363,,,2018-01-03 06:45:00,255.4244599156864
840,2018-01-03 08:40:00,251.24797171234798,,,2018-01-03 10:50:00,243.04072520347896
841,2018-01-03 08:40:00,251.24797171234798,,,2018-01-03 10:50:00,243.04072520347896
842,2018-01-03 13:15:00,244.7984001047122,,,2018-01-03 13:40:00,246.472063110441
843,2018-01-03 13:15:00,244.7984001047122,,,2018-01-03 13:40:00,246.472063110441
844,2018-01-03 15:30:00,246.4215992103635,,,2018-01-03 16:05:00,248.5366099995071
845,2018-01-03 15:30:00,246.4215992103635,,,2018-01-03 16:05:00,248.5366099995071
846,2018-01-03 17:30:00,245.91850499836602,,,2018-01-03 18:45:00,242.3331636336114
847,2018-01-03 17:30:00,245.91850499836602,,,2018-01-03 18:45:00,242.3331636336114
