0,2017-11-01 09:45:00,301.3902119069285,,,2017-11-01 11:30:00,296.46251189458513
1,2017-11-01 09:45:00,301.3902119069285,,,2017-11-01 11:30:00,296.46251189458513
2,2017-11-01 15:30:00,298.48396134700005,,,2017-11-01 16:50:00,296.24322405345305
3,2017-11-01 15:30:00,298.48396134700005,,,2017-11-01 16:50:00,296.24322405345305
4,2017-11-01 20:35:00,295.95713010086956,,,2017-11-01 21:00:00,296.9828676657111
5,2017-11-01 20:35:00,295.95713010086956,,,2017-11-01 21:00:00,296.9828676657111
6,2017-11-01 21:50:00,294.76410337227384,,,2017-11-02 00:10:00,289.6858734
7,2017-11-01 21:50:00,294.76410337227384,,,2017-11-02 00:10:00,289.6858734
8,2017-11-02 01:35:00,280.024149,,,2017-11-02 02:00:00,287.66070024381736
9,2017-11-02 01:35:00,280.024149,,,2017-11-02 02:00:00,287.66070024381736
10,2017-11-02 05:20:00,283.93426874958703,,,2017-11-02 06:20:00,283.2440960226431
11,2017-11-02 05:20:00,283.93426874958703,,,2017-11-02 06:20:00,283.2440960226431
12,2017-11-02 07:15:00,280.54281762,,,2017-11-02 07:50:00,281.6790327
13,2017-11-02 07:15:00,280.54281762,,,2017-11-02 07:50:00,281.6790327
14,2017-11-02 09:20:00,277.7388,,,2017-11-02 09:45:00,279.5568695
15,2017-11-02 09:20:00,277.7388,,,2017-11-02 09:45:00,279.5568695
16,2017-11-02 10:50:00,277.46339932,,,2017-11-02 11:30:00,280.72674421532076
17,2017-11-02 10:50:00,277.46339932,,,2017-11-02 11:30:00,280.72674421532076
18,2017-11-02 13:05:00,283.5193311127492,,,2017-11-02 14:20:00,281.09053
19,2017-11-02 13:05:00,283.5193311127492,,,2017-11-02 14:20:00,281.09053
20,2017-11-02 15:45:00,285.8073920708146,,,2017-11-02 17:05:00,285.0241824304688
21,2017-11-02 15:45:00,285.8073920708146,,,2017-11-02 17:05:00,285.0241824304688
22,2017-11-02 21:25:00,286.0800073711262,,,2017-11-02 22:35:00,284.31147
23,2017-11-02 21:25:00,286.0800073711262,,,2017-11-02 22:35:00,284.31147
24,2017-11-03 02:40:00,288.02521074343997,,,2017-11-03 04:15:00,288.06660225
25,2017-11-03 02:40:00,288.02521074343997,,,2017-11-03 04:15:00,288.06660225
26,2017-11-03 05:55:00,288.6513557237164,,,2017-11-03 07:30:00,290.03338639359043
27,2017-11-03 05:55:00,288.6513557237164,,,2017-11-03 07:30:00,290.03338639359043
28,2017-11-03 09:10:00,291.06779040000004,,,2017-11-03 10:20:00,292.1079567285451
29,2017-11-03 09:10:00,291.06779040000004,,,2017-11-03 10:20:00,292.1079567285451
30,2017-11-03 12:35:00,296.90160000000003,,,2017-11-03 14:10:00,297.5882127469197
31,2017-11-03 12:35:00,296.90160000000003,,,2017-11-03 14:10:00,297.5882127469197
32,2017-11-03 14:50:00,297.14015444807075,,,2017-11-03 15:20:00,298.89
33,2017-11-03 14:50:00,297.14015444807075,,,2017-11-03 15:20:00,298.89
34,2017-11-03 16:30:00,300.10716202795135,,,2017-11-03 17:55:00,296.93235599999997
35,2017-11-03 16:30:00,300.10716202795135,,,2017-11-03 17:55:00,296.93235599999997
36,2017-11-03 23:05:00,305.13529690452987,,,2017-11-03 23:35:00,304.3353749589261
37,2017-11-03 23:05:00,305.13529690452987,,,2017-11-03 23:35:00,304.3353749589261
38,2017-11-04 01:25:00,294.555931080096,,,2017-11-04 01:55:00,292.7140713160827
39,2017-11-04 01:25:00,294.555931080096,,,2017-11-04 01:55:00,292.7140713160827
40,2017-11-04 05:50:00,297.27812066234804,,,2017-11-04 06:40:00,298.43156030927315
41,2017-11-04 05:50:00,297.27812066234804,,,2017-11-04 06:40:00,298.43156030927315
42,2017-11-04 07:30:00,297.72106208,,,2017-11-04 09:20:00,299.79560772736454
43,2017-11-04 07:30:00,297.72106208,,,2017-11-04 09:20:00,299.79560772736454
44,2017-11-04 11:35:00,300.1563757285037,,,2017-11-04 12:30:00,301.2143360248693
45,2017-11-04 11:35:00,300.1563757285037,,,2017-11-04 12:30:00,301.2143360248693
46,2017-11-04 13:55:00,298.56774240982656,,,2017-11-04 14:30:00,301.03467236490206
47,2017-11-04 13:55:00,298.56774240982656,,,2017-11-04 14:30:00,301.03467236490206
48,2017-11-04 16:45:00,297.58194879919137,,,2017-11-04 17:15:00,298.00699564756565
49,2017-11-04 16:45:00,297.58194879919137,,,2017-11-04 17:15:00,298.00699564756565
50,2017-11-04 19:10:00,298.31196000486045,,,2017-11-04 21:10:00,296.2248012752119
51,2017-11-04 19:10:00,298.31196000486045,,,2017-11-04 21:10:00,296.2248012752119
52,2017-11-04 21:35:00,295.9538292277737,,,2017-11-04 22:05:00,296.69289000844935
53,2017-11-04 21:35:00,295.9538292277737,,,2017-11-04 22:05:00,296.69289000844935
54,2017-11-05 01:00:00,299.0577685708141,,,2017-11-05 02:50:00,299.46716084552986
55,2017-11-05 01:00:00,299.0577685708141,,,2017-11-05 02:50:00,299.46716084552986
56,2017-11-05 04:45:00,298.74665953564477,,,2017-11-05 05:35:00,298.7763723412184
57,2017-11-05 04:45:00,298.74665953564477,,,2017-11-05 05:35:00,298.7763723412184
58,2017-11-05 07:10:00,299.7736734587804,,,2017-11-05 08:20:00,298.6363215205124
59,2017-11-05 07:10:00,299.7736734587804,,,2017-11-05 08:20:00,298.6363215205124
60,2017-11-05 12:00:00,297.03829999015124,,,2017-11-05 12:25:00,297.335604967623
61,2017-11-05 12:00:00,297.03829999015124,,,2017-11-05 12:25:00,297.335604967623
62,2017-11-05 13:35:00,296.8027863,,,2017-11-05 14:25:00,297.7852
63,2017-11-05 13:35:00,296.8027863,,,2017-11-05 14:25:00,297.7852
64,2017-11-05 15:35:00,295.4340120812448,,,2017-11-05 16:40:00,296.60992676646003
65,2017-11-05 15:35:00,295.4340120812448,,,2017-11-05 16:40:00,296.60992676646003
66,2017-11-05 17:50:00,295.67076119960655,,,2017-11-05 19:20:00,295.19224049921803
67,2017-11-05 17:50:00,295.67076119960655,,,2017-11-05 19:20:00,295.19224049921803
68,2017-11-05 22:40:00,295.41219435684974,,,2017-11-05 23:25:00,294.7691532004027
69,2017-11-05 22:40:00,295.41219435684974,,,2017-11-05 23:25:00,294.7691532004027
70,2017-11-06 00:45:00,294.162441,,,2017-11-06 01:35:00,294.6104915591981
71,2017-11-06 00:45:00,294.162441,,,2017-11-06 01:35:00,294.6104915591981
72,2017-11-06 03:55:00,293.65451991,,,2017-11-06 04:45:00,292.3237767381782
73,2017-11-06 03:55:00,293.65451991,,,2017-11-06 04:45:00,292.3237767381782
74,2017-11-06 07:20:00,293.06528996864324,,,2017-11-06 08:05:00,294.1261145720799
75,2017-11-06 07:20:00,293.06528996864324,,,2017-11-06 08:05:00,294.1261145720799
76,2017-11-06 09:45:00,295.9862129004049,,,2017-11-06 10:40:00,299.93785458089997
77,2017-11-06 09:45:00,295.9862129004049,,,2017-11-06 10:40:00,299.93785458089997
78,2017-11-06 14:30:00,299.5922181952524,,,2017-11-06 15:00:00,298.70072500000003
79,2017-11-06 14:30:00,299.5922181952524,,,2017-11-06 15:00:00,298.70072500000003
80,2017-11-06 16:50:00,299.57756928,,,2017-11-06 18:40:00,299.86640232
81,2017-11-06 16:50:00,299.57756928,,,2017-11-06 18:40:00,299.86640232
82,2017-11-06 21:00:00,299.3051412004212,,,2017-11-06 22:00:00,299.01161458800004
83,2017-11-06 21:00:00,299.3051412004212,,,2017-11-06 22:00:00,299.01161458800004
84,2017-11-06 23:05:00,296.66393290663,,,2017-11-07 00:35:00,294.6063532599309
85,2017-11-06 23:05:00,296.66393290663,,,2017-11-07 00:35:00,294.6063532599309
86,2017-11-07 02:25:00,299.88725999999997,,,2017-11-07 04:50:00,298.367334559549
87,2017-11-07 02:25:00,299.88725999999997,,,2017-11-07 04:50:00,298.367334559549
88,2017-11-07 06:25:00,296.4391400066728,,,2017-11-07 06:45:00,297.52517943694147
89,2017-11-07 06:25:00,296.4391400066728,,,2017-11-07 06:45:00,297.52517943694147
90,2017-11-07 08:25:00,298.98283531681506,,,2017-11-07 09:05:00,300.0860798364978
91,2017-11-07 08:25:00,298.98283531681506,,,2017-11-07 09:05:00,300.0860798364978
92,2017-11-07 09:45:00,300.2078025397,,,2017-11-07 10:55:00,300.200614966831
93,2017-11-07 09:45:00,300.2078025397,,,2017-11-07 10:55:00,300.200614966831
94,2017-11-07 13:30:00,291.2395122,,,2017-11-07 14:05:00,290.4522779975192
95,2017-11-07 13:30:00,291.2395122,,,2017-11-07 14:05:00,290.4522779975192
96,2017-11-07 19:05:00,290.80528402791464,,,2017-11-07 21:05:00,290.24036821425676
97,2017-11-07 19:05:00,290.80528402791464,,,2017-11-07 21:05:00,290.24036821425676
98,2017-11-07 22:55:00,292.0336719217106,,,2017-11-08 00:35:00,291.88544042139887
99,2017-11-07 22:55:00,292.0336719217106,,,2017-11-08 00:35:00,291.88544042139887
100,2017-11-08 02:30:00,293.32153341140446,,,2017-11-08 03:25:00,294.08982347555065
101,2017-11-08 02:30:00,293.32153341140446,,,2017-11-08 03:25:00,294.08982347555065
102,2017-11-08 04:05:00,294.395822,,,2017-11-08 04:45:00,296.10932
103,2017-11-08 04:05:00,294.395822,,,2017-11-08 04:45:00,296.10932
104,2017-11-08 05:25:00,295.56084798846643,,,2017-11-08 06:15:00,297.1139617911842
105,2017-11-08 05:25:00,295.56084798846643,,,2017-11-08 06:15:00,297.1139617911842
106,2017-11-08 07:25:00,295.6464837465648,,,2017-11-08 08:15:00,295.6919734048342
107,2017-11-08 07:25:00,295.6464837465648,,,2017-11-08 08:15:00,295.6919734048342
108,2017-11-08 10:05:00,298.07534949999996,,,2017-11-08 12:15:00,299.6471102034472
109,2017-11-08 10:05:00,298.07534949999996,,,2017-11-08 12:15:00,299.6471102034472
110,2017-11-08 12:55:00,298.2598966156418,,,2017-11-08 13:35:00,298.289116110112
111,2017-11-08 12:55:00,298.2598966156418,,,2017-11-08 13:35:00,298.289116110112
112,2017-11-08 16:25:00,298.44701362040183,,,2017-11-08 17:05:00,298.7165008827437
113,2017-11-08 16:25:00,298.44701362040183,,,2017-11-08 17:05:00,298.7165008827437
114,2017-11-08 19:30:00,310.66789999957587,,,2017-11-08 20:00:00,317.0463993
115,2017-11-08 19:30:00,310.66789999957587,,,2017-11-08 20:00:00,317.0463993
116,2017-11-08 21:20:00,306.4935310930504,,,2017-11-08 22:15:00,305.54221842593034
117,2017-11-08 21:20:00,306.4935310930504,,,2017-11-08 22:15:00,305.54221842593034
118,2017-11-09 02:20:00,311.3124,,,2017-11-09 04:35:00,309.5928885141774
119,2017-11-09 02:20:00,311.3124,,,2017-11-09 04:35:00,309.5928885141774
120,2017-11-09 06:30:00,313.0133021520039,,,2017-11-09 07:40:00,314.01008158
121,2017-11-09 06:30:00,313.0133021520039,,,2017-11-09 07:40:00,314.01008158
122,2017-11-09 09:25:00,312.1676576495643,,,2017-11-09 10:05:00,312.94771640076686
123,2017-11-09 09:25:00,312.1676576495643,,,2017-11-09 10:05:00,312.94771640076686
124,2017-11-09 11:30:00,312.0449290013185,,,2017-11-09 11:55:00,315.0589569135265
125,2017-11-09 11:30:00,312.0449290013185,,,2017-11-09 11:55:00,315.0589569135265
126,2017-11-09 13:40:00,316.5672229,,,2017-11-09 14:15:00,322.73442912406125
127,2017-11-09 13:40:00,316.5672229,,,2017-11-09 14:15:00,322.73442912406125
128,2017-11-09 16:30:00,326.3337,,,2017-11-09 17:35:00,326.64144128600003
129,2017-11-09 16:30:00,326.3337,,,2017-11-09 17:35:00,326.64144128600003
130,2017-11-09 19:40:00,324.520414816122,,,2017-11-09 20:20:00,325.41699689717206
131,2017-11-09 19:40:00,324.520414816122,,,2017-11-09 20:20:00,325.41699689717206
132,2017-11-09 21:25:00,322.4185373408511,,,2017-11-09 22:50:00,315.430947183804
133,2017-11-09 21:25:00,322.4185373408511,,,2017-11-09 22:50:00,315.430947183804
134,2017-11-10 03:00:00,316.63610736264366,,,2017-11-10 03:45:00,318.33590011700966
135,2017-11-10 03:00:00,316.63610736264366,,,2017-11-10 03:45:00,318.33590011700966
136,2017-11-10 05:05:00,318.7592275,,,2017-11-10 06:25:00,317.1989358
137,2017-11-10 05:05:00,318.7592275,,,2017-11-10 06:25:00,317.1989358
138,2017-11-10 08:15:00,315.24685197016,,,2017-11-10 09:00:00,316.7729444259467
139,2017-11-10 08:15:00,315.24685197016,,,2017-11-10 09:00:00,316.7729444259467
140,2017-11-10 12:15:00,311.5153025854481,,,2017-11-10 13:40:00,304.25665000000004
141,2017-11-10 12:15:00,311.5153025854481,,,2017-11-10 13:40:00,304.25665000000004
142,2017-11-10 15:30:00,302.58931993166567,,,2017-11-10 16:05:00,304.05937549334175
143,2017-11-10 15:30:00,302.58931993166567,,,2017-11-10 16:05:00,304.05937549334175
144,2017-11-10 17:45:00,300.0941732928782,,,2017-11-10 19:10:00,293.1485661008895
145,2017-11-10 17:45:00,300.0941732928782,,,2017-11-10 19:10:00,293.1485661008895
146,2017-11-10 23:30:00,299.0720541514021,,,2017-11-11 00:40:00,297.05192112301063
147,2017-11-10 23:30:00,299.0720541514021,,,2017-11-11 00:40:00,297.05192112301063
148,2017-11-11 02:05:00,299.29580606138705,,,2017-11-11 03:35:00,300.1696985191047
149,2017-11-11 02:05:00,299.29580606138705,,,2017-11-11 03:35:00,300.1696985191047
150,2017-11-11 05:55:00,296.9863508631601,,,2017-11-11 06:25:00,298.6320765865227
151,2017-11-11 05:55:00,296.9863508631601,,,2017-11-11 06:25:00,298.6320765865227
152,2017-11-11 08:05:00,300.89280845087995,,,2017-11-11 08:35:00,301.3099765431062
153,2017-11-11 08:05:00,300.89280845087995,,,2017-11-11 08:35:00,301.3099765431062
154,2017-11-11 11:25:00,299.57464871313084,,,2017-11-11 12:35:00,297.3156481220666
155,2017-11-11 11:25:00,299.57464871313084,,,2017-11-11 12:35:00,297.3156481220666
156,2017-11-11 15:10:00,301.1088880776268,,,2017-11-11 16:15:00,302.42729241012
157,2017-11-11 15:10:00,301.1088880776268,,,2017-11-11 16:15:00,302.42729241012
158,2017-11-11 19:00:00,314.6612301015312,,,2017-11-12 01:20:00,310.4484805845896
159,2017-11-11 19:00:00,314.6612301015312,,,2017-11-12 01:20:00,310.4484805845896
160,2017-11-12 02:20:00,308.3658573560024,,,2017-11-12 04:00:00,307.5326675753276
161,2017-11-12 02:20:00,308.3658573560024,,,2017-11-12 04:00:00,307.5326675753276
162,2017-11-12 06:30:00,298.7865405197563,,,2017-11-12 07:10:00,307.4790058
163,2017-11-12 06:30:00,298.7865405197563,,,2017-11-12 07:10:00,307.4790058
164,2017-11-12 08:25:00,303.35256040776665,,,2017-11-12 09:55:00,300.9051039178033
165,2017-11-12 08:25:00,303.35256040776665,,,2017-11-12 09:55:00,300.9051039178033
166,2017-11-12 12:10:00,301.89308850290513,,,2017-11-12 13:50:00,302.60924698527435
167,2017-11-12 12:10:00,301.89308850290513,,,2017-11-12 13:50:00,302.60924698527435
168,2017-11-12 14:45:00,299.6779701940661,,,2017-11-12 15:10:00,305.8544217707451
169,2017-11-12 14:45:00,299.6779701940661,,,2017-11-12 15:10:00,305.8544217707451
170,2017-11-12 19:50:00,309.49047947691486,,,2017-11-12 20:25:00,311.5437170693931
171,2017-11-12 19:50:00,309.49047947691486,,,2017-11-12 20:25:00,311.5437170693931
172,2017-11-12 22:45:00,303.90790662,,,2017-11-12 23:05:00,305.20666308601
173,2017-11-12 22:45:00,303.90790662,,,2017-11-12 23:05:00,305.20666308601
174,2017-11-13 02:10:00,313.2102433629306,,,2017-11-13 05:20:00,311.00849999850004
175,2017-11-13 02:10:00,313.2102433629306,,,2017-11-13 05:20:00,311.00849999850004
176,2017-11-13 09:30:00,315.28909594499385,,,2017-11-13 11:05:00,313.6604237616399
177,2017-11-13 09:30:00,315.28909594499385,,,2017-11-13 11:05:00,313.6604237616399
178,2017-11-13 12:25:00,313.27933220597134,,,2017-11-13 14:15:00,312.42323488735
179,2017-11-13 12:25:00,313.27933220597134,,,2017-11-13 14:15:00,312.42323488735
180,2017-11-13 17:00:00,308.75120974610365,,,2017-11-13 17:30:00,309.506360407633
181,2017-11-13 17:00:00,308.75120974610365,,,2017-11-13 17:30:00,309.506360407633
182,2017-11-13 20:25:00,310.8892249596916,,,2017-11-13 21:15:00,311.759710276452
183,2017-11-13 20:25:00,310.8892249596916,,,2017-11-13 21:15:00,311.759710276452
184,2017-11-14 01:20:00,316.6386330878886,,,2017-11-14 02:40:00,316.091395236
185,2017-11-14 01:20:00,316.6386330878886,,,2017-11-14 02:40:00,316.091395236
186,2017-11-14 04:15:00,317.01909712488924,,,2017-11-14 05:25:00,317.6371890411257
187,2017-11-14 04:15:00,317.01909712488924,,,2017-11-14 05:25:00,317.6371890411257
188,2017-11-14 09:30:00,327.70964883748394,,,2017-11-14 12:40:00,324.80455160530823
189,2017-11-14 09:30:00,327.70964883748394,,,2017-11-14 12:40:00,324.80455160530823
190,2017-11-14 16:15:00,326.73915600697075,,,2017-11-14 19:15:00,325.87757999999997
191,2017-11-14 16:15:00,326.73915600697075,,,2017-11-14 19:15:00,325.87757999999997
192,2017-11-14 21:15:00,330.7578779979954,,,2017-11-14 21:55:00,333.3721090687507
193,2017-11-14 21:15:00,330.7578779979954,,,2017-11-14 21:55:00,333.3721090687507
194,2017-11-14 23:25:00,331.0337008726142,,,2017-11-14 23:55:00,333.645339665086
195,2017-11-14 23:25:00,331.0337008726142,,,2017-11-14 23:55:00,333.645339665086
196,2017-11-15 01:30:00,333.10027364753074,,,2017-11-15 02:35:00,330.507468570964
197,2017-11-15 01:30:00,333.10027364753074,,,2017-11-15 02:35:00,330.507468570964
198,2017-11-15 06:20:00,336.71687985540626,,,2017-11-15 10:30:00,334.57839931236276
199,2017-11-15 06:20:00,336.71687985540626,,,2017-11-15 10:30:00,334.57839931236276
200,2017-11-15 12:25:00,332.82252452672094,,,2017-11-15 13:50:00,330.951296146347
201,2017-11-15 12:25:00,332.82252452672094,,,2017-11-15 13:50:00,330.951296146347
202,2017-11-15 16:00:00,326.16172259638637,,,2017-11-15 16:25:00,327.70322499816905
203,2017-11-15 16:00:00,326.16172259638637,,,2017-11-15 16:25:00,327.70322499816905
204,2017-11-15 18:30:00,331.38281704,,,2017-11-15 20:15:00,328.407881827536
205,2017-11-15 18:30:00,331.38281704,,,2017-11-15 20:15:00,328.407881827536
206,2017-11-15 22:05:00,327.8339626183278,,,2017-11-15 23:25:00,329.076216
207,2017-11-15 22:05:00,327.8339626183278,,,2017-11-15 23:25:00,329.076216
208,2017-11-16 01:05:00,329.7793711479247,,,2017-11-16 02:05:00,329.2025098
209,2017-11-16 01:05:00,329.7793711479247,,,2017-11-16 02:05:00,329.2025098
210,2017-11-16 03:10:00,326.988268378133,,,2017-11-16 03:50:00,328.076548338095
211,2017-11-16 03:10:00,326.988268378133,,,2017-11-16 03:50:00,328.076548338095
212,2017-11-16 05:30:00,328.5233680054815,,,2017-11-16 06:00:00,328.258641999545
213,2017-11-16 05:30:00,328.5233680054815,,,2017-11-16 06:00:00,328.258641999545
214,2017-11-16 06:35:00,328.8092658,,,2017-11-16 08:55:00,323.7761254901595
215,2017-11-16 06:35:00,328.8092658,,,2017-11-16 08:55:00,323.7761254901595
216,2017-11-16 10:40:00,323.398490212834,,,2017-11-16 11:30:00,324.8735525973811
217,2017-11-16 10:40:00,323.398490212834,,,2017-11-16 11:30:00,324.8735525973811
218,2017-11-16 13:15:00,329.42863314103596,,,2017-11-16 14:45:00,328.748231756894
219,2017-11-16 13:15:00,329.42863314103596,,,2017-11-16 14:45:00,328.748231756894
220,2017-11-16 17:45:00,333.103232,,,2017-11-16 19:10:00,327.96207528384997
221,2017-11-16 17:45:00,333.103232,,,2017-11-16 19:10:00,327.96207528384997
222,2017-11-16 20:40:00,328.86889469872654,,,2017-11-16 21:55:00,328.55687896752
223,2017-11-16 20:40:00,328.86889469872654,,,2017-11-16 21:55:00,328.55687896752
224,2017-11-16 23:40:00,331.25097047730804,,,2017-11-17 01:45:00,330.300072010438
225,2017-11-16 23:40:00,331.25097047730804,,,2017-11-17 01:45:00,330.300072010438
226,2017-11-17 04:10:00,332.44203447,,,2017-11-17 05:35:00,331.38636624000003
227,2017-11-17 04:10:00,332.44203447,,,2017-11-17 05:35:00,331.38636624000003
228,2017-11-17 07:25:00,327.9569342408424,,,2017-11-17 08:15:00,328.38594878596274
229,2017-11-17 07:25:00,327.9569342408424,,,2017-11-17 08:15:00,328.38594878596274
230,2017-11-17 11:25:00,328.5774500066971,,,2017-11-17 12:15:00,330.857638796641
231,2017-11-17 11:25:00,328.5774500066971,,,2017-11-17 12:15:00,330.857638796641
232,2017-11-17 16:35:00,333.09519839726505,,,2017-11-17 18:00:00,331.37281275
233,2017-11-17 16:35:00,333.09519839726505,,,2017-11-17 18:00:00,331.37281275
234,2017-11-17 20:00:00,332.194902,,,2017-11-17 21:05:00,333.46286999826845
235,2017-11-17 20:00:00,332.194902,,,2017-11-17 21:05:00,333.46286999826845
236,2017-11-17 23:10:00,332.82785602,,,2017-11-18 01:30:00,328.8150414991012
237,2017-11-17 23:10:00,332.82785602,,,2017-11-18 01:30:00,328.8150414991012
238,2017-11-18 05:10:00,328.44939425569214,,,2017-11-18 05:55:00,329.2092133737704
239,2017-11-18 05:10:00,328.44939425569214,,,2017-11-18 05:55:00,329.2092133737704
240,2017-11-18 09:15:00,332.07857423699204,,,2017-11-18 10:45:00,331.63432724999996
241,2017-11-18 09:15:00,332.07857423699204,,,2017-11-18 10:45:00,331.63432724999996
242,2017-11-18 13:35:00,333.81892326,,,2017-11-18 15:05:00,333.80734285998847
243,2017-11-18 13:35:00,333.81892326,,,2017-11-18 15:05:00,333.80734285998847
244,2017-11-18 16:50:00,333.97347048969505,,,2017-11-18 18:30:00,336.0510237
245,2017-11-18 16:50:00,333.97347048969505,,,2017-11-18 18:30:00,336.0510237
246,2017-11-18 20:20:00,336.64324962174,,,2017-11-18 21:05:00,337.8059071066514
247,2017-11-18 20:20:00,336.64324962174,,,2017-11-18 21:05:00,337.8059071066514
248,2017-11-18 22:45:00,346.78346805167075,,,2017-11-19 03:10:00,347.2843282744715
249,2017-11-18 22:45:00,346.78346805167075,,,2017-11-19 03:10:00,347.2843282744715
250,2017-11-19 05:45:00,348.2977951597882,,,2017-11-19 06:10:00,352.0607336093676
251,2017-11-19 05:45:00,348.2977951597882,,,2017-11-19 06:10:00,352.0607336093676
252,2017-11-19 08:25:00,359.81912999244577,,,2017-11-19 09:25:00,363.65968721537223
253,2017-11-19 08:25:00,359.81912999244577,,,2017-11-19 09:25:00,363.65968721537223
254,2017-11-19 10:45:00,358.80442115,,,2017-11-19 11:50:00,359.97378708352693
255,2017-11-19 10:45:00,358.80442115,,,2017-11-19 11:50:00,359.97378708352693
256,2017-11-19 12:55:00,353.50862732999997,,,2017-11-19 13:25:00,356.9750601440478
257,2017-11-19 12:55:00,353.50862732999997,,,2017-11-19 13:25:00,356.9750601440478
258,2017-11-19 15:35:00,357.85606241292595,,,2017-11-19 16:10:00,359.569711137
259,2017-11-19 15:35:00,357.85606241292595,,,2017-11-19 16:10:00,359.569711137
260,2017-11-19 18:30:00,350.46971897608125,,,2017-11-19 18:55:00,352.84847999867884
261,2017-11-19 18:30:00,350.46971897608125,,,2017-11-19 18:55:00,352.84847999867884
262,2017-11-19 20:30:00,349.668211897305,,,2017-11-19 21:00:00,353.18843640175714
263,2017-11-19 20:30:00,349.668211897305,,,2017-11-19 21:00:00,353.18843640175714
264,2017-11-20 00:00:00,355.9853929369605,,,2017-11-20 00:55:00,355.4934392
265,2017-11-20 00:00:00,355.9853929369605,,,2017-11-20 00:55:00,355.4934392
266,2017-11-20 05:00:00,358.36046274329595,,,2017-11-20 06:35:00,358.4497640354492
267,2017-11-20 05:00:00,358.36046274329595,,,2017-11-20 06:35:00,358.4497640354492
268,2017-11-20 11:00:00,358.396635402676,,,2017-11-20 11:45:00,359.559757600445
269,2017-11-20 11:00:00,358.396635402676,,,2017-11-20 11:45:00,359.559757600445
270,2017-11-20 12:25:00,358.60175091485775,,,2017-11-20 13:10:00,358.99468800043786
271,2017-11-20 12:25:00,358.60175091485775,,,2017-11-20 13:10:00,358.99468800043786
272,2017-11-20 15:55:00,362.82913771426047,,,2017-11-20 16:45:00,364.8533810157611
273,2017-11-20 15:55:00,362.82913771426047,,,2017-11-20 16:45:00,364.8533810157611
274,2017-11-20 17:40:00,364.28398195244,,,2017-11-20 18:40:00,365.73748221391133
275,2017-11-20 17:40:00,364.28398195244,,,2017-11-20 18:40:00,365.73748221391133
276,2017-11-20 23:35:00,370.68448818810833,,,2017-11-21 00:40:00,368.70339800089425
277,2017-11-20 23:35:00,370.68448818810833,,,2017-11-21 00:40:00,368.70339800089425
278,2017-11-21 04:00:00,357.44971799999996,,,2017-11-21 04:40:00,354.0434530815586
279,2017-11-21 04:00:00,357.44971799999996,,,2017-11-21 04:40:00,354.0434530815586
280,2017-11-21 07:05:00,359.699724290362,,,2017-11-21 07:50:00,362.82788836721625
281,2017-11-21 07:05:00,359.699724290362,,,2017-11-21 07:50:00,362.82788836721625
282,2017-11-21 09:45:00,361.21245675,,,2017-11-21 10:20:00,364.3675896432716
283,2017-11-21 09:45:00,361.21245675,,,2017-11-21 10:20:00,364.3675896432716
284,2017-11-21 13:20:00,368.3167936,,,2017-11-21 13:55:00,368.0605250187945
285,2017-11-21 13:20:00,368.3167936,,,2017-11-21 13:55:00,368.0605250187945
286,2017-11-21 16:25:00,369.4722965986738,,,2017-11-21 17:30:00,367.85095859911473
287,2017-11-21 16:25:00,369.4722965986738,,,2017-11-21 17:30:00,367.85095859911473
288,2017-11-21 19:05:00,367.94225801703794,,,2017-11-21 20:40:00,365.0051215934337
289,2017-11-21 19:05:00,367.94225801703794,,,2017-11-21 20:40:00,365.0051215934337
290,2017-11-21 22:45:00,360.794909289782,,,2017-11-21 23:20:00,362.2372487131131
291,2017-11-21 22:45:00,360.794909289782,,,2017-11-21 23:20:00,362.2372487131131
292,2017-11-22 01:35:00,361.9775357413333,,,2017-11-22 03:25:00,363.92116123397415
293,2017-11-22 01:35:00,361.9775357413333,,,2017-11-22 03:25:00,363.92116123397415
294,2017-11-22 06:05:00,365.1239634465489,,,2017-11-22 07:25:00,368.0592104044
295,2017-11-22 06:05:00,365.1239634465489,,,2017-11-22 07:25:00,368.0592104044
296,2017-11-22 08:35:00,367.281322721,,,2017-11-22 11:00:00,367.29701305
297,2017-11-22 08:35:00,367.281322721,,,2017-11-22 11:00:00,367.29701305
298,2017-11-22 12:10:00,365.705051393159,,,2017-11-22 12:50:00,366.2903916
299,2017-11-22 12:10:00,365.705051393159,,,2017-11-22 12:50:00,366.2903916
300,2017-11-22 14:15:00,361.37051099955664,,,2017-11-22 14:40:00,363.5701160579531
301,2017-11-22 14:15:00,361.37051099955664,,,2017-11-22 14:40:00,363.5701160579531
302,2017-11-22 16:45:00,365.0921098347035,,,2017-11-22 18:40:00,367.5426674582694
303,2017-11-22 16:45:00,365.0921098347035,,,2017-11-22 18:40:00,367.5426674582694
304,2017-11-22 20:15:00,369.1638404795491,,,2017-11-22 22:05:00,372.24530728
305,2017-11-22 20:15:00,369.1638404795491,,,2017-11-22 22:05:00,372.24530728
306,2017-11-23 00:15:00,383.118492,,,2017-11-23 02:25:00,379.082397013004
307,2017-11-23 00:15:00,383.118492,,,2017-11-23 02:25:00,379.082397013004
308,2017-11-23 03:50:00,377.9749319875484,,,2017-11-23 04:40:00,379.25211617630225
309,2017-11-23 03:50:00,377.9749319875484,,,2017-11-23 04:40:00,379.25211617630225
310,2017-11-23 06:40:00,381.53219650746354,,,2017-11-23 07:40:00,382.27868216
311,2017-11-23 06:40:00,381.53219650746354,,,2017-11-23 07:40:00,382.27868216
312,2017-11-23 08:05:00,380.35697249531,,,2017-11-23 08:45:00,383.4069268686192
313,2017-11-23 08:05:00,380.35697249531,,,2017-11-23 08:45:00,383.4069268686192
314,2017-11-23 11:25:00,398.1775199975457,,,2017-11-23 13:40:00,394.9168395067339
315,2017-11-23 11:25:00,398.1775199975457,,,2017-11-23 13:40:00,394.9168395067339
316,2017-11-23 15:30:00,416.7581184183142,,,2017-11-23 17:05:00,415.3438343061
317,2017-11-23 15:30:00,416.7581184183142,,,2017-11-23 17:05:00,415.3438343061
318,2017-11-23 18:30:00,422.0465271973416,,,2017-11-23 20:15:00,417.32493055
319,2017-11-23 18:30:00,422.0465271973416,,,2017-11-23 20:15:00,417.32493055
320,2017-11-23 21:50:00,416.72881545,,,2017-11-23 22:20:00,422.8288752832882
321,2017-11-23 21:50:00,416.72881545,,,2017-11-23 22:20:00,422.8288752832882
322,2017-11-24 00:00:00,410.111487991808,,,2017-11-24 01:50:00,406.272
323,2017-11-24 00:00:00,410.111487991808,,,2017-11-24 01:50:00,406.272
324,2017-11-24 04:25:00,406.6360848376076,,,2017-11-24 05:05:00,409.88440961694647
325,2017-11-24 04:25:00,406.6360848376076,,,2017-11-24 05:05:00,409.88440961694647
326,2017-11-24 07:05:00,408.4079999994995,,,2017-11-24 07:55:00,407.0715
327,2017-11-24 07:05:00,408.4079999994995,,,2017-11-24 07:55:00,407.0715
328,2017-11-24 08:40:00,403.236000000487,,,2017-11-24 09:30:00,408.62997474462105
329,2017-11-24 08:40:00,403.236000000487,,,2017-11-24 09:30:00,408.62997474462105
330,2017-11-24 11:50:00,416.1585632,,,2017-11-24 12:40:00,425.95587187249566
331,2017-11-24 11:50:00,416.1585632,,,2017-11-24 12:40:00,425.95587187249566
332,2017-11-24 14:45:00,437.8734115205358,,,2017-11-24 15:15:00,445.99093697774737
333,2017-11-24 14:45:00,437.8734115205358,,,2017-11-24 15:15:00,445.99093697774737
334,2017-11-24 16:45:00,453.2228714568711,,,2017-11-24 17:25:00,463.695746201525
335,2017-11-24 16:45:00,453.2228714568711,,,2017-11-24 17:25:00,463.695746201525
336,2017-11-24 18:15:00,459.4310313694406,,,2017-11-24 19:30:00,450.86363383931086
337,2017-11-24 18:15:00,459.4310313694406,,,2017-11-24 19:30:00,450.86363383931086
338,2017-11-24 21:25:00,455.9248377576018,,,2017-11-24 22:25:00,457.1881507368
339,2017-11-24 21:25:00,455.9248377576018,,,2017-11-24 22:25:00,457.1881507368
340,2017-11-25 00:25:00,474.0456994385901,,,2017-11-25 03:05:00,464.95454581195656
341,2017-11-25 00:25:00,474.0456994385901,,,2017-11-25 03:05:00,464.95454581195656
342,2017-11-25 06:15:00,467.27402735,,,2017-11-25 09:00:00,465.869707639378
343,2017-11-25 06:15:00,467.27402735,,,2017-11-25 09:00:00,465.869707639378
344,2017-11-25 12:30:00,467.1376896,,,2017-11-25 13:40:00,470.85897049543513
345,2017-11-25 12:30:00,467.1376896,,,2017-11-25 13:40:00,470.85897049543513
346,2017-11-25 14:50:00,472.36319592599017,,,2017-11-25 18:10:00,465.98164305
347,2017-11-25 14:50:00,472.36319592599017,,,2017-11-25 18:10:00,465.98164305
348,2017-11-25 22:05:00,468.0691955362605,,,2017-11-26 01:15:00,453.90175102
349,2017-11-25 22:05:00,468.0691955362605,,,2017-11-26 01:15:00,453.90175102
350,2017-11-26 03:15:00,457.65111990208,,,2017-11-26 05:20:00,457.2865884499999
351,2017-11-26 03:15:00,457.65111990208,,,2017-11-26 05:20:00,457.2865884499999
352,2017-11-26 06:30:00,449.3115387176,,,2017-11-26 07:25:00,451.9749105
353,2017-11-26 06:30:00,449.3115387176,,,2017-11-26 07:25:00,451.9749105
354,2017-11-26 08:50:00,455.1951102706698,,,2017-11-26 11:05:00,458.2078908028316
355,2017-11-26 08:50:00,455.1951102706698,,,2017-11-26 11:05:00,458.2078908028316
356,2017-11-26 12:25:00,459.791999930475,,,2017-11-26 15:15:00,456.52734715
357,2017-11-26 12:25:00,459.791999930475,,,2017-11-26 15:15:00,456.52734715
358,2017-11-26 15:55:00,454.04326169849406,,,2017-11-26 17:35:00,450.77472625247
359,2017-11-26 15:55:00,454.04326169849406,,,2017-11-26 17:35:00,450.77472625247
360,2017-11-26 19:00:00,446.3934961894339,,,2017-11-26 19:50:00,450.431099984096
361,2017-11-26 19:00:00,446.3934961894339,,,2017-11-26 19:50:00,450.431099984096
362,2017-11-26 23:20:00,462.031654942675,,,2017-11-26 23:55:00,469.65680071221976
363,2017-11-26 23:20:00,462.031654942675,,,2017-11-26 23:55:00,469.65680071221976
364,2017-11-27 01:10:00,469.95070319950736,,,2017-11-27 02:20:00,471.4397655970658
365,2017-11-27 01:10:00,469.95070319950736,,,2017-11-27 02:20:00,471.4397655970658
366,2017-11-27 03:10:00,469.01025,,,2017-11-27 03:40:00,467.8519929750022
367,2017-11-27 03:10:00,469.01025,,,2017-11-27 03:40:00,467.8519929750022
368,2017-11-27 05:45:00,477.04083542752295,,,2017-11-27 10:20:00,468.36850545
369,2017-11-27 05:45:00,477.04083542752295,,,2017-11-27 10:20:00,468.36850545
370,2017-11-27 12:50:00,472.71478175,,,2017-11-27 13:30:00,474.6133211340468
371,2017-11-27 12:50:00,472.71478175,,,2017-11-27 13:30:00,474.6133211340468
372,2017-11-27 15:55:00,477.19141496,,,2017-11-27 17:55:00,470.6862137025217
373,2017-11-27 15:55:00,477.19141496,,,2017-11-27 17:55:00,470.6862137025217
374,2017-11-27 22:10:00,473.27907088,,,2017-11-27 23:05:00,475.310881412955
375,2017-11-27 22:10:00,473.27907088,,,2017-11-27 23:05:00,475.310881412955
376,2017-11-27 23:55:00,473.96555388634494,,,2017-11-28 01:55:00,472.5899757239071
377,2017-11-27 23:55:00,473.96555388634494,,,2017-11-28 01:55:00,472.5899757239071
378,2017-11-28 03:25:00,473.0139920194724,,,2017-11-28 07:05:00,475.32644447576774
379,2017-11-28 03:25:00,473.0139920194724,,,2017-11-28 07:05:00,475.32644447576774
380,2017-11-28 08:15:00,474.5823758714163,,,2017-11-28 09:10:00,473.5411022586306
381,2017-11-28 08:15:00,474.5823758714163,,,2017-11-28 09:10:00,473.5411022586306
382,2017-11-28 10:25:00,470.05041699827535,,,2017-11-28 11:05:00,471.51078218782146
383,2017-11-28 10:25:00,470.05041699827535,,,2017-11-28 11:05:00,471.51078218782146
384,2017-11-28 12:15:00,463.3635213014067,,,2017-11-28 13:20:00,464.60442103587
385,2017-11-28 12:15:00,463.3635213014067,,,2017-11-28 13:20:00,464.60442103587
386,2017-11-28 15:05:00,468.2527199971563,,,2017-11-28 17:40:00,465.9752180386546
387,2017-11-28 15:05:00,468.2527199971563,,,2017-11-28 17:40:00,465.9752180386546
388,2017-11-28 22:40:00,465.3226797,,,2017-11-29 00:00:00,466.08446626
389,2017-11-28 22:40:00,465.3226797,,,2017-11-29 00:00:00,466.08446626
390,2017-11-29 01:45:00,467.07360000000006,,,2017-11-29 02:25:00,474.46483498770687
391,2017-11-29 01:45:00,467.07360000000006,,,2017-11-29 02:25:00,474.46483498770687
392,2017-11-29 03:45:00,470.8461817055217,,,2017-11-29 04:45:00,474.01968546099334
393,2017-11-29 03:45:00,470.8461817055217,,,2017-11-29 04:45:00,474.01968546099334
394,2017-11-29 06:00:00,465.9348747866495,,,2017-11-29 06:35:00,459.067799996878
395,2017-11-29 06:00:00,465.9348747866495,,,2017-11-29 06:35:00,459.067799996878
396,2017-11-29 09:00:00,470.2430885760985,,,2017-11-29 10:50:00,473.8224313621969
397,2017-11-29 09:00:00,470.2430885760985,,,2017-11-29 10:50:00,473.8224313621969
398,2017-11-29 11:55:00,475.2096958657275,,,2017-11-29 12:10:00,480.7072874208109
399,2017-11-29 11:55:00,475.2096958657275,,,2017-11-29 12:10:00,480.7072874208109
400,2017-11-29 14:05:00,506.1965532,,,2017-11-29 16:20:00,484.057446
401,2017-11-29 14:05:00,506.1965532,,,2017-11-29 16:20:00,484.057446
402,2017-11-29 17:55:00,478.337,,,2017-11-29 18:30:00,479.3536549977184
403,2017-11-29 17:55:00,478.337,,,2017-11-29 18:30:00,479.3536549977184
404,2017-11-29 19:50:00,434.25,,,2017-11-29 20:15:00,453.35718251865313
405,2017-11-29 19:50:00,434.25,,,2017-11-29 20:15:00,453.35718251865313
406,2017-11-29 23:00:00,435.9711819582291,,,2017-11-30 00:15:00,431.9849938668303
407,2017-11-29 23:00:00,435.9711819582291,,,2017-11-30 00:15:00,431.9849938668303
408,2017-11-30 02:45:00,445.3639998044163,,,2017-11-30 07:00:00,429.429
409,2017-11-30 02:45:00,445.3639998044163,,,2017-11-30 07:00:00,429.429
410,2017-11-30 09:20:00,443.6724119,,,2017-11-30 11:40:00,425.4065063743022
411,2017-11-30 09:20:00,443.6724119,,,2017-11-30 11:40:00,425.4065063743022
412,2017-11-30 13:55:00,397.6921728147848,,,2017-11-30 14:35:00,397.15576410379214
413,2017-11-30 13:55:00,397.6921728147848,,,2017-11-30 14:35:00,397.15576410379214
414,2017-11-30 16:00:00,400.19875119999995,,,2017-11-30 17:55:00,414.0339460708146
415,2017-11-30 16:00:00,400.19875119999995,,,2017-11-30 17:55:00,414.0339460708146
416,2017-11-30 19:10:00,419.6850026619644,,,2017-11-30 20:00:00,427.0742619850552
417,2017-11-30 19:10:00,419.6850026619644,,,2017-11-30 20:00:00,427.0742619850552
418,2017-11-30 20:50:00,421.51500001464206,,,2017-11-30 21:40:00,427.2602879919889
419,2017-11-30 20:50:00,421.51500001464206,,,2017-11-30 21:40:00,427.2602879919889
420,2017-11-30 23:20:00,439.9184790043948,,,2017-12-01 01:50:00,425.36119208119607
421,2017-11-30 23:20:00,439.9184790043948,,,2017-12-01 01:50:00,425.36119208119607
422,2017-12-01 05:40:00,426.0139302643628,,,2017-12-01 06:40:00,422.1120270047656
423,2017-12-01 05:40:00,426.0139302643628,,,2017-12-01 06:40:00,422.1120270047656
424,2017-12-01 07:25:00,416.4417818,,,2017-12-01 07:45:00,418.8784146515929
425,2017-12-01 07:25:00,416.4417818,,,2017-12-01 07:45:00,418.8784146515929
426,2017-12-01 11:00:00,430.1094458381735,,,2017-12-01 11:35:00,434.4669105
427,2017-12-01 11:00:00,430.1094458381735,,,2017-12-01 11:35:00,434.4669105
428,2017-12-01 14:20:00,452.47663629,,,2017-12-01 15:45:00,447.77383219231655
429,2017-12-01 14:20:00,452.47663629,,,2017-12-01 15:45:00,447.77383219231655
430,2017-12-01 17:35:00,449.5195460000001,,,2017-12-01 18:35:00,451.4575387804307
431,2017-12-01 17:35:00,449.5195460000001,,,2017-12-01 18:35:00,451.4575387804307
432,2017-12-01 21:35:00,459.2442146,,,2017-12-02 00:00:00,454.4417468391588
433,2017-12-01 21:35:00,459.2442146,,,2017-12-02 00:00:00,454.4417468391588
434,2017-12-02 01:50:00,466.3056128367826,,,2017-12-02 05:05:00,455.99991961807297
435,2017-12-02 01:50:00,466.3056128367826,,,2017-12-02 05:05:00,455.99991961807297
436,2017-12-02 07:10:00,461.7997275662223,,,2017-12-02 09:20:00,466.7153203513515
437,2017-12-02 07:10:00,461.7997275662223,,,2017-12-02 09:20:00,466.7153203513515
438,2017-12-02 11:10:00,465.4123614995804,,,2017-12-02 12:20:00,459.0202542101207
439,2017-12-02 11:10:00,465.4123614995804,,,2017-12-02 12:20:00,459.0202542101207
440,2017-12-02 14:40:00,451.18884352602026,,,2017-12-02 15:15:00,457.3248737374824
441,2017-12-02 14:40:00,451.18884352602026,,,2017-12-02 15:15:00,457.3248737374824
442,2017-12-02 19:15:00,459.59105163885295,,,2017-12-02 21:05:00,458.5768903102321
443,2017-12-02 19:15:00,459.59105163885295,,,2017-12-02 21:05:00,458.5768903102321
444,2017-12-02 22:50:00,458.4269469182431,,,2017-12-03 00:20:00,459.24467536
445,2017-12-02 22:50:00,458.4269469182431,,,2017-12-03 00:20:00,459.24467536
446,2017-12-03 01:25:00,454.34347795560103,,,2017-12-03 02:05:00,456.3934748878463
447,2017-12-03 01:25:00,454.34347795560103,,,2017-12-03 02:05:00,456.3934748878463
448,2017-12-03 03:20:00,454.9762322081014,,,2017-12-03 04:10:00,455.68943680165927
449,2017-12-03 03:20:00,454.9762322081014,,,2017-12-03 04:10:00,455.68943680165927
450,2017-12-03 05:50:00,460.52608188,,,2017-12-03 06:30:00,465.42043203860135
451,2017-12-03 05:50:00,460.52608188,,,2017-12-03 06:30:00,465.42043203860135
452,2017-12-03 07:35:00,466.1220237643105,,,2017-12-03 09:35:00,466.22331487664104
453,2017-12-03 07:35:00,466.1220237643105,,,2017-12-03 09:35:00,466.22331487664104
454,2017-12-03 10:10:00,464.16533499061967,,,2017-12-03 10:45:00,464.20763805417647
455,2017-12-03 10:10:00,464.16533499061967,,,2017-12-03 10:45:00,464.20763805417647
456,2017-12-03 12:50:00,478.3048015269724,,,2017-12-03 15:00:00,478.5052397045789
457,2017-12-03 12:50:00,478.3048015269724,,,2017-12-03 15:00:00,478.5052397045789
458,2017-12-03 17:10:00,476.9321577,,,2017-12-03 17:35:00,479.14884929620257
459,2017-12-03 17:10:00,476.9321577,,,2017-12-03 17:35:00,479.14884929620257
460,2017-12-03 21:15:00,467.29290101,,,2017-12-03 22:25:00,454.3923011711859
461,2017-12-03 21:15:00,467.29290101,,,2017-12-03 22:25:00,454.3923011711859
462,2017-12-04 02:40:00,457.615661737047,,,2017-12-04 03:10:00,459.9018560869714
463,2017-12-04 02:40:00,457.615661737047,,,2017-12-04 03:10:00,459.9018560869714
464,2017-12-04 05:40:00,462.4738499926965,,,2017-12-04 07:25:00,466.1598425
465,2017-12-04 05:40:00,462.4738499926965,,,2017-12-04 07:25:00,466.1598425
466,2017-12-04 09:00:00,469.1929576509076,,,2017-12-04 11:05:00,460.6808099348654
467,2017-12-04 09:00:00,469.1929576509076,,,2017-12-04 11:05:00,460.6808099348654
468,2017-12-04 12:20:00,456.8821025975568,,,2017-12-04 12:45:00,455.4435957714959
469,2017-12-04 12:20:00,456.8821025975568,,,2017-12-04 12:45:00,455.4435957714959
470,2017-12-04 13:30:00,450.7693695204932,,,2017-12-04 13:50:00,458.2164375
471,2017-12-04 13:30:00,450.7693695204932,,,2017-12-04 13:50:00,458.2164375
472,2017-12-04 15:35:00,459.5934370487793,,,2017-12-04 17:05:00,458.6183374
473,2017-12-04 15:35:00,459.5934370487793,,,2017-12-04 17:05:00,458.6183374
474,2017-12-04 18:35:00,451.60666978317954,,,2017-12-04 19:10:00,451.37898726935583
475,2017-12-04 18:35:00,451.60666978317954,,,2017-12-04 19:10:00,451.37898726935583
476,2017-12-04 21:25:00,461.313387953491,,,2017-12-04 23:30:00,462.6545535724153
477,2017-12-04 21:25:00,461.313387953491,,,2017-12-04 23:30:00,462.6545535724153
478,2017-12-05 00:55:00,464.6533908004019,,,2017-12-05 02:15:00,463.79923709154446
479,2017-12-05 00:55:00,464.6533908004019,,,2017-12-05 02:15:00,463.79923709154446
480,2017-12-05 04:40:00,460.57619512,,,2017-12-05 05:15:00,460.1682332051511
481,2017-12-05 04:40:00,460.57619512,,,2017-12-05 05:15:00,460.1682332051511
482,2017-12-05 09:40:00,463.9556538388739,,,2017-12-05 10:55:00,459.4832739286439
483,2017-12-05 09:40:00,463.9556538388739,,,2017-12-05 10:55:00,459.4832739286439
484,2017-12-05 12:45:00,455.90999999727,,,2017-12-05 13:25:00,457.64836852655
485,2017-12-05 12:45:00,455.90999999727,,,2017-12-05 13:25:00,457.64836852655
486,2017-12-05 16:25:00,454.95485846,,,2017-12-05 17:20:00,453.53427621235414
487,2017-12-05 16:25:00,454.95485846,,,2017-12-05 17:20:00,453.53427621235414
488,2017-12-05 20:05:00,456.64628279999994,,,2017-12-05 20:45:00,457.5337199984425
489,2017-12-05 20:05:00,456.64628279999994,,,2017-12-05 20:45:00,457.5337199984425
490,2017-12-05 23:05:00,455.48100002184,,,2017-12-06 01:30:00,451.3832213996174
491,2017-12-05 23:05:00,455.48100002184,,,2017-12-06 01:30:00,451.3832213996174
492,2017-12-06 03:10:00,439.91297938918586,,,2017-12-06 03:40:00,444.00778254
493,2017-12-06 03:10:00,439.91297938918586,,,2017-12-06 03:40:00,444.00778254
494,2017-12-06 08:00:00,443.87839231056535,,,2017-12-06 09:10:00,446.4193009049853
495,2017-12-06 08:00:00,443.87839231056535,,,2017-12-06 09:10:00,446.4193009049853
496,2017-12-06 10:20:00,440.6067321686058,,,2017-12-06 11:55:00,437.78205396740265
497,2017-12-06 10:20:00,440.6067321686058,,,2017-12-06 11:55:00,437.78205396740265
498,2017-12-06 13:25:00,437.2769627161805,,,2017-12-06 14:05:00,440.28843997093577
499,2017-12-06 13:25:00,437.2769627161805,,,2017-12-06 14:05:00,440.28843997093577
500,2017-12-06 16:00:00,422.707200001032,,,2017-12-06 16:30:00,429.1798756
501,2017-12-06 16:00:00,422.707200001032,,,2017-12-06 16:30:00,429.1798756
502,2017-12-06 18:10:00,432.5920222986256,,,2017-12-06 20:55:00,420.625411
503,2017-12-06 18:10:00,432.5920222986256,,,2017-12-06 20:55:00,420.625411
504,2017-12-06 23:00:00,403.1284077947293,,,2017-12-06 23:30:00,415.06879081677425
505,2017-12-06 23:00:00,403.1284077947293,,,2017-12-06 23:30:00,415.06879081677425
506,2017-12-07 00:40:00,406.0047000105227,,,2017-12-07 01:20:00,412.3830645908985
507,2017-12-07 00:40:00,406.0047000105227,,,2017-12-07 01:20:00,412.3830645908985
508,2017-12-07 04:10:00,424.143750210928,,,2017-12-07 06:05:00,422.21233946790346
509,2017-12-07 04:10:00,424.143750210928,,,2017-12-07 06:05:00,422.21233946790346
510,2017-12-07 07:15:00,416.542500001485,,,2017-12-07 08:00:00,418.428567359115
511,2017-12-07 07:15:00,416.542500001485,,,2017-12-07 08:00:00,418.428567359115
512,2017-12-07 09:15:00,409.08608268913866,,,2017-12-07 11:10:00,399.57596200304704
513,2017-12-07 09:15:00,409.08608268913866,,,2017-12-07 11:10:00,399.57596200304704
514,2017-12-07 14:35:00,409.2175189489173,,,2017-12-07 15:00:00,414.3547725
515,2017-12-07 14:35:00,409.2175189489173,,,2017-12-07 15:00:00,414.3547725
516,2017-12-07 16:00:00,400.22174679801054,,,2017-12-07 17:05:00,399.81064565626
517,2017-12-07 16:00:00,400.22174679801054,,,2017-12-07 17:05:00,399.81064565626
518,2017-12-07 18:50:00,408.0856747015577,,,2017-12-07 19:45:00,413.3474088772722
519,2017-12-07 18:50:00,408.0856747015577,,,2017-12-07 19:45:00,413.3474088772722
520,2017-12-07 21:55:00,413.39912042026,,,2017-12-07 23:25:00,412.7918645225519
521,2017-12-07 21:55:00,413.39912042026,,,2017-12-07 23:25:00,412.7918645225519
522,2017-12-08 01:05:00,403.413333205808,,,2017-12-08 01:35:00,410.44637305
523,2017-12-08 01:05:00,403.413333205808,,,2017-12-08 01:35:00,410.44637305
524,2017-12-08 02:40:00,407.9152452747502,,,2017-12-08 03:20:00,416.16538857257245
525,2017-12-08 02:40:00,407.9152452747502,,,2017-12-08 03:20:00,416.16538857257245
526,2017-12-08 04:45:00,413.928302,,,2017-12-08 05:50:00,412.7871101288848
527,2017-12-08 04:45:00,413.928302,,,2017-12-08 05:50:00,412.7871101288848
528,2017-12-08 09:35:00,421.59065511585254,,,2017-12-08 11:05:00,438.6144780309012
529,2017-12-08 09:35:00,421.59065511585254,,,2017-12-08 11:05:00,438.6144780309012
530,2017-12-08 12:20:00,440.98354687820057,,,2017-12-08 13:40:00,441.9847518413999
531,2017-12-08 12:20:00,440.98354687820057,,,2017-12-08 13:40:00,441.9847518413999
532,2017-12-08 15:00:00,428.069861,,,2017-12-08 15:40:00,434.9947413809145
533,2017-12-08 15:00:00,428.069861,,,2017-12-08 15:40:00,434.9947413809145
534,2017-12-08 17:55:00,448.086448,,,2017-12-08 21:10:00,443.4976459264
535,2017-12-08 17:55:00,448.086448,,,2017-12-08 21:10:00,443.4976459264
536,2017-12-09 02:35:00,452.36995999620353,,,2017-12-09 03:20:00,460.495000000295
537,2017-12-09 02:35:00,452.36995999620353,,,2017-12-09 03:20:00,460.495000000295
538,2017-12-09 04:00:00,458.8261424285472,,,2017-12-09 05:15:00,461.33811208800006
539,2017-12-09 04:00:00,458.8261424285472,,,2017-12-09 05:15:00,461.33811208800006
540,2017-12-09 06:45:00,472.11479385,,,2017-12-09 08:00:00,472.49214876650944
541,2017-12-09 06:45:00,472.11479385,,,2017-12-09 08:00:00,472.49214876650944
542,2017-12-09 11:10:00,462.4163214598292,,,2017-12-09 11:40:00,463.25894680187423
543,2017-12-09 11:10:00,462.4163214598292,,,2017-12-09 11:40:00,463.25894680187423
544,2017-12-09 13:40:00,465.7663246506203,,,2017-12-09 14:55:00,465.2772999971533
545,2017-12-09 13:40:00,465.7663246506203,,,2017-12-09 14:55:00,465.2772999971533
546,2017-12-09 17:20:00,463.48664,,,2017-12-09 18:25:00,452.63490780224
547,2017-12-09 17:20:00,463.48664,,,2017-12-09 18:25:00,452.63490780224
548,2017-12-09 21:20:00,456.29361859969407,,,2017-12-09 22:10:00,463.0207574716809
549,2017-12-09 21:20:00,456.29361859969407,,,2017-12-09 22:10:00,463.0207574716809
550,2017-12-09 23:05:00,461.8444280003163,,,2017-12-10 01:45:00,441.476473897072
551,2017-12-09 23:05:00,461.8444280003163,,,2017-12-10 01:45:00,441.476473897072
552,2017-12-10 03:20:00,434.7481196015202,,,2017-12-10 04:35:00,419.21555
553,2017-12-10 03:20:00,434.7481196015202,,,2017-12-10 04:35:00,419.21555
554,2017-12-10 07:45:00,427.2114255870887,,,2017-12-10 08:55:00,427.726887718799
555,2017-12-10 07:45:00,427.2114255870887,,,2017-12-10 08:55:00,427.726887718799
556,2017-12-10 11:20:00,432.10063469999994,,,2017-12-10 12:35:00,431.63053919905343
557,2017-12-10 11:20:00,432.10063469999994,,,2017-12-10 12:35:00,431.63053919905343
558,2017-12-10 15:05:00,438.9546800008898,,,2017-12-10 15:55:00,445.060000002601
559,2017-12-10 15:05:00,438.9546800008898,,,2017-12-10 15:55:00,445.060000002601
560,2017-12-10 17:05:00,442.934999983788,,,2017-12-10 17:35:00,450.6681137982956
561,2017-12-10 17:05:00,442.934999983788,,,2017-12-10 17:35:00,450.6681137982956
562,2017-12-10 18:45:00,448.643496086064,,,2017-12-10 22:25:00,432.596452
563,2017-12-10 18:45:00,448.643496086064,,,2017-12-10 22:25:00,432.596452
564,2017-12-11 02:00:00,445.6887112818523,,,2017-12-11 03:10:00,448.54084086
565,2017-12-11 02:00:00,445.6887112818523,,,2017-12-11 03:10:00,448.54084086
566,2017-12-11 04:25:00,450.1009973796978,,,2017-12-11 06:15:00,459.8069671989
567,2017-12-11 04:25:00,450.1009973796978,,,2017-12-11 06:15:00,459.8069671989
568,2017-12-11 07:25:00,461.92187998908,,,2017-12-11 09:40:00,459.05031773859946
569,2017-12-11 07:25:00,461.92187998908,,,2017-12-11 09:40:00,459.05031773859946
570,2017-12-11 11:15:00,457.3280875025577,,,2017-12-11 12:15:00,457.574252
571,2017-12-11 11:15:00,457.3280875025577,,,2017-12-11 12:15:00,457.574252
572,2017-12-11 15:15:00,463.2280213649683,,,2017-12-11 15:55:00,465.6064992
573,2017-12-11 15:15:00,463.2280213649683,,,2017-12-11 15:55:00,465.6064992
574,2017-12-11 19:20:00,467.4853061794319,,,2017-12-11 20:40:00,468.4026001489072
575,2017-12-11 19:20:00,467.4853061794319,,,2017-12-11 20:40:00,468.4026001489072
576,2017-12-11 22:40:00,469.7235564,,,2017-12-11 23:10:00,475.22442375562144
577,2017-12-11 22:40:00,469.7235564,,,2017-12-11 23:10:00,475.22442375562144
578,2017-12-12 00:45:00,504.1517757624319,,,2017-12-12 02:50:00,516.970985333176
579,2017-12-12 00:45:00,504.1517757624319,,,2017-12-12 02:50:00,516.970985333176
580,2017-12-12 05:10:00,525.6689850039419,,,2017-12-12 07:00:00,518.3089400022043
581,2017-12-12 05:10:00,525.6689850039419,,,2017-12-12 07:00:00,518.3089400022043
582,2017-12-12 09:45:00,516.3010924335108,,,2017-12-12 10:15:00,517.6920762898816
583,2017-12-12 09:45:00,516.3010924335108,,,2017-12-12 10:15:00,517.6920762898816
584,2017-12-12 12:15:00,524.3149535178426,,,2017-12-12 12:45:00,548.1755229956678
585,2017-12-12 12:15:00,524.3149535178426,,,2017-12-12 12:45:00,548.1755229956678
586,2017-12-12 14:00:00,559.0818205,,,2017-12-12 14:40:00,591.2539683603608
587,2017-12-12 14:00:00,559.0818205,,,2017-12-12 14:40:00,591.2539683603608
588,2017-12-12 16:15:00,608.9207225032525,,,2017-12-12 18:45:00,576.4486824035
589,2017-12-12 16:15:00,608.9207225032525,,,2017-12-12 18:45:00,576.4486824035
590,2017-12-12 20:35:00,588.4923328,,,2017-12-12 22:55:00,579.9907988288005
591,2017-12-12 20:35:00,588.4923328,,,2017-12-12 22:55:00,579.9907988288005
592,2017-12-13 00:40:00,618.8189400356438,,,2017-12-13 02:10:00,608.2835218200076
593,2017-12-13 00:40:00,618.8189400356438,,,2017-12-13 02:10:00,608.2835218200076
594,2017-12-13 03:00:00,592.2234269952447,,,2017-12-13 03:35:00,600.3951861772562
595,2017-12-13 03:00:00,592.2234269952447,,,2017-12-13 03:35:00,600.3951861772562
596,2017-12-13 07:45:00,616.022823518005,,,2017-12-13 08:40:00,628.7730583013212
597,2017-12-13 07:45:00,616.022823518005,,,2017-12-13 08:40:00,628.7730583013212
598,2017-12-13 11:35:00,633.88608341652,,,2017-12-13 12:25:00,656.383212238843
599,2017-12-13 11:35:00,633.88608341652,,,2017-12-13 12:25:00,656.383212238843
600,2017-12-13 13:25:00,653.1982037312,,,2017-12-13 14:15:00,669.2863999995905
601,2017-12-13 13:25:00,653.1982037312,,,2017-12-13 14:15:00,669.2863999995905
602,2017-12-13 15:55:00,680.9603208901927,,,2017-12-13 16:55:00,681.5222854
603,2017-12-13 15:55:00,680.9603208901927,,,2017-12-13 16:55:00,681.5222854
604,2017-12-13 18:50:00,644.27871070008,,,2017-12-13 19:15:00,652.758654659649
605,2017-12-13 18:50:00,644.27871070008,,,2017-12-13 19:15:00,652.758654659649
606,2017-12-13 21:00:00,655.5637667699999,,,2017-12-13 21:35:00,657.3892592496723
607,2017-12-13 21:00:00,655.5637667699999,,,2017-12-13 21:35:00,657.3892592496723
608,2017-12-13 23:15:00,682.3190158676832,,,2017-12-14 00:45:00,698.289068640612
609,2017-12-13 23:15:00,682.3190158676832,,,2017-12-14 00:45:00,698.289068640612
610,2017-12-14 02:05:00,713.6990419999056,,,2017-12-14 03:30:00,710.3829474788247
611,2017-12-14 02:05:00,713.6990419999056,,,2017-12-14 03:30:00,710.3829474788247
612,2017-12-14 05:50:00,695.2481445829754,,,2017-12-14 06:30:00,707.8462248
613,2017-12-14 05:50:00,695.2481445829754,,,2017-12-14 06:30:00,707.8462248
614,2017-12-14 08:45:00,697.1143788055899,,,2017-12-14 09:00:00,702.455899998268
615,2017-12-14 08:45:00,697.1143788055899,,,2017-12-14 09:00:00,702.455899998268
616,2017-12-14 11:15:00,711.454742708338,,,2017-12-14 12:30:00,712.2871372920205
617,2017-12-14 11:15:00,711.454742708338,,,2017-12-14 12:30:00,712.2871372920205
618,2017-12-14 13:30:00,694.2455000142969,,,2017-12-14 15:30:00,667.6227352553678
619,2017-12-14 13:30:00,694.2455000142969,,,2017-12-14 15:30:00,667.6227352553678
620,2017-12-14 17:05:00,668.0598528028654,,,2017-12-14 19:20:00,669.27605
621,2017-12-14 17:05:00,668.0598528028654,,,2017-12-14 19:20:00,669.27605
622,2017-12-14 21:40:00,673.809499997522,,,2017-12-14 22:15:00,687.3506092845779
623,2017-12-14 21:40:00,673.809499997522,,,2017-12-14 22:15:00,687.3506092845779
624,2017-12-15 01:00:00,669.1820794813343,,,2017-12-15 03:10:00,644.4093290379723
625,2017-12-15 01:00:00,669.1820794813343,,,2017-12-15 03:10:00,644.4093290379723
626,2017-12-15 05:35:00,650.231036000378,,,2017-12-15 06:15:00,662.7749183999999
627,2017-12-15 05:35:00,650.231036000378,,,2017-12-15 06:15:00,662.7749183999999
628,2017-12-15 07:25:00,655.8575106000001,,,2017-12-15 08:20:00,666.3680773600535
629,2017-12-15 07:25:00,655.8575106000001,,,2017-12-15 08:20:00,666.3680773600535
630,2017-12-15 09:25:00,654.79083999624,,,2017-12-15 10:45:00,648.61797209489
631,2017-12-15 09:25:00,654.79083999624,,,2017-12-15 10:45:00,648.61797209489
632,2017-12-15 12:20:00,647.085179,,,2017-12-15 13:05:00,654.5860245376665
633,2017-12-15 12:20:00,647.085179,,,2017-12-15 13:05:00,654.5860245376665
634,2017-12-15 14:55:00,675.5920981391104,,,2017-12-15 15:30:00,687.1764374561706
635,2017-12-15 14:55:00,675.5920981391104,,,2017-12-15 15:30:00,687.1764374561706
636,2017-12-15 16:30:00,682.1034062423154,,,2017-12-15 19:35:00,680.9408835857679
637,2017-12-15 16:30:00,682.1034062423154,,,2017-12-15 19:35:00,680.9408835857679
638,2017-12-15 21:30:00,687.8371524740141,,,2017-12-15 23:05:00,677.4960499988387
639,2017-12-15 21:30:00,687.8371524740141,,,2017-12-15 23:05:00,677.4960499988387
640,2017-12-16 03:15:00,699.220392,,,2017-12-16 04:30:00,691.9952000011856
641,2017-12-16 03:15:00,699.220392,,,2017-12-16 04:30:00,691.9952000011856
642,2017-12-16 06:55:00,681.2191770262401,,,2017-12-16 07:40:00,678.6701241283571
643,2017-12-16 06:55:00,681.2191770262401,,,2017-12-16 07:40:00,678.6701241283571
644,2017-12-16 09:35:00,688.898134723092,,,2017-12-16 11:05:00,696.1347620745471
645,2017-12-16 09:35:00,688.898134723092,,,2017-12-16 11:05:00,696.1347620745471
646,2017-12-16 13:50:00,690.5414112,,,2017-12-16 14:40:00,685.2363434843088
647,2017-12-16 13:50:00,690.5414112,,,2017-12-16 14:40:00,685.2363434843088
648,2017-12-16 16:10:00,679.4227846279434,,,2017-12-16 16:25:00,685.1910366
649,2017-12-16 16:10:00,679.4227846279434,,,2017-12-16 16:25:00,685.1910366
650,2017-12-16 18:45:00,682.7840211486799,,,2017-12-16 20:10:00,679.396284
651,2017-12-16 18:45:00,682.7840211486799,,,2017-12-16 20:10:00,679.396284
652,2017-12-16 22:35:00,681.9280799954361,,,2017-12-16 23:25:00,685.5787160789454
653,2017-12-16 22:35:00,681.9280799954361,,,2017-12-16 23:25:00,685.5787160789454
654,2017-12-17 01:30:00,708.9545923782031,,,2017-12-17 03:00:00,706.6225312
655,2017-12-17 01:30:00,708.9545923782031,,,2017-12-17 03:00:00,706.6225312
656,2017-12-17 05:05:00,717.1787371653492,,,2017-12-17 07:55:00,713.9423472142349
657,2017-12-17 05:05:00,717.1787371653492,,,2017-12-17 07:55:00,713.9423472142349
658,2017-12-17 09:30:00,712.879688103292,,,2017-12-17 10:05:00,714.9664349981751
659,2017-12-17 09:30:00,712.879688103292,,,2017-12-17 10:05:00,714.9664349981751
660,2017-12-17 11:25:00,715.7309756403628,,,2017-12-17 13:30:00,708.4559281767689
661,2017-12-17 11:25:00,715.7309756403628,,,2017-12-17 13:30:00,708.4559281767689
662,2017-12-17 15:15:00,708.27851073,,,2017-12-17 15:45:00,710.975966405168
663,2017-12-17 15:15:00,708.27851073,,,2017-12-17 15:45:00,710.975966405168
664,2017-12-17 16:55:00,704.8176149999999,,,2017-12-17 17:40:00,706.768953298894
665,2017-12-17 16:55:00,704.8176149999999,,,2017-12-17 17:40:00,706.768953298894
666,2017-12-17 20:00:00,717.2782022014998,,,2017-12-17 21:20:00,720.4414801633241
667,2017-12-17 20:00:00,717.2782022014998,,,2017-12-17 21:20:00,720.4414801633241
668,2017-12-17 22:55:00,718.0228469189639,,,2017-12-18 00:05:00,711.8141399935843
669,2017-12-17 22:55:00,718.0228469189639,,,2017-12-18 00:05:00,711.8141399935843
670,2017-12-18 01:15:00,683.4185604015037,,,2017-12-18 01:50:00,687.6580149876231
671,2017-12-18 01:15:00,683.4185604015037,,,2017-12-18 01:50:00,687.6580149876231
672,2017-12-18 05:30:00,706.1235936120067,,,2017-12-18 06:05:00,706.9809464249001
673,2017-12-18 05:30:00,706.1235936120067,,,2017-12-18 06:05:00,706.9809464249001
674,2017-12-18 07:10:00,702.8996639955135,,,2017-12-18 08:15:00,703.3619961554919
675,2017-12-18 07:10:00,702.8996639955135,,,2017-12-18 08:15:00,703.3619961554919
676,2017-12-18 12:45:00,727.24645125,,,2017-12-18 14:45:00,720.2190002798259
677,2017-12-18 12:45:00,727.24645125,,,2017-12-18 14:45:00,720.2190002798259
678,2017-12-18 16:25:00,729.5385621175272,,,2017-12-18 18:35:00,746.71520000203
679,2017-12-18 16:25:00,729.5385621175272,,,2017-12-18 18:35:00,746.71520000203
680,2017-12-18 20:05:00,778.7607519983343,,,2017-12-18 21:50:00,788.4710680423
681,2017-12-18 20:05:00,778.7607519983343,,,2017-12-18 21:50:00,788.4710680423
682,2017-12-18 23:25:00,790.0198109920581,,,2017-12-19 00:00:00,782.7418194461757
683,2017-12-18 23:25:00,790.0198109920581,,,2017-12-19 00:00:00,782.7418194461757
684,2017-12-19 00:45:00,774.617952081366,,,2017-12-19 01:10:00,785.5474322004804
685,2017-12-19 00:45:00,774.617952081366,,,2017-12-19 01:10:00,785.5474322004804
686,2017-12-19 03:45:00,808.1896325934368,,,2017-12-19 04:25:00,820.1887946925874
687,2017-12-19 03:45:00,808.1896325934368,,,2017-12-19 04:25:00,820.1887946925874
688,2017-12-19 05:30:00,813.7280981893088,,,2017-12-19 06:00:00,833.7964799862361
689,2017-12-19 05:30:00,813.7280981893088,,,2017-12-19 06:00:00,833.7964799862361
690,2017-12-19 07:55:00,834.3620622506081,,,2017-12-19 08:35:00,847.5190191783151
691,2017-12-19 07:55:00,834.3620622506081,,,2017-12-19 08:35:00,847.5190191783151
692,2017-12-19 10:30:00,825.6116089453643,,,2017-12-19 11:30:00,812.4989786586458
693,2017-12-19 10:30:00,825.6116089453643,,,2017-12-19 11:30:00,812.4989786586458
694,2017-12-19 14:20:00,832.6417750004678,,,2017-12-19 15:55:00,813.359087427744
695,2017-12-19 14:20:00,832.6417750004678,,,2017-12-19 15:55:00,813.359087427744
696,2017-12-19 18:20:00,821.19055584636,,,2017-12-19 18:55:00,829.8383828750001
697,2017-12-19 18:20:00,821.19055584636,,,2017-12-19 18:55:00,829.8383828750001
698,2017-12-19 19:50:00,820.9300821,,,2017-12-19 22:15:00,789.15725
699,2017-12-19 19:50:00,820.9300821,,,2017-12-19 22:15:00,789.15725
700,2017-12-20 00:50:00,731.90708397,,,2017-12-20 01:35:00,732.9605849999999
701,2017-12-20 00:50:00,731.90708397,,,2017-12-20 01:35:00,732.9605849999999
702,2017-12-20 03:20:00,770.1750456377947,,,2017-12-20 05:05:00,771.3000151485965
703,2017-12-20 03:20:00,770.1750456377947,,,2017-12-20 05:05:00,771.3000151485965
704,2017-12-20 06:35:00,753.2717632816808,,,2017-12-20 07:15:00,759.5155484999999
705,2017-12-20 06:35:00,753.2717632816808,,,2017-12-20 07:15:00,759.5155484999999
706,2017-12-20 10:05:00,794.0280085553673,,,2017-12-20 10:45:00,814.388289463832
707,2017-12-20 10:05:00,794.0280085553673,,,2017-12-20 10:45:00,814.388289463832
708,2017-12-20 11:40:00,809.1566999986042,,,2017-12-20 12:20:00,822.5028000014099
709,2017-12-20 11:40:00,809.1566999986042,,,2017-12-20 12:20:00,822.5028000014099
710,2017-12-20 14:00:00,807.99322137,,,2017-12-20 14:45:00,803.622458196268
711,2017-12-20 14:00:00,807.99322137,,,2017-12-20 14:45:00,803.622458196268
712,2017-12-20 16:20:00,787.550160958596,,,2017-12-20 17:00:00,794.81890096
713,2017-12-20 16:20:00,787.550160958596,,,2017-12-20 17:00:00,794.81890096
714,2017-12-20 18:30:00,801.9793947329798,,,2017-12-20 19:50:00,804.3898654
715,2017-12-20 18:30:00,801.9793947329798,,,2017-12-20 19:50:00,804.3898654
716,2017-12-20 21:50:00,788.6020603980625,,,2017-12-20 22:35:00,781.5323743847549
717,2017-12-20 21:50:00,788.6020603980625,,,2017-12-20 22:35:00,781.5323743847549
718,2017-12-21 00:55:00,801.9049054023559,,,2017-12-21 02:10:00,802.0319880880764
719,2017-12-21 00:55:00,801.9049054023559,,,2017-12-21 02:10:00,802.0319880880764
720,2017-12-21 05:50:00,838.4650599925557,,,2017-12-21 06:55:00,840.052671589674
721,2017-12-21 05:50:00,838.4650599925557,,,2017-12-21 06:55:00,840.052671589674
722,2017-12-21 07:55:00,835.3957000287958,,,2017-12-21 09:00:00,831.5999999901
723,2017-12-21 07:55:00,835.3957000287958,,,2017-12-21 09:00:00,831.5999999901
724,2017-12-21 10:30:00,825.7754024076017,,,2017-12-21 11:10:00,830.8356659960081
725,2017-12-21 10:30:00,825.7754024076017,,,2017-12-21 11:10:00,830.8356659960081
726,2017-12-21 14:05:00,805.999504,,,2017-12-21 14:35:00,812.35007568
727,2017-12-21 14:05:00,805.999504,,,2017-12-21 14:35:00,812.35007568
728,2017-12-21 15:25:00,775.9163735682299,,,2017-12-21 16:20:00,764.6830315503523
729,2017-12-21 15:25:00,775.9163735682299,,,2017-12-21 16:20:00,764.6830315503523
730,2017-12-21 17:55:00,763.047849199494,,,2017-12-21 20:15:00,759.4646367
731,2017-12-21 17:55:00,763.047849199494,,,2017-12-21 20:15:00,759.4646367
732,2017-12-21 23:25:00,772.2880943285029,,,2017-12-22 00:20:00,777.2774206827836
733,2017-12-21 23:25:00,772.2880943285029,,,2017-12-22 00:20:00,777.2774206827836
734,2017-12-22 01:20:00,761.6012074664134,,,2017-12-22 02:35:00,726.1896735289704
735,2017-12-22 01:20:00,761.6012074664134,,,2017-12-22 02:35:00,726.1896735289704
736,2017-12-22 03:30:00,677.7716645367709,,,2017-12-22 04:05:00,708.7572449912017
737,2017-12-22 03:30:00,677.7716645367709,,,2017-12-22 04:05:00,708.7572449912017
738,2017-12-22 06:10:00,672.5129124990218,,,2017-12-22 08:00:00,616.9427886221282
739,2017-12-22 06:10:00,672.5129124990218,,,2017-12-22 08:00:00,616.9427886221282
740,2017-12-22 11:40:00,645.050000006305,,,2017-12-22 12:30:00,654.1175169247606
741,2017-12-22 11:40:00,645.050000006305,,,2017-12-22 12:30:00,654.1175169247606
742,2017-12-22 13:40:00,589.0998901778672,,,2017-12-22 14:40:00,556.6151438543899
743,2017-12-22 13:40:00,589.0998901778672,,,2017-12-22 14:40:00,556.6151438543899
744,2017-12-22 16:30:00,586.3670455881103,,,2017-12-22 19:00:00,646.2175066636918
745,2017-12-22 16:30:00,586.3670455881103,,,2017-12-22 19:00:00,646.2175066636918
746,2017-12-22 19:55:00,633.689295,,,2017-12-22 20:40:00,663.08461055
747,2017-12-22 19:55:00,633.689295,,,2017-12-22 20:40:00,663.08461055
748,2017-12-22 22:05:00,664.7588784904773,,,2017-12-22 22:50:00,672.3819399
749,2017-12-22 22:05:00,664.7588784904773,,,2017-12-22 22:50:00,672.3819399
750,2017-12-22 23:55:00,632.2822413533784,,,2017-12-23 00:25:00,660.7486386096
751,2017-12-22 23:55:00,632.2822413533784,,,2017-12-23 00:25:00,660.7486386096
752,2017-12-23 03:20:00,682.3238576068379,,,2017-12-23 04:00:00,701.6153337482573
753,2017-12-23 03:20:00,682.3238576068379,,,2017-12-23 04:00:00,701.6153337482573
754,2017-12-23 05:05:00,678.5640000224481,,,2017-12-23 06:40:00,648.1011859086748
755,2017-12-23 05:05:00,678.5640000224481,,,2017-12-23 06:40:00,648.1011859086748
756,2017-12-23 09:20:00,670.282146,,,2017-12-23 10:05:00,681.8036162877335
757,2017-12-23 09:20:00,670.282146,,,2017-12-23 10:05:00,681.8036162877335
758,2017-12-23 13:00:00,697.2895206,,,2017-12-23 14:05:00,704.5466555702142
759,2017-12-23 13:00:00,697.2895206,,,2017-12-23 14:05:00,704.5466555702142
760,2017-12-23 16:05:00,688.6638486437865,,,2017-12-23 16:45:00,695.806108268519
761,2017-12-23 16:05:00,688.6638486437865,,,2017-12-23 16:45:00,695.806108268519
762,2017-12-23 18:00:00,686.51628162506,,,2017-12-23 20:10:00,700.69742
763,2017-12-23 18:00:00,686.51628162506,,,2017-12-23 20:10:00,700.69742
764,2017-12-23 21:45:00,709.244310478326,,,2017-12-24 00:40:00,664.4604902699507
765,2017-12-23 21:45:00,709.244310478326,,,2017-12-24 00:40:00,664.4604902699507
766,2017-12-24 02:15:00,635.85039,,,2017-12-24 03:15:00,627.0744832
767,2017-12-24 02:15:00,635.85039,,,2017-12-24 03:15:00,627.0744832
768,2017-12-24 04:50:00,629.3875673289474,,,2017-12-24 05:45:00,640.1898688185609
769,2017-12-24 04:50:00,629.3875673289474,,,2017-12-24 05:45:00,640.1898688185609
770,2017-12-24 08:15:00,633.350264999522,,,2017-12-24 08:50:00,648.6215639747866
771,2017-12-24 08:15:00,633.350264999522,,,2017-12-24 08:50:00,648.6215639747866
772,2017-12-24 10:25:00,605.6565376414477,,,2017-12-24 10:55:00,610.3833923430915
773,2017-12-24 10:25:00,605.6565376414477,,,2017-12-24 10:55:00,610.3833923430915
774,2017-12-24 16:00:00,610.7751719995152,,,2017-12-24 16:20:00,621.3463477632886
775,2017-12-24 16:00:00,610.7751719995152,,,2017-12-24 16:20:00,621.3463477632886
776,2017-12-24 17:45:00,617.1031194868494,,,2017-12-24 18:50:00,607.7510730448793
777,2017-12-24 17:45:00,617.1031194868494,,,2017-12-24 18:50:00,607.7510730448793
778,2017-12-24 21:35:00,621.5487386257159,,,2017-12-24 22:45:00,635.5326688
779,2017-12-24 21:35:00,621.5487386257159,,,2017-12-24 22:45:00,635.5326688
780,2017-12-25 01:20:00,670.2752206474706,,,2017-12-25 02:00:00,693.8770671408728
781,2017-12-25 01:20:00,670.2752206474706,,,2017-12-25 02:00:00,693.8770671408728
782,2017-12-25 03:00:00,683.7347399973755,,,2017-12-25 04:30:00,694.7573609703305
783,2017-12-25 03:00:00,683.7347399973755,,,2017-12-25 04:30:00,694.7573609703305
784,2017-12-25 07:10:00,699.7613448368514,,,2017-12-25 08:25:00,695.143735846478
785,2017-12-25 07:10:00,699.7613448368514,,,2017-12-25 08:25:00,695.143735846478
786,2017-12-25 10:00:00,712.70240665104,,,2017-12-25 11:30:00,719.0076
787,2017-12-25 10:00:00,712.70240665104,,,2017-12-25 11:30:00,719.0076
788,2017-12-25 14:10:00,695.3652609575361,,,2017-12-25 14:55:00,683.9560000052
789,2017-12-25 14:10:00,695.3652609575361,,,2017-12-25 14:55:00,683.9560000052
790,2017-12-25 17:30:00,702.5516867180658,,,2017-12-25 18:10:00,712.5727570020805
791,2017-12-25 17:30:00,702.5516867180658,,,2017-12-25 18:10:00,712.5727570020805
792,2017-12-25 21:25:00,714.3239585856597,,,2017-12-25 23:05:00,717.2831698977593
793,2017-12-25 21:25:00,714.3239585856597,,,2017-12-25 23:05:00,717.2831698977593
794,2017-12-26 01:35:00,715.9267905380324,,,2017-12-26 02:10:00,721.0264548005291
795,2017-12-26 01:35:00,715.9267905380324,,,2017-12-26 02:10:00,721.0264548005291
796,2017-12-26 04:55:00,734.394496970658,,,2017-12-26 05:55:00,727.947
797,2017-12-26 04:55:00,734.394496970658,,,2017-12-26 05:55:00,727.947
798,2017-12-26 07:25:00,740.738447058631,,,2017-12-26 08:10:00,747.9818640089045
799,2017-12-26 07:25:00,740.738447058631,,,2017-12-26 08:10:00,747.9818640089045
800,2017-12-26 09:10:00,741.5935186838038,,,2017-12-26 09:55:00,749.1083249999999
801,2017-12-26 09:10:00,741.5935186838038,,,2017-12-26 09:55:00,749.1083249999999
802,2017-12-26 11:30:00,738.6063417309498,,,2017-12-26 12:30:00,731.3819100083502
803,2017-12-26 11:30:00,738.6063417309498,,,2017-12-26 12:30:00,731.3819100083502
804,2017-12-26 15:25:00,742.3439475399265,,,2017-12-26 16:00:00,746.560189866924
805,2017-12-26 15:25:00,742.3439475399265,,,2017-12-26 16:00:00,746.560189866924
806,2017-12-26 17:10:00,739.93375,,,2017-12-26 18:15:00,741.3602093085736
807,2017-12-26 17:10:00,739.93375,,,2017-12-26 18:15:00,741.3602093085736
808,2017-12-26 19:55:00,743.1946494,,,2017-12-26 21:55:00,741.6250100032829
809,2017-12-26 19:55:00,743.1946494,,,2017-12-26 21:55:00,741.6250100032829
810,2017-12-26 22:45:00,741.470722437643,,,2017-12-26 23:10:00,742.231126999054
811,2017-12-26 22:45:00,741.470722437643,,,2017-12-26 23:10:00,742.231126999054
812,2017-12-27 01:55:00,757.4097646713025,,,2017-12-27 03:15:00,751.8068774952266
813,2017-12-27 01:55:00,757.4097646713025,,,2017-12-27 03:15:00,751.8068774952266
814,2017-12-27 05:20:00,762.536803580796,,,2017-12-27 08:50:00,764.04182926
815,2017-12-27 05:20:00,762.536803580796,,,2017-12-27 08:50:00,764.04182926
816,2017-12-27 10:00:00,753.5545401666897,,,2017-12-27 11:10:00,743.5901000042845
817,2017-12-27 10:00:00,753.5545401666897,,,2017-12-27 11:10:00,743.5901000042845
818,2017-12-27 12:55:00,755.249793198574,,,2017-12-27 14:05:00,751.9221567
819,2017-12-27 12:55:00,755.249793198574,,,2017-12-27 14:05:00,751.9221567
820,2017-12-27 15:10:00,730.295848798551,,,2017-12-27 15:45:00,736.5947832968242
821,2017-12-27 15:10:00,730.295848798551,,,2017-12-27 15:45:00,736.5947832968242
822,2017-12-27 17:10:00,713.3314650009705,,,2017-12-27 17:40:00,719.6367952115136
823,2017-12-27 17:10:00,713.3314650009705,,,2017-12-27 17:40:00,719.6367952115136
824,2017-12-27 19:05:00,733.637051545614,,,2017-12-27 21:10:00,729.9582373324259
825,2017-12-27 19:05:00,733.637051545614,,,2017-12-27 21:10:00,729.9582373324259
826,2017-12-28 00:55:00,731.3120501987947,,,2017-12-28 01:30:00,736.0608564323965
827,2017-12-28 00:55:00,731.3120501987947,,,2017-12-28 01:30:00,736.0608564323965
828,2017-12-28 03:10:00,695.2411473038665,,,2017-12-28 03:45:00,696.2196847448212
829,2017-12-28 03:10:00,695.2411473038665,,,2017-12-28 03:45:00,696.2196847448212
830,2017-12-28 05:35:00,690.9433604965329,,,2017-12-28 06:30:00,688.7325099832865
831,2017-12-28 05:35:00,690.9433604965329,,,2017-12-28 06:30:00,688.7325099832865
832,2017-12-28 08:30:00,684.7190099999999,,,2017-12-28 09:20:00,692.591766829539
833,2017-12-28 08:30:00,684.7190099999999,,,2017-12-28 09:20:00,692.591766829539
834,2017-12-28 11:15:00,666.85086,,,2017-12-28 11:45:00,668.3601418941265
835,2017-12-28 11:15:00,666.85086,,,2017-12-28 11:45:00,668.3601418941265
836,2017-12-28 14:25:00,695.2323586056168,,,2017-12-28 15:00:00,708.421428
837,2017-12-28 14:25:00,695.2323586056168,,,2017-12-28 15:00:00,708.421428
838,2017-12-28 16:20:00,707.1458254685158,,,2017-12-28 18:00:00,699.2737664034765
839,2017-12-28 16:20:00,707.1458254685158,,,2017-12-28 18:00:00,699.2737664034765
840,2017-12-28 19:05:00,683.3249624735291,,,2017-12-28 19:45:00,684.2590257854989
841,2017-12-28 19:05:00,683.3249624735291,,,2017-12-28 19:45:00,684.2590257854989
842,2017-12-28 21:25:00,691.4218568979851,,,2017-12-28 22:20:00,701.5530290393929
843,2017-12-28 21:25:00,691.4218568979851,,,2017-12-28 22:20:00,701.5530290393929
844,2017-12-28 23:30:00,703.1552000489412,,,2017-12-29 00:15:00,713.7441580494989
845,2017-12-28 23:30:00,703.1552000489412,,,2017-12-29 00:15:00,713.7441580494989
846,2017-12-29 01:35:00,713.2967188473729,,,2017-12-29 02:10:00,725.0932174999999
847,2017-12-29 01:35:00,713.2967188473729,,,2017-12-29 02:10:00,725.0932174999999
848,2017-12-29 03:50:00,736.4334689569308,,,2017-12-29 06:05:00,740.1400761132834
849,2017-12-29 03:50:00,736.4334689569308,,,2017-12-29 06:05:00,740.1400761132834
850,2017-12-29 07:40:00,733.18351215924,,,2017-12-29 08:20:00,733.2006200000001
851,2017-12-29 07:40:00,733.18351215924,,,2017-12-29 08:20:00,733.2006200000001
852,2017-12-29 09:45:00,719.6467893461257,,,2017-12-29 11:20:00,715.2017849112651
853,2017-12-29 09:45:00,719.6467893461257,,,2017-12-29 11:20:00,715.2017849112651
854,2017-12-29 15:10:00,735.3823959094015,,,2017-12-29 16:10:00,748.3136294871424
855,2017-12-29 15:10:00,735.3823959094015,,,2017-12-29 16:10:00,748.3136294871424
856,2017-12-29 17:20:00,745.0640463070504,,,2017-12-29 18:45:00,734.9246880183096
857,2017-12-29 17:20:00,745.0640463070504,,,2017-12-29 18:45:00,734.9246880183096
858,2017-12-29 21:05:00,732.1339555271239,,,2017-12-29 22:10:00,723.6748379871
859,2017-12-29 21:05:00,732.1339555271239,,,2017-12-29 22:10:00,723.6748379871
860,2017-12-30 00:40:00,720.8640243,,,2017-12-30 01:20:00,723.4145050000001
861,2017-12-30 00:40:00,720.8640243,,,2017-12-30 01:20:00,723.4145050000001
862,2017-12-30 07:10:00,686.2683114088248,,,2017-12-30 07:50:00,697.4156395527891
863,2017-12-30 07:10:00,686.2683114088248,,,2017-12-30 07:50:00,697.4156395527891
864,2017-12-30 08:35:00,699.1290451799822,,,2017-12-30 09:50:00,698.6760382223795
865,2017-12-30 08:35:00,699.1290451799822,,,2017-12-30 09:50:00,698.6760382223795
866,2017-12-30 10:40:00,689.0,,,2017-12-30 11:20:00,691.743228994864
867,2017-12-30 10:40:00,689.0,,,2017-12-30 11:20:00,691.743228994864
868,2017-12-30 12:50:00,674.2549982425496,,,2017-12-30 13:45:00,667.6019268256254
869,2017-12-30 12:50:00,674.2549982425496,,,2017-12-30 13:45:00,667.6019268256254
870,2017-12-30 16:30:00,660.46022,,,2017-12-30 17:15:00,670.14363888
871,2017-12-30 16:30:00,660.46022,,,2017-12-30 17:15:00,670.14363888
872,2017-12-30 18:45:00,680.4636092232192,,,2017-12-30 19:20:00,689.9136000075459
873,2017-12-30 18:45:00,680.4636092232192,,,2017-12-30 19:20:00,689.9136000075459
874,2017-12-30 20:55:00,693.6964859994555,,,2017-12-30 21:30:00,697.7867152134706
875,2017-12-30 20:55:00,693.6964859994555,,,2017-12-30 21:30:00,697.7867152134706
876,2017-12-30 23:10:00,692.3446297454562,,,2017-12-31 00:35:00,694.6426240047114
877,2017-12-30 23:10:00,692.3446297454562,,,2017-12-31 00:35:00,694.6426240047114
878,2017-12-31 02:10:00,697.1892135272822,,,2017-12-31 04:45:00,695.3100000000001
879,2017-12-31 02:10:00,697.1892135272822,,,2017-12-31 04:45:00,695.3100000000001
880,2017-12-31 06:25:00,694.6975954508176,,,2017-12-31 07:20:00,692.0684699999999
881,2017-12-31 06:25:00,694.6975954508176,,,2017-12-31 07:20:00,692.0684699999999
882,2017-12-31 09:10:00,687.2682603126154,,,2017-12-31 09:55:00,687.1867397470266
883,2017-12-31 09:10:00,687.2682603126154,,,2017-12-31 09:55:00,687.1867397470266
884,2017-12-31 12:10:00,704.521210249663,,,2017-12-31 12:40:00,720.9868349252662
885,2017-12-31 12:10:00,704.521210249663,,,2017-12-31 12:40:00,720.9868349252662
886,2017-12-31 13:40:00,713.0221862405459,,,2017-12-31 14:40:00,724.5999156399653
887,2017-12-31 13:40:00,713.0221862405459,,,2017-12-31 14:40:00,724.5999156399653
888,2017-12-31 15:45:00,723.414664,,,2017-12-31 16:10:00,733.8295829498245
889,2017-12-31 15:45:00,723.414664,,,2017-12-31 16:10:00,733.8295829498245
890,2017-12-31 17:20:00,739.454453925617,,,2017-12-31 19:15:00,736.1402165934041
891,2017-12-31 17:20:00,739.454453925617,,,2017-12-31 19:15:00,736.1402165934041
892,2017-12-31 21:30:00,737.1639468929285,,,2017-12-31 23:30:00,739.48
893,2017-12-31 21:30:00,737.1639468929285,,,2017-12-31 23:30:00,739.48
894,2018-01-01 00:45:00,730.6263510080289,,,2018-01-01 01:25:00,731.273224
895,2018-01-01 00:45:00,730.6263510080289,,,2018-01-01 01:25:00,731.273224
896,2018-01-01 02:25:00,720.8646351061844,,,2018-01-01 03:10:00,723.1194540694198
897,2018-01-01 02:25:00,720.8646351061844,,,2018-01-01 03:10:00,723.1194540694198
898,2018-01-01 06:20:00,749.227295534822,,,2018-01-01 06:45:00,756.9640684307678
899,2018-01-01 06:20:00,749.227295534822,,,2018-01-01 06:45:00,756.9640684307678
900,2018-01-01 08:05:00,754.4745350994448,,,2018-01-01 09:25:00,745.8107957980758
901,2018-01-01 08:05:00,754.4745350994448,,,2018-01-01 09:25:00,745.8107957980758
902,2018-01-01 11:45:00,736.76295417,,,2018-01-01 12:15:00,740.778106689362
903,2018-01-01 11:45:00,736.76295417,,,2018-01-01 12:15:00,740.778106689362
904,2018-01-01 14:25:00,729.32596656324,,,2018-01-01 14:55:00,737.4991749993255
905,2018-01-01 14:25:00,729.32596656324,,,2018-01-01 14:55:00,737.4991749993255
906,2018-01-01 16:35:00,735.9309099852813,,,2018-01-01 17:25:00,743.3805535
907,2018-01-01 16:35:00,735.9309099852813,,,2018-01-01 17:25:00,743.3805535
908,2018-01-01 22:10:00,759.1225758289419,,,2018-01-02 00:00:00,758.7427435997852
909,2018-01-01 22:10:00,759.1225758289419,,,2018-01-02 00:00:00,758.7427435997852
910,2018-01-02 03:25:00,840.5862386393134,,,2018-01-02 04:55:00,828.5628807347913
911,2018-01-02 03:25:00,840.5862386393134,,,2018-01-02 04:55:00,828.5628807347913
912,2018-01-02 07:30:00,841.6001175107978,,,2018-01-02 10:00:00,840.76012701938
913,2018-01-02 07:30:00,841.6001175107978,,,2018-01-02 10:00:00,840.76012701938
914,2018-01-02 11:55:00,847.6357929192152,,,2018-01-02 13:25:00,850.2564517334453
915,2018-01-02 11:55:00,847.6357929192152,,,2018-01-02 13:25:00,850.2564517334453
916,2018-01-02 15:00:00,867.8910252605494,,,2018-01-02 16:25:00,872.5862220740427
917,2018-01-02 15:00:00,867.8910252605494,,,2018-01-02 16:25:00,872.5862220740427
918,2018-01-02 17:30:00,869.2980140037744,,,2018-01-02 18:10:00,875.5104487773565
919,2018-01-02 17:30:00,869.2980140037744,,,2018-01-02 18:10:00,875.5104487773565
920,2018-01-02 19:25:00,835.42744498345,,,2018-01-02 19:55:00,851.2008203520537
921,2018-01-02 19:25:00,835.42744498345,,,2018-01-02 19:55:00,851.2008203520537
922,2018-01-02 22:40:00,852.3329669642435,,,2018-01-02 23:20:00,862.632894618375
923,2018-01-02 22:40:00,852.3329669642435,,,2018-01-02 23:20:00,862.632894618375
924,2018-01-03 02:10:00,862.9498385421464,,,2018-01-03 03:05:00,864.9753839674177
925,2018-01-03 02:10:00,862.9498385421464,,,2018-01-03 03:05:00,864.9753839674177
926,2018-01-03 06:40:00,881.185923790449,,,2018-01-03 10:45:00,854.3295009726195
927,2018-01-03 06:40:00,881.185923790449,,,2018-01-03 10:45:00,854.3295009726195
928,2018-01-03 12:30:00,866.7363457022836,,,2018-01-03 13:35:00,868.4252795595382
929,2018-01-03 12:30:00,866.7363457022836,,,2018-01-03 13:35:00,868.4252795595382
930,2018-01-03 15:00:00,869.5494912107209,,,2018-01-03 15:50:00,880.4249999883001
931,2018-01-03 15:00:00,869.5494912107209,,,2018-01-03 15:50:00,880.4249999883001
932,2018-01-03 17:00:00,872.1952261443145,,,2018-01-03 17:40:00,881.0731999941339
933,2018-01-03 17:00:00,872.1952261443145,,,2018-01-03 17:40:00,881.0731999941339
